Id,Sales
1,5516.853951488876
2,7142.27123394177
3,9083.01162939765
4,6598.707707047799
5,7330.787781023161
6,6302.773926495859
7,7843.650955448805
8,7918.528747424103
9,6043.482897574019
10,6136.722676101793
11,7260.613102581491
12,7813.906910150973
13,7067.428463278975
14,7365.188237252658
15,7351.084556118701
16,5838.242370547859
17,6859.023942262663
18,9544.89835283245
19,9618.710614107333
20,10062.351168404315
21,7850.921018135734
22,5499.486822802794
23,7407.72397383187
24,5791.5657342869345
25,8399.83400051545
26,8641.912494650602
27,8497.762669318043
28,6838.457424462322
29,5860.951914378613
30,6182.650188715677
31,6499.484291198511
32,10789.1862340391
33,6927.649132107699
34,5889.848148576707
35,5999.157841784235
36,7470.589173450121
37,5886.306997792081
38,7555.247983339389
39,6023.185781652913
40,7277.398801705044
41,7239.745611004119
42,5987.786905528851
43,8114.157870776171
44,6836.3452939432955
45,5921.8186305402105
46,6418.958965834171
47,7298.872530659307
48,10728.083351476906
49,7042.573442395774
50,8565.375089468713
51,7278.0352153107
52,8186.507252107069
53,7784.380492670499
54,8921.259977895581
55,5776.593655136662
56,6425.477883358323
57,7797.7112551919045
58,6277.801235528966
59,8720.27605018196
60,7796.411269673389
61,6200.51505028351
62,7152.598490114684
63,7203.072401203951
64,9568.699293977237
65,5866.32292932101
66,11381.231018188782
67,5520.2248393443615
68,6866.099874045934
69,8170.830056813101
70,6392.788285268175
71,6665.886314164658
72,7201.610377919028
73,7611.939494556712
74,5476.761058012158
75,5947.077242154616
76,7707.059970641568
77,7046.563945027697
78,7371.82485970505
79,5558.606191923115
80,6707.830376931977
81,8098.3772769081015
82,7285.1396879832955
83,6072.554410664695
84,8223.585516691663
85,6597.758995253574
86,7550.876980499788
87,7609.927973992579
88,6552.776099768941
89,7639.967190404865
90,7358.55555382432
91,6808.123644566279
92,7145.836752518396
93,6841.312853059106
94,6528.515725926214
95,6044.830777366608
96,6505.085161855136
97,7091.335118004552
98,5809.207244831409
99,5222.35724044307
100,6433.796561196318
101,6121.216457413067
102,6567.15823273806
103,8146.6153390761
104,6991.048314712127
105,7069.967029529826
106,6169.661062179695
107,6166.744112926873
108,6561.65152391119
109,8289.445034821658
110,8024.613879690092
111,8237.572411412864
112,7917.733897693162
113,6402.944746110389
114,8396.42253629845
115,7190.823437672326
116,7436.989832653085
117,8435.722574862988
118,6713.307352189603
119,8149.7204063527315
120,8241.285798208994
121,7386.02695676858
122,6876.50865533706
123,7478.177059371494
124,7518.445708872311
125,6423.782141421445
126,6055.175298450836
127,6308.873336951006
128,7253.827719404639
129,6959.715944095855
130,5493.798325397718
131,7442.222156731055
132,7317.143874131235
133,6424.705301005357
134,7208.6406270317475
135,6530.15000113663
136,8066.350717820225
137,7156.481953461067
138,6691.855420085546
139,6378.162820460455
140,7069.799228340057
141,7856.884563034741
142,5340.721540210356
143,7126.891115151684
144,5881.927974577577
145,8191.296935417047
146,7128.973074366563
147,6855.275551456
148,8807.647952270809
149,6860.23440557932
150,5939.8061247864825
151,11232.435040119804
152,7291.609524244367
153,6919.379729714783
154,7051.3255550559015
155,6006.874471875828
156,7590.505253966574
157,6023.5738824070895
158,6829.573336480905
159,7742.8505280692325
160,6018.211026663102
161,5129.77015200983
162,6859.267603044793
163,7929.456930611466
164,8370.377392957627
165,6744.516637706066
166,6849.216762311837
167,6621.899150238184
168,6597.057950301385
169,5241.0174251019735
170,6294.8007514459805
171,6766.38562765606
172,6225.578139594071
173,7358.939668786253
174,6890.649884992386
175,7854.621277197391
176,8883.927685068726
177,7716.015082574356
178,6854.737093703208
179,7926.301383199706
180,8415.876063788708
181,7029.092548316853
182,8200.237002891608
183,7200.712812615636
184,7504.933762492923
185,5902.553033084966
186,6644.139256212682
187,5913.694450569175
188,8244.342525851303
189,7188.408787824287
190,9018.226974964127
191,7759.9620172940395
192,6355.465611607904
193,6976.5014258532065
194,14897.175808307398
195,10860.787917074049
196,7381.202589970148
197,4687.460843273981
198,7216.343439395141
199,9515.204689914246
200,5952.11823296858
201,11642.237768365037
202,14295.364772077217
203,5831.05339274785
204,6290.837761418005
205,7401.364383317468
206,6348.226341769742
207,9622.787474141143
208,6955.506830355239
209,7790.706976945792
210,4796.941577396905
211,7191.076147576437
212,8157.585229686901
213,7586.299745903482
214,7651.090749918892
215,6539.876292905463
216,7411.478440768879
217,7273.512299309892
218,6371.8017644110805
219,6822.82543113515
220,7646.212478473626
221,6592.565038373822
222,6325.146082683501
223,7606.294217909789
224,6725.471333744001
225,5882.076932481796
226,7225.753526982296
227,6683.353616051831
228,7732.037425509958
229,6460.705156059681
230,7605.963945841988
231,6270.683891332055
232,5690.577465456116
233,7016.241931319878
234,7547.053549615557
235,5962.604669025945
236,6629.240078951573
237,7515.998483297681
238,7313.731968695213
239,7898.92440956675
240,7421.3262606021935
241,7380.007619779296
242,5716.814459568073
243,5937.01900462641
244,8803.291564385268
245,6232.306120732505
246,7414.373455356491
247,13163.413528403791
248,6847.908008637469
249,8137.367559081148
250,5319.950684040637
251,6002.03745966703
252,6650.88762673292
253,5921.6681734982585
254,6711.038068400338
255,8678.832812319672
256,5912.362756423327
257,15247.796222790785
258,12329.052092093565
259,6002.361533109246
260,8422.714499642114
261,5843.290226077667
262,7698.8980257137855
263,7725.961338958716
264,10606.061628993413
265,7771.910210141681
266,8952.680827376113
267,6555.079453432938
268,7698.8980257137855
269,5616.194339561574
270,8315.387417569455
271,6876.3877795400485
272,6467.322356370418
273,6671.4946725248155
274,6354.588166044778
275,8146.483410721362
276,8750.140261730841
277,6119.620117271443
278,8415.017662103008
279,7630.3561084727135
280,8834.977486657554
281,5879.092223024546
282,6307.1552177449
283,7574.895678876446
284,8986.73854969547
285,7350.124513530138
286,7537.081629762183
287,7501.708659829743
288,8226.792531865978
289,5859.786424821725
290,8687.26165738
291,7659.540751801437
292,5992.675258867276
293,13159.726112065842
294,14247.811573861793
295,7639.3317362391235
296,7194.869965837048
297,9098.075338216526
298,8880.174983571675
299,9585.873429067136
300,6226.445052640723
301,7062.2240500202415
302,7710.48732627484
303,7897.572322461616
304,5395.0939427808935
305,6511.870036254582
306,5709.573178856204
307,6509.522385957856
308,7792.569272176014
309,5509.111553878869
310,6057.796157306267
311,6534.36009473827
312,6010.8429344077995
313,5949.204458350314
314,5775.945159748212
315,6879.797378057449
316,8345.01714503084
317,8030.0416577282695
318,8433.350214676457
319,6273.885424842555
320,7504.896424356672
321,9675.324305365064
322,7737.3698322933005
323,6106.09478103435
324,6499.156557846455
325,8085.13852107075
326,6917.877577534804
327,7570.331765563091
328,6292.510106314104
329,6695.124837733588
330,8792.807154101693
331,6517.753586744144
332,6035.929085491827
333,7994.831011612359
334,8645.82147163164
335,9914.48580785745
336,6247.547188958407
337,8776.785436050193
338,5913.3191338189945
339,6414.656242702688
340,6537.099832450118
341,5929.77972013486
342,7734.995814653247
343,6165.998881959213
344,6846.121650065673
345,7893.7650752753425
346,12037.79327567353
347,8205.830374605875
348,6670.15066400039
349,7099.892380814843
350,7847.590814552734
351,7734.906291283322
352,8764.548445337945
353,6154.431957286337
354,6962.399571559865
355,7772.327316652831
356,5881.878799885865
357,7223.6069527732325
358,7946.776805150166
359,7586.680307193948
360,11626.531149886192
361,7656.944618562538
362,12236.298500563953
363,7007.952799386888
364,7982.568518534204
365,5433.544892037804
366,7973.378772466368
367,6861.708277618771
368,6278.47850847509
369,7764.218939481489
370,6391.381591330267
371,5840.770698241055
372,6775.913073732616
373,7395.695866125559
374,7488.687590468633
375,6422.224133848559
376,6841.382667327589
377,7387.328318999937
378,7028.114927306834
379,8143.872846813492
380,7024.720017087169
381,5903.617412864648
382,5938.009722311211
383,6949.455184444439
384,10170.870915947264
385,7634.028941392552
386,6238.016557965267
387,7200.503534169861
388,8263.808449095173
389,7628.876110385827
390,7019.6678119123835
391,7803.553851465536
392,6757.353329583074
393,6275.362166597076
394,7014.4737029460575
395,7365.557366836792
396,7072.651652565031
397,7132.61583445976
398,6537.820772530064
399,6762.987498988783
400,5955.813431918513
401,5555.168954610248
402,7847.715314770199
403,8117.287313807077
404,8402.53988040525
405,11111.510456635348
406,7825.9275306324125
407,6861.489927508011
408,7558.857844967575
409,9434.22475586306
410,8088.971825649283
411,7163.8767630557295
412,7604.091481725977
413,6953.617886760154
414,6330.239293191894
415,6533.197234239954
416,9634.04551737045
417,6712.871455331952
418,7934.004537139142
419,6546.068583634969
420,4749.107262255681
421,11434.689070577218
422,6740.199173327246
423,6524.760428790729
424,6418.028435154958
425,6133.579643398188
426,7442.86027285237
427,7402.9548678424235
428,6543.747475282396
429,6852.861805764306
430,5408.21586981796
431,5624.523682884533
432,5894.606458174868
433,8114.795496423065
434,15196.211598940543
435,5799.266675883631
436,5944.153856628105
437,7995.105008908484
438,5834.842320850441
439,6286.026913984544
440,5908.8788939620235
441,6159.181499187289
442,7484.39566444466
443,8145.683407348808
444,5293.860419208455
445,7216.512638843921
446,6065.946784919245
447,5972.087227161707
448,7503.523373241298
449,8116.408675347031
450,9751.905454052805
451,7008.462969733288
452,7131.653955156387
453,5929.220170850173
454,7161.567512543596
455,11704.725454541896
456,8678.237877095342
457,7571.484566644002
458,6054.885644673612
459,6445.672128831865
460,6015.563847947523
461,6462.235598643415
462,9377.132290054193
463,6749.482964373364
464,7001.225083792138
465,7798.272739444415
466,6124.355474269054
467,6241.417417676442
468,6749.573864056425
469,7746.7614498145895
470,7127.31806029976
471,6139.95715190562
472,6594.351221001032
473,7709.922476139727
474,8004.81743076997
475,7983.673901096362
476,7694.6724144769405
477,6321.97262860738
478,7500.361951245352
479,6222.241434537643
481,7189.166834948921
482,7972.118610231504
483,6830.842711982466
484,7899.715796962204
485,7323.972919489022
486,7172.983572650279
487,5970.629439585939
488,6684.136831296086
489,6724.334644665932
490,6650.586415372672
491,8338.65771710539
492,7002.086680957199
493,6329.526991187973
494,9476.111320731647
495,6398.947966085311
496,5535.2340874053825
497,7918.774526369733
498,7942.204474001418
499,11096.768135436123
500,6163.21115851937
501,7213.093803461687
502,6358.026266334973
503,7770.420916350336
504,6585.7000195176
505,8041.47126357692
506,5004.690836214049
507,6912.75589954157
508,7564.514259595759
509,6855.073600821012
510,5776.598778511243
511,7696.796968247179
512,7604.637607785576
513,6687.003789405309
514,8520.188340726709
515,7105.973337298734
516,8458.077595665867
517,5363.412428402405
518,7068.016320941937
519,6805.5452250974195
520,7414.928519351834
521,8197.313255104296
522,5360.804507882203
523,7684.165050124707
524,7236.755006255895
525,7172.248697688124
526,5879.51600100226
527,5229.415256795294
528,6665.087646216039
529,7057.970349747246
530,8112.95390573259
531,7224.751275548184
532,6839.683639209953
533,8358.75694786686
534,7498.017932520645
535,6977.763931243826
536,8195.861471477827
537,6235.0603936332645
538,8280.439347721223
539,9811.294724879415
540,7544.328226245598
541,5779.857643562248
542,6330.125817802859
543,5803.9000596760325
545,8031.44334831451
546,6769.897032849612
547,8214.508791997469
548,6142.331073018508
549,7491.234863760893
550,7252.592975924215
551,9880.594248344254
552,5508.51501657681
553,6108.1663274203265
554,7088.34184964865
555,8233.063708126825
556,7246.124048727004
557,7474.6459072243615
558,7486.042637012301
559,9393.324994265195
560,6859.188645287247
561,7565.57863798856
562,7267.391735091884
563,7084.121901333377
564,6144.4261767817725
565,8599.00931665854
566,8927.416243699001
567,6609.229088558741
568,12889.04045767706
569,7225.546565297047
570,6504.904349341861
571,6767.877268911235
572,8152.542918772957
573,7703.617078234456
574,7515.0670103721395
575,7650.450806397006
576,7609.1702671450685
577,6872.627712912942
578,6731.833536313235
579,6026.414058474276
580,6278.894186208725
581,6483.868807726388
582,6474.11979205582
583,5666.0959110024105
584,8874.864639472918
585,15682.359704584727
586,7407.322377873603
587,6691.9633287271245
588,7582.199827143797
589,4778.532521119956
590,6585.308171338876
591,4304.18608588538
592,8952.05282033945
593,7300.371771806719
594,7501.714755679635
595,10966.951138953693
596,10376.79936707103
597,7481.126509558863
598,7491.034968886391
599,5847.050123599384
600,7351.309885341311
601,6927.181966229775
602,8306.673584222417
603,5857.743223027241
604,4937.7688168429995
605,6449.355769923245
606,6329.186317905617
607,6804.854702271208
608,6369.7260366373075
609,6375.240626477419
610,7605.426042018746
611,8096.960301827405
612,7392.1276362325125
613,6390.672931176987
614,5965.648403443033
615,7763.6376434811
616,5340.955985753887
617,8384.955474207969
618,6464.354247820224
619,5699.553595098243
620,8029.93483917985
621,6620.032909519858
622,5653.98720158945
623,7119.207060113209
624,6718.728577277388
625,8957.52818158088
626,8659.74724896581
627,7000.594732506656
628,6203.93878581422
629,6375.594454388381
630,8077.937014587983
631,7130.356556166354
632,6228.435320296446
633,7020.419711267486
634,9635.873103736109
635,8432.664485143252
636,7235.484471521359
637,8049.88029381837
638,6380.057627861711
639,8143.583657294954
640,6994.002604410877
641,9530.275702707984
642,7122.4177366814465
643,6380.909101077275
644,5725.72877012371
645,4935.962841240098
646,7442.892646624656
647,14490.825454094696
648,5406.228216202142
649,5802.980548928754
650,8936.270746870232
651,7560.22511944691
652,8193.574446730245
653,7660.895547159747
654,5992.341114447282
655,6271.464787005258
656,6201.2303051500085
657,7671.136837454136
658,6539.893570617768
659,6957.838916647463
660,7112.813115195042
661,5472.556272083697
662,7728.202739193945
663,7203.57453714723
664,4695.471713727204
665,7635.624510022949
666,8260.190234379776
667,5482.68210476552
668,7537.625794094216
669,6122.84263211056
670,5803.523393774332
671,8158.054261947246
672,7470.15110500866
673,7920.330676883801
674,6732.112481538093
675,5688.281207692147
676,6721.75633105675
678,7627.391900937296
679,5912.219737146686
680,6375.899879607548
681,6636.188868650693
682,7468.28483564272
683,6315.362373400058
684,7276.348477520207
685,7236.720763478491
686,7324.400127155381
687,6740.366970435695
688,7341.281053621642
689,7018.057865188013
690,8004.837106048098
691,7872.190145140393
692,8807.100337152999
693,5473.682517731692
694,7220.643236984181
695,7842.569702102959
696,4991.997671160344
697,8659.3788450432
698,7015.512423423303
699,8476.251386635417
700,9625.616869449186
701,9272.96687882892
702,5938.678259786611
703,9000.635503366395
704,8804.11984785237
705,8026.208793555669
706,7832.802301329548
707,7639.260792662154
708,7095.096953236862
709,6524.036681017962
710,6944.760449952269
711,6686.232941866284
712,6773.841394147574
713,7308.130703860944
714,6252.515102988598
715,6128.667963343803
716,7464.134929964649
717,7067.47663666836
718,7430.302060351215
719,7383.864283931884
720,7338.630261360766
721,6185.858919922733
722,7884.616593467903
723,7345.895290421763
724,6510.51704260682
725,6837.554126184163
726,7285.8118819426745
727,6878.002489361701
728,6661.495134479357
729,5356.36804969861
730,7247.98332702505
731,7441.584975852139
732,8028.898941460723
733,7135.9325406560365
734,5123.218729535389
735,6758.445140088655
736,7546.931150444243
737,6627.66432707702
738,7559.010228585342
739,7312.4267602763975
740,7045.3146637544205
741,5904.88590281273
742,5162.129574408455
743,7020.27976687947
744,7572.5748681888745
745,6718.853832272706
746,8622.837554333952
747,8467.715218465328
748,6688.2627327892515
749,7568.112051104382
750,5233.2329650485835
751,4462.939199330703
752,6904.744172586622
753,11114.627755350655
754,7414.185349220066
755,7175.625093072752
756,5798.9034645731845
757,7080.104389459532
758,9146.972822363417
759,5842.315237762428
760,7528.146920185838
761,6034.996895784281
762,4766.149399694803
763,6313.469549063355
764,6712.202621051508
765,6821.394686254479
766,5800.464647797316
767,7158.188910131595
768,5309.3171429253425
769,7708.485547670218
770,7049.556122030512
771,6881.29219068806
772,6989.203788557623
773,7528.578274108607
774,6326.414140937372
775,6845.353440709276
776,7631.459675292639
777,7281.908666008722
778,7217.407457842419
779,4265.019832334702
780,10403.67843715071
781,6734.22972357581
782,6709.863626101615
783,7593.770378679922
784,8990.795086941815
785,7573.16321051817
786,7054.352764953384
787,7011.600326017637
788,9292.462667253732
789,12750.920640664175
790,6490.270129324246
791,7069.0286381974975
792,6314.682495420475
793,8231.885743555124
794,7059.754832959861
795,8382.996194726273
796,8411.060339598467
797,6081.667698283249
798,5623.70840035255
799,6694.357827326725
800,8057.472761640736
801,6455.567999045097
802,6543.7221244092125
803,6118.128750422113
804,7161.710335981928
805,7609.448887145454
806,6739.0787812972285
807,9135.080343571122
808,6525.76143550048
809,6417.156327462423
810,7466.837726764717
811,8157.525494866764
812,7944.205637858166
813,6714.292222019716
814,7693.682436930731
815,7172.027418284636
816,7532.867200264345
817,8705.066051782534
818,6186.667511440767
819,7899.532976090787
820,7184.256254806115
821,5536.911332941267
822,8283.439544690116
823,6845.688546593028
824,7587.406259824615
825,7154.402328678977
826,5476.928460889868
827,5355.623287969659
828,7228.689045544369
829,9139.878044055004
830,8808.453853182216
831,5657.657505132176
832,7305.07314030853
833,7398.995271089057
834,6962.729455341402
835,5858.686896179228
836,9062.390104586068
837,8182.002906464026
838,11021.26242084205
839,5319.634488053813
840,6716.416676670449
842,8424.342440642598
843,6216.967953549806
844,9386.506361646134
845,6776.535038748898
846,5648.864519805613
847,6065.195139176226
848,5535.902366973685
849,5856.720237016243
850,6590.753210196787
851,5718.862232072501
852,5288.7403944979815
853,9823.557593041589
854,7387.9536442222625
855,20182.369902051632
856,6764.559853991178
857,5536.959161578939
858,7162.376444031833
859,9156.08747991621
860,6618.812917137861
861,7357.498669893472
862,6322.8791365859215
863,7870.361844319115
864,7945.239636294414
865,6095.492793796168
866,6156.827886191855
867,7287.323991451802
868,7840.617799021284
869,7094.1393521492855
870,7385.29344734272
871,7409.700131121098
872,5858.347580637921
873,6879.129152352725
874,9571.609241702761
875,9638.815824197396
876,10082.456378494378
877,7877.6319070060445
878,5519.592032892856
879,7434.434862702181
880,5843.575630509084
881,8426.544889385761
882,8668.623383520911
883,8524.473558188352
884,6858.562634552384
885,5881.057124468676
886,6234.6600849378265
887,6526.195180068822
888,10815.897122909411
889,6947.754342197762
890,5909.95335866677
891,6019.263051874297
892,7497.300062320431
893,5906.412207882144
894,7581.9588722097005
895,6043.290991742975
896,7304.109690575355
897,7266.45649987443
898,6060.8627560474115
899,8140.868759646483
900,6863.056182813606
901,5948.529519410521
902,6439.0641759242335
903,7325.5834195296175
904,10801.159201995466
905,7062.678652485836
906,8592.085978339024
907,7304.74610418101
908,8213.218140977378
909,7811.091381540809
910,8941.365187985644
911,5796.698865226725
912,6452.188772228634
913,7817.816465281968
914,6350.877086047526
915,8793.35190070052
916,7823.1221585437
917,6220.620260373573
918,7172.703700204746
919,7223.177611294013
920,9588.8045040673
921,5886.428139411072
922,11407.941907059094
923,5540.330049434423
924,6886.205084135996
925,8190.935266903167
926,6412.8934953582375
927,6717.896210386807
928,7221.71558800909
929,7638.6503834270225
930,5503.471946882469
931,5973.788131024927
932,7727.16518073163
933,7073.274833898007
934,7391.930069795112
935,5585.317080793427
936,6727.93558702204
937,8125.088165778412
938,7311.850576853606
939,6145.630261183255
940,8250.296405561974
941,6617.864205343636
942,7623.952831018349
943,7636.638862862889
944,6572.881309859003
945,7666.678079275175
946,7385.266442694631
947,6828.228854656341
948,7218.912603036956
949,6861.418063149168
950,6548.620936016277
951,6064.935987456671
952,6531.7960507254475
953,7111.440328094614
954,5829.312454921472
955,5242.462450533132
956,6460.507450066629
957,6141.32166750313
958,6593.869121608371
959,8166.7205491661625
960,7011.153524802189
961,7096.677918400137
962,6196.371951050006
963,6186.849323016935
964,6581.756734001253
965,8316.155923691967
966,8076.623775912241
967,8258.989959442013
968,7944.444786563473
969,6423.049956200452
970,8469.498386817011
971,7210.928647762388
972,7457.095042743147
973,8462.433463733296
974,6733.4125622796655
975,8176.431295223041
976,8267.996687079305
977,7406.132166858642
978,6903.219544207371
979,7504.887948241804
980,7545.156597742622
981,6443.887351511507
982,6075.280508540899
983,6335.584225821318
984,7273.932929494701
985,6979.821154185917
986,5513.903535487781
987,7462.327366821118
988,7337.249084221297
989,6444.810511095419
990,7228.74583712181
991,6550.255211226693
992,8093.061606690535
993,7176.587163551129
994,6711.9606301756085
995,6404.873709330766
996,7089.90443843012
997,7883.595451905052
998,5360.826750300418
999,7153.602004021995
1000,5902.033184667639
1001,8211.402145507114
1002,7149.0782844566265
1003,6875.380761546063
1004,8834.35884114112
1005,6880.3396156693825
1006,5966.517013656793
1007,11259.145928990116
1008,7311.7147343344295
1009,6946.090618585094
1010,7071.430765145964
1011,6026.97968196589
1012,7617.2161428368845
1013,6043.679092497152
1014,6856.284225351215
1015,7762.955738159295
1016,6044.921915533411
1017,5149.875362099893
1018,6885.978491915103
1019,7956.167819481777
1020,8390.482603047692
1021,6796.526533928215
1022,6901.226658533986
1023,6642.004360328247
1024,6623.768839171696
1025,5261.122635192035
1026,6314.905961536043
1027,6793.096516526371
1028,6252.289028464381
1029,7379.044878876315
1030,6910.755095082449
1031,7881.332166067701
1032,8910.638573939037
1033,7742.725971444666
1034,6881.447982573519
1035,7946.406593289768
1036,8435.98127387877
1037,7049.197758406915
1038,8252.246899113758
1039,7227.423701485946
1040,7531.644651363234
1041,5922.6582431750285
1042,6664.244466302744
1043,5933.799660659238
1044,8271.053414721613
1045,7208.51399791435
1046,9044.937863834439
1047,7786.67290616435
1048,6382.176500478215
1049,6996.606635943268
1050,14923.88669717771
1051,10933.86376759261
1052,7407.91347884046
1053,4707.566053364043
1054,7243.054328265452
1055,9541.915578784558
1056,5972.223443058642
1057,11668.948657235349
1058,14315.46998216728
1059,5857.764281618161
1060,6310.942971508068
1061,7421.469593407531
1062,6368.331551859806
1063,9649.498363011455
1064,6975.612040445301
1065,7817.417865816103
1066,4823.652466267215
1067,7211.181357666499
1068,8184.296118557211
1069,7613.010634773794
1070,7677.801638789202
1071,6518.938179772174
1072,7438.18932963919
1073,7293.6175093999545
1074,6391.906974501144
1075,6842.930641225213
1076,7666.3176885636885
1077,6612.6702484638845
1078,6345.251292773563
1079,7626.3994279998515
1080,6745.576543834063
1081,5902.182142571859
1082,7277.763423204445
1083,6703.458826141893
1084,7752.14263560002
1085,6533.781006578241
1086,7632.674834712298
1087,6297.394780202366
1088,5717.288354326427
1089,7036.34714140994
1090,7567.15875970562
1091,5989.315557896257
1092,6649.345289041636
1093,7536.103693387743
1094,7333.837178785276
1095,7925.635298437061
1096,7448.037149472504
1097,7400.112829869358
1098,5736.919669658135
1099,6010.09485514497
1100,8823.396774475332
1101,6252.411330822568
1102,7441.0843442268015
1103,13190.124417274103
1104,6874.6188975077785
1105,8164.078447951458
1106,5340.0558941307
1107,6022.142669757092
1108,6670.992836822982
1109,5948.379062368569
1110,6737.748957270648
1111,8705.543701189983
1112,5939.073645293638
1113,15267.901432880848
1114,12349.157302183628
1115,6060.977108111643
1116,8449.425388512425
1117,5870.001114947977
1118,7725.608914584096
1119,7746.066549048778
1120,10632.772517863725
1121,7792.0154202317435
1122,8979.391716246424
1123,6575.184663523
1124,7725.608914584096
1125,5642.905228431885
1126,8335.492627659516
1127,6896.492989630111
1128,6487.427566460479
1129,6698.205561395126
1130,6381.299054915089
1131,8173.194299591672
1132,8776.851150601153
1133,6146.331006141753
1134,8435.12287219307
1135,7657.066997343024
1136,8861.688375527865
1137,5905.803111894857
1138,6359.165113967049
1139,7601.606567746757
1140,9045.354124697868
1141,7376.835402400448
1142,7557.186839852246
1143,7560.32423483214
1144,8253.50342073629
1145,5886.497313692035
1146,8713.972546250312
1147,7686.251640671748
1148,6012.780468957339
1149,13322.59054229732
1150,14274.522462732104
1151,7659.436946329186
1152,7221.580854707359
1153,9118.18054830659
1154,8900.280193661736
1155,9612.584317937448
1156,6246.550262730786
1157,7082.329260110304
1158,7737.19821514515
1159,7917.677532551678
1160,5415.199152870955
1161,6538.580925124894
1162,5736.284067726515
1163,6529.627596047919
1164,7812.674482266077
1165,5535.822442749179
1166,6077.901367396329
1167,6561.07098360858
1168,6030.948144497862
1169,6001.214354572463
1170,5802.6560486185235
1171,6899.902588147512
1172,8371.72803390115
1173,8056.75254659858
1174,8460.061103546768
1175,6300.596313712865
1176,7531.607313226982
1177,9702.035194235375
1178,7764.080721163611
1179,6126.199991124412
1180,6525.867446716766
1181,8111.849409941061
1182,6944.5884664051155
1183,7597.042654433401
1184,6319.220995184413
1185,6715.23004782365
1186,8819.518042972004
1187,6537.858796834206
1188,6062.639974362139
1189,8021.54190048267
1190,8672.532360501951
1191,9934.591017947514
1192,6320.623039476967
1193,8796.890646140253
1194,5933.424343909057
1195,6466.6661389248375
1196,6557.20504254018
1197,5981.789616357009
1198,7755.10102474331
1199,6186.104092049276
1200,6872.832538935983
1201,7920.475964145653
1202,12064.504164543841
1203,8225.935584695939
1204,6690.255874090452
1205,7126.6032696851535
1206,7920.666665071294
1207,7761.617180153633
1208,8791.259334208256
1209,6181.142846156647
1210,6982.504781649927
1211,7792.432526742894
1212,5908.589688756175
1213,7243.712162863295
1214,7973.487694020477
1215,7613.391196064258
1216,11699.607000404752
1217,7683.655507432849
1218,12263.009389434264
1219,7059.962695609037
1220,8009.279407404514
1221,5453.650102127866
1222,7993.4839825564295
1223,6881.813487708833
1224,6337.094083477487
1225,7790.929828351799
1226,6418.0924802005775
1227,5860.875908331118
1228,6802.623962602926
1229,7422.40675499587
1230,7508.7928005586955
1231,6448.93502271887
1232,6861.487877417651
1233,7414.039207870248
1234,7048.2201373968965
1235,8170.583735683803
1236,7044.825227177232
1237,5930.328301734958
1238,5964.720611181522
1239,6976.166073314749
1240,10190.976126037327
1241,7660.739830262863
1242,6258.12176805533
1243,7220.608744259923
1244,8290.519337965483
1245,7655.5869992561375
1246,7039.773022002446
1247,7830.264740335847
1248,6777.458539673136
1249,6302.073055467387
1250,7041.184591816368
1251,7392.268255707103
1252,7099.362541435342
1253,7205.69168497832
1254,6564.531661400374
1255,6789.698387859094
1256,5982.524320788824
1257,5569.980823859149
1258,7874.426203640511
1259,8190.363164325638
1260,8429.25076927556
1261,11184.586307153908
1262,7852.638419502723
1263,6888.200816378321
1264,7585.568733837886
1265,9460.935644733372
1266,8115.682714519594
1267,7215.886659277879
1268,7624.196691816041
1269,6980.3287756304635
1270,6350.344503281956
1271,6553.3024443300155
1272,9654.150727460514
1273,6734.289003361101
1274,7960.715426009452
1275,6566.173793725033
1276,4769.212472345744
1277,11461.39995944753
1278,6766.910062197557
1279,6551.47131766104
1280,6444.739324025269
1281,6160.290532268498
1282,7469.571161722681
1283,7423.060077932486
1284,6563.852685372459
1285,6879.572694634617
1286,5428.321079908023
1287,5644.628892974595
1288,5914.711668264929
1289,8134.900706513126
1290,15222.922487810854
1291,5819.371885973694
1292,5970.864745498417
1293,8021.815897778795
1294,5854.947530940504
1295,6306.1321240746065
1296,5935.589782832335
1297,6179.286709277351
1298,7504.500874534723
1299,8172.394296219116
1300,5313.965629298518
1301,7236.617848933984
1302,6086.051995009308
1303,5998.798116032018
1304,7523.6285833313605
1305,8136.513885437094
1306,9778.616342923116
1307,7028.568179823351
1308,7151.75916524645
1309,5949.325380940236
1310,7188.278401413907
1311,11731.436343412208
1312,8704.948765965653
1313,7598.195455514313
1314,6081.596533543923
1315,6472.383017702176
1316,6042.274736817833
1317,6482.340808733477
1318,9390.0001823055
1319,6769.588174463426
1320,7021.330293882201
1321,7824.983628314725
1322,6144.460684359116
1323,6261.522627766504
1324,6769.679074146487
1325,7766.866659904652
1326,7147.423270389822
1327,6160.062361995682
1328,6614.456431091095
1329,7736.633365010038
1330,8024.9226408600325
1331,8010.3847899666725
1332,7721.383303347251
1333,6373.982524829529
1334,7527.072840115663
1335,6242.346644627705
1337,7209.272045038983
1338,7998.829499101815
1339,6850.947922072529
1340,7926.4266858325145
1341,7350.683808359333
1342,7193.088782740341
1343,5997.340328456249
1344,6704.242041386149
1345,6744.439854755994
1346,6670.691625462734
1347,8365.368605975702
1348,7022.191891047261
1349,6349.632201278036
1350,9502.822209601956
1351,6425.658854955621
1352,5561.944976275693
1353,7938.879736459797
1354,7962.30968409148
1355,11148.778031658272
1356,6183.316368609432
1357,7239.804692331997
1358,6378.1314764250355
1359,7790.526126440398
1360,6644.315594519997
1361,8068.18215244723
1362,5024.796046304112
1363,6939.466788411881
1364,7591.225148466069
1365,6875.178810911075
1366,5796.703988601305
1367,7723.50785711749
1368,7757.656466808935
1369,6713.71467827562
1370,8540.293550816772
1371,7132.684226169044
1372,8484.788484536177
1373,5383.517638492467
1374,7120.026217164086
1375,6832.256113967731
1376,7441.639408222144
1377,8217.418465194358
1378,5380.909717972266
1379,7710.875938995018
1380,7288.764902478044
1381,7192.353907778186
1382,5899.6212110923225
1383,5256.126145665605
1384,6691.798535086349
1385,7078.075559837308
1386,8139.664794602901
1387,7244.856485638246
1388,6859.7888493000155
1389,8385.46783673717
1390,7518.123142610708
1391,6997.869141333888
1392,8222.572360348138
1393,6255.165603723327
1394,8307.150236591535
1395,9831.399934969477
1396,7564.433436335661
1397,5806.568532432558
1398,6350.231027892922
1399,5855.909955898182
1401,8051.548558404572
1402,6790.002242939674
1403,8241.21968086778
1404,6162.43628310857
1405,7511.340073850955
1406,7304.6028721463645
1407,9907.305137214566
1408,5535.22590544712
1409,6128.271537510389
1410,7115.052738518961
1411,8253.168918216888
1412,7304.7396237294015
1413,7501.356796094671
1414,7512.753525882612
1415,9413.430204355258
1416,6885.899534157556
1417,7592.289526858871
1418,7206.225859349654
1419,7104.227111423439
1420,6164.531386871835
1421,8625.720205528849
1422,8947.521453789064
1423,6682.304939077301
1424,12915.751346547371
1425,7245.65177538711
1426,6531.615238212172
1427,6787.982479001296
1428,8179.2538076432675
1429,7730.327967104767
1430,7535.172220462202
1431,7677.161695267317
1432,7635.881156015379
1433,6892.7329230030045
1434,6758.544425183546
1435,6046.519268564339
1436,6298.999396298788
1437,6503.97401781645
1438,6494.225002145882
1439,5686.201121092474
1440,8901.57552834323
1441,15709.070593455039
1442,7434.033266743913
1443,6718.674217597435
1444,7602.30503723386
1445,4805.243409990266
1446,6607.118812593597
1447,4377.26193640394
1448,9025.128670858008
1449,7327.08266067703
1450,7528.425644549946
1451,10993.662027824004
1452,10240.253753966737
1453,7507.837398429175
1454,7511.140178976454
1455,5873.761012469696
1456,7371.415095431374
1457,6953.892855100085
1458,8333.384473092727
1459,5877.848433117303
1460,4964.479705713311
1461,6469.460980013308
1462,6355.897206775928
1463,6824.959912361271
1464,6396.436925507617
1465,6401.95151534773
1466,7632.136930889056
1467,8117.065511917467
1468,7412.232846322576
1469,6410.778141267049
1470,5985.753613533096
1471,7790.3485323514105
1472,5361.0611958439495
1473,8411.666363078279
1474,6484.459457910287
1475,5668.393595924465
1476,8056.645728050161
1477,6640.13811960992
1478,5680.698090459761
1479,7139.312270203272
1480,6770.738473499537
1481,8977.633391670941
1482,8679.852459055874
1483,7027.305621376967
1484,6224.043995904282
1485,6395.699664478443
1486,8098.042224678045
1487,7157.067445036665
1488,6248.540530386508
1489,7047.130600137796
1490,9662.58399260642
1491,8296.118872038958
1492,7262.19536039167
1493,8069.985503908432
1494,6400.162837951773
1495,8170.294546165264
1496,7014.10781450094
1497,9550.380912798048
1498,7174.427632903596
1499,6407.619989947586
1500,5745.8339802137725
1501,4962.673730110409
1502,7462.997856714718
1503,14517.536342965008
1504,5426.333426292204
1505,5823.085759018816
1506,8962.981635740543
1507,7586.936008317221
1508,8220.285335600556
1509,7687.606436030058
1510,6012.446324537345
1511,6292.882335034406
1512,6221.335515240071
1513,7691.242047544199
1514,6591.903466839917
1515,6977.944126737526
1516,7132.918325285104
1517,5492.661482173759
1518,7748.307949284008
1519,7230.28542601754
1520,4722.182602597513
1521,7662.3353988932595
1522,8333.266084898338
1523,5534.692000987669
1524,7564.3366829645265
1525,6142.947842200621
1526,5876.599244292893
1527,8184.765150817557
1528,7496.861993878971
1529,7947.041565754112
1530,6752.217691628155
1531,5708.38641778221
1532,6794.832181575311
1534,7654.102789807606
1535,5932.32494723675
1536,6396.005089697611
1537,6656.294078740755
1538,7494.995724513031
1539,6335.46758349012
1540,7303.059366390517
1541,7256.825973568553
1542,7344.505337245443
1543,6760.472180525758
1544,7367.991942491952
1545,7038.163075278077
1546,8024.94231613816
1547,7898.901034010703
1548,8833.81122602331
1549,5500.393406602002
1550,7240.748447074244
1551,7869.28059097327
1552,5012.102881250406
1553,8686.089733913512
1554,7042.223312293613
1555,8496.35659672548
1556,9645.72207953925
1557,9299.677767699231
1558,5958.783469876674
1559,9059.251078368792
1560,8830.830736722679
1561,8052.91968242598
1562,7852.90751141961
1563,7665.971681532465
1564,7121.807842107172
1565,6544.1418911080245
1566,6964.86566004233
1567,6738.242838088433
1568,6793.946604237637
1569,7328.235913951006
1570,6272.620313078661
1571,6148.773173433866
1572,7490.84581883496
1573,7087.581846758422
1574,7457.012949221525
1575,7410.575172802194
1576,7358.735471450828
1577,6212.569808793043
1578,7904.721803557965
1579,7372.606179292074
1580,6583.59289312538
1581,6857.659336274226
1582,7305.917092032737
1583,6898.107699451763
1584,6681.60034456942
1585,5376.473259788673
1586,7274.694215895361
1587,7468.29586472245
1588,8049.004151550782
1589,7162.643429526347
1590,5143.323939625451
1591,6778.550350178717
1592,7573.6420393145545
1593,6647.7695371670825
1594,7585.721117455652
1595,7339.137649146708
1596,7065.419873844482
1597,5931.59679168304
1598,5182.234784498517
1599,7040.3849769695325
1600,7599.285757059185
1601,6738.959042362769
1602,8642.942764424013
1603,8494.42610733564
1604,6708.367942879313
1605,7594.8229399746915
1606,5259.943853918893
1607,4483.044409420765
1608,6931.4550614569325
1609,11134.732965440719
1610,7440.896238090377
1611,7195.730303162814
1612,5819.008674663247
1613,7100.209599549595
1614,9167.07803245348
1615,5862.420447852492
1616,7554.857809056149
1617,6055.102105874344
1618,4786.254609784865
1619,6333.574759153417
1620,6732.30783114157
1621,6841.499896344541
1622,5820.569857887378
1623,7184.899799001905
1624,5329.422353015404
1625,7735.196436540528
1626,7069.661332120573
1627,6908.003079558371
1628,7009.308998647685
1629,7555.289162978917
1630,6403.743379366281
1631,6865.458650799339
1632,7658.17056416295
1633,7308.619554879033
1634,7244.118346712729
1635,4285.1250424247655
1636,10430.38932602102
1637,6760.94061244612
1638,6736.574514971926
1639,7620.481267550233
1640,9010.900297031878
1641,7599.87409938848
1642,7081.063653823695
1643,7031.705536107699
1644,9307.274536502633
1645,12777.631529534487
1646,6510.375339414308
1647,7089.13384828756
1648,6341.3933842907845
1649,8258.596632425435
1650,7079.860043049924
1651,8409.707083596582
1652,8431.165549688529
1653,6101.772908373311
1654,5643.813610442613
1655,6714.463037416787
1656,8130.548612159298
1657,6507.577895267246
1658,6570.433013279523
1659,6138.233960512175
1660,7188.421224852239
1661,7629.554097235517
1662,6765.78967016754
1663,9155.185553661186
1664,6584.377010502877
1665,6443.867216332733
1666,7493.548615635028
1667,8184.236383737076
1668,7964.310847948228
1669,6741.0031108900275
1670,7720.393325801041
1671,7192.1326283746985
1672,7559.578089134656
1673,8731.776940652846
1674,6206.77272153083
1675,7919.6381861808495
1676,7210.967143676426
1677,5563.622221811576
1678,8310.150433560428
1679,6865.793756683091
1680,7614.117148694925
1681,7213.017903681374
1682,5503.6393497601775
1683,5375.728498059722
1684,7255.39993441468
1685,9159.983254145065
1686,8828.559063272278
1687,5684.368394002486
1688,7325.178350398592
1689,7419.100481179118
1690,6989.440344211712
1691,5878.792106269289
1692,9082.495314676129
1693,8208.713795334335
1694,11041.367630932113
1695,5339.739698143875
1696,6743.12756554076
1698,8451.05332951291
1699,6237.073163639869
1700,9413.217250516445
1701,6796.64024883896
1702,5675.5754086759225
1703,6085.300349266287
1704,5562.613255843997
1705,5883.431125886553
1706,6610.85842028685
1707,5738.967442162562
1708,5308.845604588045
1709,9807.96202643052
1710,7372.358077611192
1711,20209.080790921944
1712,6791.2707428614885
1713,6089.6899935539
1714,7687.975432254956
1715,9821.834223536784
1716,7507.925598656668
1717,7722.332893875655
1718,7045.737547855315
1719,8110.209531517353
1720,7990.8555282846655
1721,5943.186824882378
1722,6552.367873920471
1723,7310.2461706602235
1724,8205.452023003461
1725,7147.365907606052
1726,7853.044442009569
1727,7547.711830801528
1728,6379.096956603733
1729,7298.389257681473
1730,9611.385958717052
1731,10054.453118709605
1732,11034.577688255044
1733,8204.69416314918
1734,6588.251447042458
1735,7764.588706101415
1736,6616.5890231754875
1737,8873.812680916073
1738,8477.337354366891
1739,8688.922208157195
1740,7277.822739881132
1741,6925.570004890031
1742,6544.805792922352
1743,6340.81325374158
1744,11041.965179225372
1745,7531.607977461806
1746,6668.549890226537
1747,6477.0853151044375
1748,8156.616603534342
1749,6438.299589771003
1750,7912.112715608934
1751,6725.274164359575
1752,7315.960450009631
1753,7506.922176114371
1754,6195.4830673813485
1755,8062.099462939896
1756,6937.060894183248
1757,6764.135604247219
1758,7186.3921783447495
1759,7455.261548647017
1760,10569.012772152806
1761,7649.623875005975
1762,9037.986607890402
1763,8082.366362791757
1764,8128.673737989649
1765,8138.153637683949
1766,9269.380808482601
1767,6459.5367321559115
1768,7115.625761570987
1769,9169.74100476743
1770,6847.285199696172
1771,9123.505744099752
1772,8131.573377152783
1773,6967.948262794089
1774,7688.266111693649
1775,7740.006646854518
1776,10363.244297918003
1777,6487.12461805975
1778,12073.688650679667
1779,5805.1248596353535
1780,7363.804220539312
1781,9498.639153835129
1782,6734.984022477247
1783,7204.021718778357
1784,7800.295970007364
1785,7968.804226826255
1786,6182.9596948850285
1787,6258.470445069948
1788,8242.727592220537
1789,7077.618393079111
1790,8328.992819940444
1791,5777.023950843121
1792,7431.042936889054
1793,8497.600473727693
1794,7689.454760747883
1795,6293.020532429284
1796,8401.41636381922
1797,7320.97155521065
1798,7954.106674417586
1799,7876.222035101833
1800,7275.9886597260165
1801,8039.190387224459
1802,7762.870626588907
1803,7534.079594597199
1804,7551.8345505743355
1805,7533.320766747206
1806,6824.8545032273005
1807,6557.737985545015
1808,6776.380181651307
1809,7789.0320975697905
1810,6212.708880143314
1811,5674.314087672191
1812,6941.295085354991
1813,6256.226217352932
1814,7084.781002628962
1815,8639.005110143122
1816,7485.755728909459
1817,7425.34672188181
1818,6542.657968674964
1819,6655.762461247067
1820,7279.772207923274
1821,8764.647427787266
1822,8781.21070624811
1823,8611.99075311887
1824,8274.598629962707
1825,6790.590535125606
1826,8950.548681315755
1827,7895.2824065241775
1828,8035.860016613822
1829,8792.587307132531
1830,7116.8089875015075
1831,8624.92279931834
1832,8419.116645336553
1833,7795.625339447651
1834,7233.373387606603
1835,7953.379452337101
1836,7632.4762623099705
1837,7043.750974781968
1838,6611.188610751001
1839,7205.717745059237
1840,7907.833001679666
1841,7345.044089980751
1842,5833.243206820563
1843,8146.681125582907
1844,8289.692785303927
1845,6966.2424592830475
1846,7741.216661354618
1847,7234.6089699884815
1848,8457.73240808455
1849,7781.790486346276
1850,7031.3003015083905
1851,6305.425165211098
1852,7723.804510615085
1853,8210.657708048191
1854,5952.271285343685
1855,7602.09350811729
1856,6224.1237117866485
1857,8600.895318096122
1858,7629.119255024544
1859,7347.665322523012
1860,8983.516891184738
1861,7564.693374431172
1862,6515.357879225678
1863,12227.3793123776
1864,7698.116319667343
1865,7039.237675450799
1866,7845.425435213998
1867,6343.292031169997
1868,7750.247152403189
1869,6473.266376488246
1870,7654.470645898317
1871,8396.855810344268
1872,6511.631637755813
1873,5562.937157209349
1874,7334.4699960104
1875,8156.4605490924805
1876,8593.995684540214
1877,7273.141546098584
1878,7636.104052206631
1879,7204.928871137879
1880,6676.831972040288
1881,5984.394089008763
1882,7088.900631604077
1883,7289.504630175018
1884,6589.98318992413
1885,8222.255938623573
1886,7595.108853844238
1887,7855.346073462937
1888,8736.142251293315
1889,8239.134085093314
1890,6959.126252621638
1891,8630.760352051562
1892,8948.452098111578
1893,7708.783220837768
1894,9566.882585186368
1895,7470.665254927796
1896,7774.886204805079
1897,6261.342192033666
1898,7185.01850665414
1899,6285.822087752447
1900,8635.724216115623
1901,7640.365635053408
1902,9817.80166821652
1903,8365.565766270207
1904,6878.584614126862
1905,7415.98059371946
1906,15482.213177711033
1907,11389.089315569585
1908,8432.081756034306
1909,4232.848922575761
1910,7265.976507473873
1911,10489.191456704546
1912,6864.033677037562
1913,12932.70675013885
1914,15356.603166310866
1915,6324.411804976442
1916,6808.97574153558
1917,7984.394104217163
1918,7091.603005676534
1919,10771.450269522486
1920,7490.421493255619
1921,8265.909369911396
1922,5695.71973100146
1923,7730.296493430567
1924,8335.41607681446
1925,8061.502138869089
1926,7983.363665472937
1927,6971.216155806858
1928,7768.343173038424
1929,7842.103966004291
1930,6745.872797373851
1931,7527.284399987002
1932,8107.742519985909
1933,6853.808465955151
1934,6950.45461556871
1935,8044.858879653159
1936,7214.489682064195
1937,6549.714781154264
1938,7775.796193231957
1939,7477.453496209927
1940,8052.264426557265
1941,7014.831301076989
1942,8529.719382610117
1943,6912.140554547075
1944,5747.110564714189
1945,7615.112115280615
1946,8074.989592990688
1947,5992.34431577263
1948,7147.378059069148
1949,8046.556440940515
1950,7844.002551483962
1951,8401.033814890165
1952,7812.707950866514
1953,7700.2346208266035
1954,6167.632214232019
1955,6093.714197203042
1956,9123.518565432578
1957,6464.689376973234
1958,7816.384345881057
1959,14454.08014149981
1960,7133.0302668568365
1961,8933.199094480471
1962,5607.258906388498
1963,6491.0558079872235
1964,7044.9331269371405
1965,6310.45437472816
1966,7347.649091387155
1967,9154.035205285278
1968,5786.3758032776095
1969,16886.701311370365
1970,13155.111236452854
1971,6584.3957859308475
1972,8565.056310069125
1973,6132.5953051986935
1974,8174.100418679392
1975,8735.179315669753
1976,11098.706332201107
1977,8231.289035806964
1978,9579.444126682025
1979,7558.447461930104
1980,8174.100418679392
1981,6000.860669268993
1982,8947.585511127014
1983,7171.221417428391
1984,6919.686283526818
1985,7058.83312828693
1986,7373.852088478599
1987,8674.479042819454
1988,9391.59692494586
1989,6735.157818864442
1990,9119.706666543416
1991,7984.129253486163
1992,10125.619408095068
1993,6471.220071625754
1994,6916.692585986465
1995,7974.118875696041
1996,9183.365824378296
1997,7873.243516049092
1998,8041.8968578936
1999,7868.775453441219
2000,8500.111381655335
2001,6460.394979514287
2002,9498.751300544985
2003,8134.7431447670415
2004,6528.342880446241
2005,13768.881694411975
2006,14832.848943265428
2007,8217.587857956703
2008,7602.540344009003
2009,10245.56503057985
2010,9584.633952423525
2011,10061.075822032739
2012,6637.718010063419
2013,7766.683018872093
2014,8064.260471288289
2015,8433.239944040582
2016,6138.470606687682
2017,7530.060501266687
2018,6217.071703014877
2019,6980.3206179903145
2020,8320.505315551158
2021,5798.416632999895
2022,6552.503571503599
2023,6854.816028827588
2024,6429.641307370977
2025,6558.741826591879
2026,6047.240179544383
2027,7861.789334385509
2028,8701.881877300382
2029,8088.980764840554
2030,8990.986175190192
2031,6548.272031894819
2032,7861.761156626216
2033,10316.780968580084
2034,8373.980855280117
2035,6600.802195231682
2036,6884.30963934482
2037,8538.658256897086
2038,7393.079970500411
2039,7512.4982514456715
2040,6775.055686606052
2041,7648.692043188639
2042,9604.296797266677
2043,7092.758979886965
2044,6505.924218002196
2045,8351.69574388191
2046,8999.59461664509
2047,10442.421851232584
2048,6920.010994671778
2049,9294.923416167769
2050,6617.778102670846
2051,7019.189976173574
2052,7120.129553349812
2053,6539.317088376425
2054,8688.5630201083
2055,6702.326581986497
2056,7616.350748559192
2057,8368.967468240951
2058,13340.816700223448
2059,8340.521179612166
2060,7226.163976300555
2061,7222.111309232541
2062,8520.05462026611
2063,8091.771023552867
2064,9576.038088502928
2065,6343.611399011768
2066,7545.429292459559
2067,8858.700988268578
2068,6212.5141279453555
2069,7877.61223504826
2070,8303.641537419704
2071,8061.8827001595555
2072,12263.697642256953
2073,8013.809350832083
2074,13047.788143728936
2075,7570.128068307723
2076,8142.310416970821
2077,6246.157291815771
2078,8724.334367675117
2079,7362.659823806101
2080,6735.766140695112
2081,8239.4213324471
2082,6898.88011548894
2083,6196.5580387330665
2084,7186.474218441402
2085,8037.152529340582
2086,7981.077361535645
2087,6795.221040343828
2088,7433.373512182104
2089,7329.494804882518
2090,7558.3855100955825
2091,8405.81213377197
2092,7593.311683781568
2093,6295.398201490082
2094,6317.343919541708
2095,7723.260342770213
2096,11852.582901965508
2097,7903.981383704711
2098,6778.895808406726
2099,7514.493060935375
2100,8591.059385954894
2101,7723.554273256668
2102,7699.358484433298
2103,8278.756244431142
2104,7462.042334023482
2105,7097.96959657662
2106,7425.034847654843
2107,7366.282163102339
2108,7834.397803560473
2109,7654.183189073617
2110,6815.014008961041
2111,7121.548784628289
2112,6582.59042069059
2113,5833.744108654957
2114,7900.439970105026
2115,8855.505279301024
2116,8759.404612674793
2117,11662.026020633075
2118,8182.792262901958
2119,7336.692320473619
2120,8034.060237933179
2121,9825.606446127384
2122,8564.174218614888
2123,7793.408828446109
2124,8093.109830046172
2125,7277.013480228452
2126,6802.878748294146
2127,7237.656203091805
2128,9521.054766708716
2129,7039.851030044836
2130,8325.386227403458
2131,6877.946741962107
2132,5377.817070550077
2133,12032.313614731434
2134,6815.679706138101
2135,6878.533573804179
2136,6893.230828120563
2137,6603.167716465409
2138,8084.316936067394
2139,8082.645540363338
2140,6967.243807743115
2141,7122.8142480764645
2142,5947.599580106723
2143,6578.090888339582
2144,6599.065427026719
2145,8650.46311800203
2146,16120.895640063383
2147,6238.024920726008
2148,6308.558906958166
2149,8806.594652073463
2150,6190.629661342453
2151,6700.217207411711
2152,6180.173913758194
2153,7168.399475898313
2154,7788.069344202838
2155,8323.51425447636
2156,5676.1922641124165
2157,7749.0886731667915
2158,6621.96009721941
2159,6508.845772655988
2160,7978.841619447996
2161,8652.306332514558
2162,10563.395097217788
2163,7817.789532756262
2164,8012.0531427504775
2165,6251.769496534335
2166,7643.224276911323
2167,12706.00162042985
2168,8734.298868369613
2169,7928.349298913547
2170,6694.13219490839
2171,6506.186652418833
2172,6541.072431431052
2173,6951.253946963609
2174,9989.388137500307
2175,7597.721990239294
2176,7539.840835690661
2177,7650.487305669001
2178,6493.12322663069
2179,6635.462917880663
2180,7275.379386186691
2181,8222.079696021285
2182,7657.588643088508
2183,6844.416120757472
2184,6954.632839364501
2185,7930.111787817338
2186,8417.85658294415
2187,8551.877708248929
2188,8051.537146746485
2189,7084.0216738372055
2190,7812.327275895376
2191,6628.230045769002
2193,7746.726319741542
2194,8447.321003197107
2195,7474.8334159062615
2196,8253.488941975647
2197,7799.175312454621
2198,7830.412660096105
2199,6354.876308091959
2200,7388.5958001479385
2201,7019.168282554274
2202,7074.08274783339
2203,8516.488564232952
2204,7537.98433812472
2205,6983.762309051557
2206,9832.976053001192
2207,6581.199289820256
2208,5569.252382065002
2209,8994.626020088455
2210,8253.94122178248
2211,12135.853635713811
2212,6972.537721542344
2213,7854.5504666767065
2214,6820.761430344546
2215,8682.809959455022
2216,6961.689823026659
2217,8336.314672752465
2218,5316.920141078471
2219,7446.323623932743
2220,7683.786796340351
2221,7222.66270118905
2222,6187.334083451536
2223,8262.27443531618
2224,8383.87472656781
2225,7162.206182370917
2226,9542.977358627566
2227,7117.056384750662
2228,8857.300792485461
2229,5609.986927865298
2230,7830.065366171762
2231,7016.996009197966
2232,7990.4802737910295
2233,8522.805536417156
2234,5878.992349976005
2235,8608.849091247543
2236,8109.403082029501
2237,7514.444434897196
2238,6511.112646913132
2239,5431.406053232585
2240,7172.586170374711
2241,7854.994536562467
2242,8466.727050746034
2243,7635.323459364622
2244,7720.082826804041
2245,8533.496207738315
2246,8259.575397600867
2247,7478.816969438363
2248,8557.684056111837
2249,6759.699707804797
2250,8925.632423592091
2251,10103.036775511662
2252,8558.782286010191
2253,6203.664340346678
2254,6761.223056491499
2255,6364.71459032062
2257,8621.939877931714
2258,7242.9383516189255
2259,8689.711184963073
2260,6379.196034025311
2261,7818.683945279677
2262,7813.407506568803
2263,11188.885485635104
2264,5887.849213807307
2265,6450.362064629398
2266,7446.097015541675
2267,9004.044368282997
2268,7455.859581986646
2269,7947.849331386486
2270,8046.623998020751
2271,10273.72418185929
2272,6945.830614084148
2273,7922.443370258105
2274,7536.379702748887
2275,7573.140249653571
2276,6439.259814670115
2277,8955.874048928079
2278,9515.311354853286
2279,7294.468624338699
2280,13693.287697085127
2281,8222.488562378421
2282,6502.537558351313
2283,7867.844175426179
2284,8509.407651042495
2285,7746.700339050053
2286,7990.385256578838
2287,8007.31553866655
2288,7962.943412158518
2289,7210.037403571432
2290,7086.219768374711
2291,6420.609654752629
2292,6899.485711972404
2293,6778.70244561473
2294,7053.483323145145
2295,6281.5671837533955
2296,9252.186118742087
2297,16730.15480460539
2298,7882.524770839212
2299,7167.1657216927315
2300,8531.38590565033
2301,4915.325923252722
2302,7063.462158641435
2303,5076.710302928295
2304,9086.497553526591
2305,7657.236504076263
2306,7976.9171486452415
2307,11442.1535319193
2308,11062.19822987514
2309,8292.616152723844
2310,8019.944813398892
2311,6499.4260339730035
2312,8263.698928445996
2313,7484.81792674351
2314,8307.398380487963
2315,6245.389012042458
2316,5182.601396410091
2317,6944.950134926937
2318,6618.879557174988
2319,7212.1835088574335
2320,6699.903121682805
2321,6850.443019443027
2322,7962.290774288289
2323,8535.524963570773
2324,7626.841381392313
2325,6803.712083351169
2326,6288.197729127195
2327,8238.840036446703
2328,5678.365676412377
2329,8860.15786717357
2330,6982.030958576973
2331,6447.136693657422
2332,8124.613002050692
2333,6934.256785355096
2334,5925.282221385621
2335,7510.536652588556
2336,7743.057064980251
2337,9396.092843324246
2338,9330.154544450577
2339,7523.713735025614
2340,6852.611140417321
2341,7160.989191245109
2342,8646.528681282383
2343,7400.308998478514
2344,6550.984645980608
2345,7578.05567178122
2346,10097.258518118295
2347,8325.765379826033
2348,7710.686864486965
2349,8703.885576093397
2350,7095.603238246474
2351,8618.786050260558
2352,7506.504588946924
2353,10019.294051028177
2354,7487.470171769352
2355,6498.748098438181
2356,6333.100756013653
2357,5577.419504455118
2358,8228.287383481373
2359,14806.227948213007
2360,6200.287539386087
2361,6345.166236734428
2362,9263.521683729956
2363,8377.381466073432
2364,8151.530227347458
2365,8014.668692173197
2366,6241.066829757178
2367,6627.01913651
2368,6588.876094165225
2369,8325.142119729162
2370,7301.9426158475935
2371,7662.297885499315
2372,7283.585660930156
2373,6156.098981598652
2374,8203.52098540064
2375,7560.439269416775
2376,4832.265115859969
2377,7837.769255089942
2378,8781.757588993629
2379,6492.083199912678
2380,7891.398939107666
2381,6378.338160879688
2382,6206.753087692126
2383,8580.549904365866
2384,7827.015837278204
2385,8456.647680229931
2386,7436.571450389944
2387,5974.827307065183
2388,7307.909007262245
2390,8102.594293902905
2391,7044.176499172228
2392,6796.068143037739
2393,7125.207216970887
2394,7825.1495679122645
2395,7100.757110256786
2396,7751.550870485814
2397,7766.99134626724
2398,7904.23350021021
2399,7184.620698056204
2400,7999.547923176837
2401,8000.5220694420195
2402,9094.760815175443
2403,8347.392538105996
2404,9459.153579356818
2405,5865.463306357126
2406,7738.781217101756
2407,8484.026365317974
2408,5590.9982807097995
2409,9182.49784756216
2410,6975.203003532014
2411,9208.181995559386
2412,10387.174334529409
2413,10178.451121148788
2414,6668.82261888435
2415,9359.791126358206
2416,9279.322240817974
2417,8425.431990375255
2418,8786.369506784597
2419,8092.780528488488
2420,7435.943688477193
2421,7581.9705346347155
2422,7598.765732227295
2423,7448.281987096109
2424,7394.4329199112535
2425,7675.719804228981
2426,6726.700730583307
2427,6448.795741457795
2428,7578.165483402308
2429,7771.9356055202115
2430,7646.857240372022
2431,8025.320947146904
2432,8219.02944895485
2433,6703.481689813634
2434,8480.837154471117
2435,7496.040176419476
2436,7032.084397220677
2437,7542.013095036015
2438,7680.988067405656
2439,7663.39722621843
2440,7244.524855379052
2441,6011.507299177235
2442,7248.708123290597
2443,7798.449708121683
2444,8546.575652217467
2445,7611.134933621643
2446,5858.761298119624
2447,7471.095870040666
2448,8471.615191567078
2449,7362.605377356925
2450,7501.1767144679225
2451,7835.545762795355
2452,7677.474578726986
2453,5892.742066426328
2454,5927.669466419588
2455,7550.550349668219
2456,7929.439600458419
2457,7524.3145429619035
2458,9617.163878346077
2459,9279.204861630311
2460,7392.721701641102
2461,7891.965887586673
2462,5549.985906446932
2463,5658.09626407167
2464,7237.882282659011
2465,13001.39799247724
2466,7564.330235217779
2467,7829.63037534778
2468,6602.2688267906815
2469,7815.045439739437
2470,9626.506946521169
2471,6024.687097023023
2472,7577.069355977396
2473,6953.481677439582
2474,5267.7128993761435
2475,6808.176963260687
2476,7416.6615899033595
2477,7310.4130345746735
2478,6325.103961968848
2479,7336.019757259155
2480,6032.9423021639495
2481,8150.709280331723
2482,8232.919269532536
2483,6808.554535438702
2484,7643.2090708326505
2485,7927.8014709282015
2486,6517.240456709747
2487,7718.314449034798
2488,7787.848693280349
2489,7428.586687948844
2490,7279.438152210798
2491,4880.491105085687
2492,12323.401613734735
2493,6800.4042173531125
2494,6698.43186895509
2495,7916.413666917045
2496,9988.035812283277
2497,8177.138038762276
2498,7408.125909966834
2499,7796.995062874365
2500,10076.313687029691
2501,14046.007774310627
2502,6980.164905895404
2503,7482.06779037168
2504,6503.861937145906
2505,8561.977060117806
2506,7947.436486756596
2507,9328.80442854731
2508,8948.266169949948
2509,6645.738804839102
2510,6099.981509673827
2511,7436.690428710948
2512,9012.177856657021
2513,7333.604063328423
2514,6954.283269117998
2515,6528.113641435098
2516,7439.262338650205
2517,8294.772457199544
2518,7108.145638306296
2519,9844.723269527383
2520,7016.75142191943
2521,6752.520830272563
2522,7982.047942637804
2523,8487.616811429449
2524,8577.869367668409
2525,7083.3590790287835
2526,8166.534188253771
2527,8585.258962422859
2528,8124.056612283452
2529,9466.246146706902
2530,6600.422616010357
2531,8719.97896399614
2532,7657.10800612916
2533,5614.175106160601
2534,9096.92398378964
2535,7583.037231406797
2536,8017.111173243853
2537,7671.09160735337
2538,5291.882830387048
2539,6082.817926562145
2540,7170.85553142695
2541,9935.555735629414
2542,9377.045519876612
2543,6142.5483242915
2544,7761.749247056803
2545,8770.441455383308
2546,7477.939671214498
2547,6164.020550094416
2548,9498.604124686874
2549,8773.192318483128
2550,12186.161384085886
2551,5838.255542803521
2552,7218.526081993862
2554,9793.620434293342
2555,6711.675367747139
2556,9991.11112160736
2557,7512.0776073331335
2558,5979.041604851111
2559,6419.153484387856
2560,5696.515887056503
2561,6092.394258178208
2562,7198.766381566233
2563,6255.79131081418
2564,5904.2116672489665
2565,10296.461353433306
2566,7936.836600759986
2567,20913.954740747427
2568,7140.648347742541
2569,7184.500152538072
2570,9269.134407448819
2571,11725.845727933063
2572,8979.595176544057
2573,9259.572326749423
2574,8041.176077853767
2575,9219.319420752588
2576,9898.00332075761
2577,7808.065030430823
2578,7983.6109447414
2579,9131.182833866695
2580,9759.410295201385
2581,8884.349513389068
2582,9448.175337000144
2583,9101.058368338712
2584,7706.777824011488
2585,8678.74017846476
2586,11236.44998837847
2587,11983.014364662695
2588,12787.599347715959
2589,10155.257902498553
2590,8217.416829948497
2591,9404.686806772705
2592,7587.321288665646
2593,10311.733696629282
2594,10513.295789833386
2595,10173.027355794819
2596,8942.982363635272
2597,8458.865794160673
2598,7753.994179204517
2599,8070.086619932425
2600,12407.632065545504
2601,9057.10585584125
2602,8344.296152690516
2603,8274.827655086221
2604,9349.3461718635
2605,7575.977294475655
2606,9453.778028901077
2607,8332.132279904949
2608,9079.687050853769
2609,9553.258666609388
2610,7474.085523940382
2611,9413.951588338055
2612,8575.062582222683
2613,7813.283599358506
2614,8606.468813930624
2615,9325.525298681103
2616,12707.998582774642
2617,9072.100794483902
2618,11452.034532192281
2619,8935.58337308579
2620,9877.74431261355
2621,9778.551658091414
2622,11140.079741393072
2623,8115.5978109155285
2624,8580.780429986116
2625,10177.439928495342
2626,8588.686106746687
2627,11153.553116006196
2628,9780.194288068225
2629,8424.39984875725
2630,9411.48575511863
2631,9297.437855433103
2632,12738.143167221775
2633,7688.012031966407
2634,13449.488398596657
2635,7326.395310772967
2636,8955.956090781265
2637,10271.615352891846
2638,8518.996488517898
2639,8930.636471371992
2640,9369.909237663096
2641,9744.670321004964
2642,7211.137017912263
2643,7845.098608105668
2644,10055.572936776109
2645,8574.276870788413
2646,10140.999901406809
2647,7275.298794880274
2648,8867.95139313541
2649,10453.283837445966
2650,9321.498849936395
2651,7590.958115301711
2652,10176.5167192238
2653,8692.331604092084
2654,9932.849461313104
2655,9281.541065077834
2656,8517.129103316245
2657,9714.818330212831
2658,9361.900973997777
2659,9223.766689908447
2660,8849.772133446771
2661,8979.332313948806
2662,8629.432304207945
2663,8342.788095782142
2664,8356.251405446772
2665,9591.367519416885
2666,8045.6008116572575
2667,7361.045428920454
2668,8607.729750692615
2669,7546.691328916599
2670,8432.766542890517
2671,10192.860207744417
2672,9256.006929684472
2673,8627.130675309474
2674,8086.775865278854
2675,8103.900431465235
2676,8684.473793586818
2677,10576.075807915167
2678,10095.889965570666
2679,10101.312469805363
2680,10050.464724141408
2681,8591.28204793922
2682,10964.87224966719
2683,9359.24926859225
2684,9819.234876655431
2685,10696.726757680064
2686,8901.886272751126
2687,10240.208475949392
2688,9962.53443927669
2689,9841.09708675884
2690,8537.257953747489
2691,9566.53870595158
2692,9420.864239420862
2693,8826.540027754354
2694,8196.083228050684
2695,8830.739501893186
2696,9428.846299645846
2697,8928.255378754591
2698,7561.99772184437
2699,9676.196395015899
2700,9191.934625792786
2701,8443.746519861
2702,9408.521308010662
2703,8568.356226765349
2704,9980.165947108266
2705,9257.351542439053
2706,8885.749025453295
2707,8344.993643595568
2708,9320.015899052767
2709,9894.256377826148
2710,8070.771043079053
2711,9255.027148478968
2712,8109.421554232699
2713,10020.349179555451
2714,9148.986046786782
2715,9005.048961116694
2716,10542.431935648774
2717,8989.656357528585
2718,7553.275409171103
2719,13873.92689241862
2720,9459.723987585334
2721,8695.534101381003
2722,9216.78548409543
2723,8027.000761402006
2724,9236.928962366135
2725,7957.570682868684
2726,8849.172293729775
2727,9917.869108310439
2728,7770.885643102412
2729,6858.486041598436
2730,8277.73777681163
2731,9914.589292830606
2732,10386.937934921381
2733,9101.300463846908
2734,9293.08368838343
2735,8748.65063350217
2736,8619.051693396448
2737,7575.100501080198
2738,8406.905410035559
2739,8997.988682850455
2740,7950.229206716301
2741,9647.21892172098
2742,9124.624123277228
2743,9689.562071249204
2744,10312.080388444629
2745,9947.618137768748
2746,8934.567956378181
2747,10094.72721411963
2748,10674.143863865278
2749,9176.536313595956
2750,10407.462808445738
2751,9247.848111961272
2752,9552.069061838556
2753,7932.069504658155
2754,8426.680938805592
2755,7570.834589143118
2756,10235.78628305101
2757,9420.899910551234
2758,11873.596297694914
2759,9342.379331309232
2760,8396.807143937946
2761,8988.39531893438
2762,16881.645074577697
2763,14020.801281300994
2764,9382.150415399292
2765,5615.583858324453
2766,9078.595311567607
2767,12111.288487567821
2768,8102.654234916094
2769,13430.42872226215
2770,15445.291972153229
2771,7818.707236594612
2772,8362.63165424075
2773,9645.087701549268
2774,8696.913723581134
2775,13177.372373267795
2776,9083.693948018736
2777,9898.108428186995
2778,6875.544435471304
2779,9606.294747176113
2780,10096.400518041257
2781,9558.220389000833
2782,9288.786108577986
2783,8369.669850865797
2784,9363.760228488767
2785,9229.97050671948
2786,8313.889056381808
2787,9056.799669419992
2788,9613.834169868234
2789,8930.478008089962
2790,8455.955506361412
2791,9662.381993754789
2792,8479.05277654121
2793,8315.296784954533
2794,9172.353421529953
2795,8861.006682006335
2796,9846.563211263014
2797,8736.144506259165
2798,9065.556216391524
2799,8457.60557897225
2800,7729.767942501071
2801,8952.792391295201
2802,9609.113412827302
2803,7620.581018127104
2804,8616.552712739967
2805,9844.368253924185
2806,9358.441075839468
2807,9872.882467013256
2808,9457.110157319792
2809,9344.151620617527
2810,7544.446714608378
2811,7370.464777614339
2812,10805.766409434422
2813,8388.566353372815
2814,9135.838129805983
2815,16132.231943724255
2816,8396.91401796433
2817,10419.824876135406
2818,7363.5908468751
2819,7834.533498895083
2820,8534.832937416853
2821,7447.863784350469
2822,8684.561968290622
2823,10789.943832854213
2824,7439.229694994658
2825,17520.20807452244
2826,14319.80705258878
2827,8113.253745352448
2828,10063.662383758163
2829,7391.340025527674
2830,9750.269480791154
2831,10332.14192668417
2832,13033.199527827506
2833,9537.818969549677
2834,11075.308102611087
2835,8559.935875667043
2836,9750.269480791154
2837,7399.770215458308
2838,10374.062817960887
2839,8891.526380153033
2840,8242.227455720198
2841,8080.307609733203
2842,8995.49495139932
2843,10297.893151774962
2844,10765.557872067464
2845,8138.9190791804685
2846,10998.927825054756
2847,9615.572496203626
2848,11626.875353568303
2849,7869.731327889392
2850,8645.85186886261
2851,9798.72548311523
2852,10718.40655521476
2853,9616.650122319748
2854,9537.759817150552
2855,9509.799378324615
2856,10414.989723926237
2857,7767.531317638831
2858,10994.511535136971
2859,9812.466427539057
2860,8094.812875297693
2861,15150.244835286227
2862,16076.04387647341
2863,9936.997385895545
2864,9023.393429072095
2865,12287.014349047504
2866,11151.027502016583
2867,11636.487007527625
2868,8313.8381363801
2869,9333.076568465152
2870,9821.986673812418
2871,9999.709938892034
2872,7552.549592252098
2873,8955.58063453204
2874,7602.418858761754
2875,8651.128399076952
2876,10006.416913480773
2877,7057.1613533288755
2878,8324.123194153683
2879,8412.56597002746
2880,8296.378228577289
2881,8141.654200690454
2882,7437.983033384854
2883,9081.223250226018
2884,10312.1957356736
2885,10085.171150877108
2886,10874.91427345311
2887,7815.609772363089
2888,9413.188316476548
2889,11802.041369818156
2890,9742.930485871835
2891,8466.174484716508
2892,7699.160240394978
2893,9911.348100911442
2894,8986.556432307798
2895,8802.819910263766
2896,8492.817392653118
2897,8900.199722860147
2898,11334.037875620019
2899,8747.204285815424
2900,8137.738101286865
2901,10131.680847996571
2902,10631.037859362561
2903,11837.161418794478
2904,8196.461725579149
2905,10882.471611528164
2906,8118.62324489898
2907,8801.31504579579
2908,8787.22693978756
2909,8115.512704945841
2910,9940.070699779806
2911,8427.221047885956
2912,9357.696637520465
2913,9930.127221349128
2914,14161.045160166525
2915,9638.933146075253
2916,8994.06612192583
2917,9025.61116018644
2918,9774.831951585966
2919,9745.362715887031
2920,10759.201113007166
2921,7912.07281610882
2922,9259.973947845787
2923,10355.762371621306
2924,7894.271472858932
2925,9601.197791609799
2926,9834.328737723017
2927,9737.479559914997
2928,14434.072463089624
2929,9667.401043166248
2930,14500.605081740256
2931,9302.509716673225
2932,9504.620520104865
2933,7510.671775154706
2934,10341.36748543124
2935,9441.159464267166
2936,7847.766102603434
2937,9812.706094925416
2938,8398.271329657933
2939,7735.171339445711
2940,8575.655964022177
2941,9790.646171379743
2942,9756.668657166598
2943,8198.940835620158
2944,8804.781515600449
2945,9279.532930178257
2946,9172.56655904505
2947,9949.844204543522
2948,9018.056504656823
2949,7714.467119840436
2950,7794.730004553319
2951,9402.49519998987
2952,12794.328597731832
2953,9628.43631005685
2954,8009.8785161326705
2955,9275.311355562366
2956,10350.600712815134
2957,9197.905459117808
2958,9285.030876798966
2959,9854.925306542906
2960,8961.388396410799
2961,8295.193399784966
2962,8997.759450309706
2963,9264.99812485528
2964,9494.881563244959
2965,9374.379330874051
2966,8911.949729812599
2967,8508.48842035286
2968,7613.70719994482
2969,7450.802367314463
2970,9462.07966026575
2971,10534.154526064838
2972,10087.624459599594
2973,14197.885264351584
2974,9792.89430355465
2975,8933.595964671453
2976,9637.830891922238
2977,11506.886932740726
2978,10166.638037261613
2979,9524.825484336945
2980,9471.339378097526
2981,8856.377830988771
2982,8261.519307565968
2983,8623.131022871976
2984,11332.502255261523
2985,8345.885073296371
2986,10066.841706618192
2987,8249.391248092026
2988,6588.820758112272
2989,13974.964807178492
2990,8910.576618976072
2991,8545.562406472498
2992,8468.666502040485
2993,8383.159080689346
2994,9857.066428177037
2995,9662.818644896364
2996,8630.302109477227
2997,8916.50658332366
2998,7322.077953732376
2999,8149.9832738656
3000,7855.43681285501
3001,10312.52959764545
3002,16243.882051095952
3003,7750.350851972516
3004,7783.061849627205
3005,10595.661998244947
3006,7240.684887633483
3007,8379.090343602866
3008,7545.080564135901
3009,8996.056376796425
3010,9478.467687268914
3011,10063.470643876139
3012,7200.714137677843
3013,9570.376923712456
3014,8400.067760940463
3015,7833.135396823193
3016,9703.853288299088
3017,10220.599150058375
3018,12017.434340848946
3019,9356.565420942556
3020,9293.126066739547
3021,8199.071311560885
3022,9319.003693583627
3023,14449.791500640373
3024,11009.742529429997
3025,9566.108327706823
3026,7913.913304280459
3027,8023.82758864744
3028,7865.36205559826
3029,8460.258935295366
3030,11712.615190875827
3031,8392.196577629558
3032,9409.387532634313
3033,9295.33366309
3034,8092.285149044047
3035,8095.12201312815
3036,8792.250495930308
3037,9980.80021473304
3038,9192.304395028239
3039,8406.55242692632
3040,8461.316270408593
3041,9774.599642694113
3042,9900.89683256769
3043,10229.859196982587
3044,9738.290530684879
3045,8594.43196884901
3046,9182.129494609231
3047,7899.044973124914
3049,9384.825740391148
3050,9936.456234072919
3051,8804.354698387224
3052,10027.301197022969
3053,9374.61098637455
3054,9474.80181326484
3055,7834.916025650667
3056,8644.967185976226
3057,8868.991271093624
3058,8967.879330373169
3059,10040.769723336649
3060,9138.987583836435
3061,8424.24581713722
3062,11063.814626517573
3063,8122.070363106228
3064,7175.041546086816
3065,10306.559847283097
3066,10272.53530082534
3067,13199.952937831995
3068,8581.6444472283
3069,9506.395059853518
3070,8360.430791684821
3071,9943.81237670239
3072,8978.647413872906
3073,9538.285985708186
3074,6990.975424564361
3075,9511.120894858726
3076,9219.128216535006
3077,8703.739832748011
3078,7729.484205278727
3079,9999.7988482428
3080,10119.971573858073
3081,8651.341413246719
3082,11232.753021079012
3083,9004.376189638378
3084,10575.352770617257
3085,7367.61200864573
3086,9464.52880114911
3087,8863.365060986913
3088,8790.437695498327
3089,10108.2336371861
3090,7688.904246223336
3091,10289.519824926972
3092,10059.589199016751
3093,9135.367627446138
3094,7479.029414931081
3095,6850.734264964763
3096,8699.97893274221
3097,9541.248163913788
3098,10081.795645844448
3099,9250.262083860784
3100,9001.155750793116
3101,10358.124366247444
3102,9865.15763584326
3103,8980.695302350401
3104,10135.012995273444
3105,8027.987510151169
3106,10891.374098187727
3107,11470.70869039659
3108,9976.163455499496
3109,7609.1936387816295
3110,8651.815033531893
3111,8015.982768457197
3113,10542.296394703622
3114,8745.258751602783
3115,10441.747881679417
3116,8477.00933507759
3117,9325.290040540918
3118,9490.970441240343
3119,12875.982810268246
3120,7264.65930266634
3121,8223.063797274246
3122,9240.31450881405
3123,10757.709061098756
3124,9470.96262684515
3125,9072.341512992749
3126,9426.090139487582
3127,11824.451019355447
3128,8366.42779701259
3129,9626.237567862452
3130,8870.6102192287
3131,9150.069837253724
3132,8272.202075852676
3133,10651.634886534881
3134,10987.505714343735
3135,8491.817590273471
3136,14381.907103146743
3137,9982.145794481874
3138,8537.81535607983
3139,9656.657650600675
3140,10211.863893526974
3141,9809.393751039966
3142,9794.67973299796
3143,9711.109736270899
3144,9687.866994107117
3145,8883.331414158823
3146,8841.795906285763
3147,8273.784540890072
3148,8315.285503871432
3149,8729.378954149943
3150,8640.926343940038
3151,7831.162642003365
3152,11211.551070152998
3153,17474.343576208947
3154,9457.960444759134
3155,8455.360000004957
3156,10320.199380824824
3157,6421.639209285822
3158,8525.452075630348
3159,6164.350031881725
3160,11250.044931616847
3161,9410.735729975828
3162,9535.045422869543
3163,13504.200732079455
3164,12341.492965519867
3165,10019.757218616634
3166,9639.578077837818
3167,8291.026670448668
3168,9524.701345693366
3169,9232.116862658362
3170,10161.75367277235
3171,8105.359023656478
3172,6439.120502103535
3173,8649.305018106037
3174,7820.014301531989
3175,8592.63770998822
3176,8378.513623968542
3177,8371.6322592901
3178,9552.970069738085
3179,10130.247336239076
3180,9472.347897533666
3181,8379.217225707378
3182,8314.485626958862
3183,9776.787688851238
3184,7250.089046723929
3185,10435.5935410935
3186,8666.72797573728
3187,7621.870499863347
3188,9873.386604844147
3189,8667.653152158236
3190,7442.802944050638
3191,9245.691727170188
3192,9340.702094437485
3193,11003.356716047369
3194,11060.816554196528
3195,9227.460027700505
3196,8590.041484923468
3197,8559.721859846479
3198,10045.240075658972
3199,9198.612484032246
3200,8577.272543812272
3201,9265.179615094683
3202,11366.120240012862
3203,9939.766726566457
3204,9005.915046551372
3205,10283.627907645032
3206,8797.477360938661
3207,10223.683220649398
3208,9099.191776713442
3209,11578.512571508054
3210,9098.492220283397
3211,8557.944483208079
3212,8029.85417254157
3213,7061.187041453221
3214,9627.020052082751
3215,16549.215454493802
3216,7845.950583925379
3217,8062.182390848393
3218,11006.838078256083
3219,10628.346480065109
3220,9779.416447467476
3221,9791.636529670028
3222,7956.544036901701
3223,8109.489179478204
3224,8448.846105779241
3225,9884.14986919473
3226,8665.43994769731
3227,8918.669271327602
3228,8789.94048326585
3229,7507.570380424705
3230,10009.963363577175
3231,9095.637360615527
3232,6376.383566178155
3233,9578.904124963485
3234,10361.996349217865
3235,7882.571492087515
3236,9664.042243864864
3237,7817.97081394767
3238,7773.759717052116
3239,10098.154301966975
3240,9530.810034882554
3241,9502.921752797944
3242,8808.313158666191
3243,7503.075038666986
3244,8420.243505153423
3246,9687.017324662163
3247,8746.918281714443
3248,8287.330006638524
3249,8554.206132159547
3250,9578.648793811828
3251,8450.27959312866
3252,9272.740110332894
3253,9431.821447738334
3254,9423.791444556211
3255,9042.743356470832
3256,9363.279764717534
3257,9459.759254123008
3258,10509.294890014058
3259,9933.122404207596
3260,10755.853534555403
3261,7029.364893058739
3262,9466.079996156484
3263,10240.393677386906
3264,7186.287511410729
3265,10975.139179913076
3266,8989.145398919885
3267,10856.748256009874
3268,11881.798424889017
3269,11625.855197241153
3270,8201.637239760848
3271,10891.312377643262
3272,10965.723871411104
3273,10182.499480857447
3274,10120.417808456565
3275,9316.800047984945
3276,9440.649095431194
3277,8842.892006762306
3278,9042.403159244896
3279,9082.745422073458
3280,8837.268742394854
3281,9315.375818423703
3282,7932.371429056409
3283,7726.142605135878
3284,9380.903994908793
3285,9234.893040117007
3286,9155.495543937726
3287,9902.729442912048
3288,9596.073176998281
3289,7861.178873696157
3290,10159.925487072926
3291,9255.2441643373
3292,8595.564744887453
3293,8889.600207184849
3294,9228.823510321497
3295,9420.972537220092
3296,8809.212595541081
3297,7541.118462397644
3298,9022.301082086235
3299,9461.783385914245
3300,10104.93611657717
3301,9168.19476376584
3302,7328.047974158634
3303,9200.891519287072
3304,10140.739635562164
3305,8835.142894413853
3306,9013.218679421047
3307,9760.039899722773
3308,8916.679800193275
3309,7599.205448848906
3310,7812.24029851835
3311,9116.431070583782
3312,9572.038696164906
3313,8801.208464315258
3314,10681.865773762931
3315,10575.270462429744
3316,8779.312692760599
3317,9327.49746988434
3318,6913.178527675496
3319,7348.310767350958
3320,8463.924339023859
3321,13450.918461881713
3322,9297.23946660064
3323,9554.332103248638
3324,8373.426620512348
3325,9435.211687331872
3326,11153.02967707969
3327,7349.1731132808
3328,9601.673063646276
3329,8422.833870600456
3330,6463.7054280898465
3331,8512.31566388683
3332,8918.622903470816
3333,8851.472031877702
3334,7503.860283693751
3335,9215.585883784217
3336,7395.643717574511
3337,9712.919507793298
3338,9687.770814346526
3339,8836.261500728771
3340,9228.511576833176
3341,9607.8564357463
3342,8039.325044568163
3343,8961.686995409922
3344,9712.729517056068
3345,9093.40406026958
3346,9361.29823406101
3347,6563.630001686964
3348,13557.258363186778
3349,8428.74890319829
3350,8709.573154914146
3351,9980.204202931653
3352,11387.637749193904
3353,9703.129321646364
3354,8761.426813636674
3355,9212.48614403319
3356,11999.657989102647
3357,14924.207887617487
3358,8791.58866713765
3359,9126.704672922819
3360,8028.221936829531
3361,10099.961856829666
3362,9495.12771837828
3363,10781.844776525792
3364,10682.576461973682
3365,8540.835237954134
3366,7443.942969069667
3367,9026.071350032573
3368,10613.920126731597
3369,8697.101395178142
3370,8295.777565662764
3371,7891.379626503802
3372,9057.680617011614
3373,9166.690270757164
3374,8524.105321865609
3375,11342.957156867464
3376,8112.510115838977
3377,7998.468822372455
3378,9748.348475542749
3379,10038.426701986356
3380,10387.723919104146
3381,8490.33140574876
3382,9879.841630177978
3383,9682.49467502982
3384,9708.479643042716
3385,11431.987821302539
3386,8448.996865783378
3387,10409.174731569323
3388,9406.169496784365
3389,6901.3625627822885
3390,10571.375776902438
3391,8901.330363459914
3392,9849.394850521005
3393,8693.230621989225
3394,7024.286418322899
3395,7964.470344407763
3396,8753.60584259779
3397,11794.324961481441
3398,10802.906512091193
3399,7512.879648310758
3400,9041.296288042488
3401,10065.255736272524
3402,9244.240204119431
3403,7916.634622412038
3404,11290.101725389613
3405,10331.320592707434
3406,13483.365560630316
3407,7548.532788413637
3408,8577.679301124646
3410,11133.936106897696
3411,8437.803271651459
3412,12408.122547012697
3413,9066.223765935338
3414,7391.482010641978
3415,8359.715977459453
3416,7194.703679352444
3417,7421.936739293533
3418,9159.046862516148
3419,7908.4883150825335
3420,7577.972016540917
3421,13235.530086604183
3422,9379.673233633781
3423,22350.90269696005
3424,8559.82370467845
3516,3415.0852394899985
3584,4419.042873202798
3625,12933.95152342357
3626,25125.31132060777
3634,5696.603240605413
3653,4767.2031022982555
3663,4884.674231502785
3681,8670.081058348209
3698,6164.050061600514
3760,2598.1034239752485
3774,4708.3944072637605
3817,5906.5462584325105
3827,3296.1446733676808
3831,3522.20229078672
3858,17544.23707430097
3872,5985.605060910795
3947,9943.87046397751
3991,3589.754879142228
3992,14492.05746221094
4020,10263.827623035486
4090,3693.9146382473946
4094,3733.5983712063808
4145,4580.5136238557125
4160,9129.18031017377
4224,3453.082500762424
4265,10761.922464479381
4266,5716.474428608516
4281,4670.412913570777
4282,4792.541341811716
4283,5654.654575701176
4284,3898.448781544367
4285,5367.478015315063
4286,3917.052588941518
4287,6114.300555609815
4288,6061.6448340984525
4289,4039.898306720078
4290,4038.998812969693
4291,6238.755564214335
4292,5828.8555217486
4293,5271.304367260707
4294,6694.570355649285
4295,5384.635281493999
4296,3546.029897511747
4297,5129.638965615306
4298,7140.268900994533
4299,8021.36549697837
4300,7620.226640838328
4301,6600.258780003644
4302,4317.876670620334
4303,6111.766740818028
4304,3502.929344874591
4305,7830.589338998645
4306,7316.045444486582
4307,7770.011322162278
4308,5258.503770720976
4309,3023.3267662771423
4310,4698.422078030216
4311,5654.501956532553
4312,8215.119195405383
4313,5504.969361424082
4314,4834.465056537045
4315,4164.589851766931
4316,6057.252277657389
4317,4513.621255379654
4318,6892.09247706953
4319,4738.74815277472
4320,5429.346201519569
4321,6321.574556118472
4322,4265.307320439487
4323,6764.413612940544
4324,4937.29945165783
4325,4563.457680692863
4326,4572.684177301679
4327,6157.031284610256
4328,8909.451590768978
4329,5619.893671712157
4330,6442.960108957775
4331,6660.732334953492
4332,7391.403721565408
4333,6619.395149679119
4334,6307.349732211134
4335,3397.6093935964454
4336,5410.844204591344
4337,5903.203283997349
4338,5675.193824050439
4339,7690.201330755602
4340,7362.8854467992605
4341,4224.691493289774
4342,5931.32702431188
4343,6337.113906910464
4344,5590.830247989102
4345,4440.196859738283
4346,7967.020841925892
4347,3555.9013311474323
4348,6002.114445918666
4349,5563.878051470642
4350,5099.788460736456
4351,5213.255405977526
4352,4294.544843067308
4353,6296.626567923849
4354,4896.589057080379
4355,5456.293264574109
4356,6922.994793418824
4357,6249.7320253315875
4358,5245.334233352726
4359,4243.4516077934795
4360,4895.344238303729
4361,6708.3939134115935
4362,5287.520837830635
4363,4024.9185652601964
4364,6786.900351298504
4365,4894.322172405643
4366,6476.8083405085235
4367,7399.179476979738
4368,4627.058450213007
4369,6431.329837715684
4370,5401.877846660561
4371,5483.276564033485
4372,4930.124726580737
4373,4672.224017471323
4374,4895.863519038798
4375,4521.129073171006
4376,5904.076617012125
4377,5084.877319586915
4378,4373.958136654571
4379,4730.013761858478
4380,5743.428486032296
4381,5329.20976717999
4382,4520.647396464508
4383,7174.232731737032
4384,4653.807813271747
4385,5196.227595283663
4386,5357.494256770104
4387,4230.01069302635
4388,5461.759841952898
4389,5736.450648071161
4390,5984.007398494907
4391,7252.466304966175
4392,6752.748554701782
4393,5142.0226304744165
4394,7323.968718327248
4395,5192.559427810035
4396,4746.347162312729
4397,7209.1061369861345
4398,5496.290509412024
4399,6000.784959388701
4400,6844.120685598276
4401,5857.358072477942
4402,5480.912260371297
4403,5546.265307748516
4404,6485.182233790362
4405,4023.7273661418362
4406,4037.2729107311857
4407,4779.174705715427
4408,5236.055607535383
4409,6115.6306415230965
4410,3712.9601758911313
4411,5465.806995420445
4412,6779.794058134338
4413,4606.510241337224
4414,5869.540876380476
4415,4532.027973024733
4416,6587.857551211064
4417,5885.143431702343
4418,4563.57526178281
4419,5290.790980608383
4420,4976.887493484313
4421,6693.744678367122
4422,4513.083167991187
4423,4529.205349576191
4424,4543.094081291513
4425,7349.557509032472
4426,5798.452301657058
4427,6440.280529267664
4428,8622.763380096148
4429,5082.0761641542595
4430,5347.934094281892
4431,10781.70549489265
4432,5045.303025590863
4433,5952.536690715392
4434,5266.277551190778
4435,5413.840165062834
4436,6435.187073613229
4437,4634.20383412427
4438,5384.810130024158
4439,5649.938793213489
4440,4522.500376241923
4441,3999.2537299882856
4442,4425.237389996353
4443,7168.009034832693
4444,7706.84882412951
4445,5343.75203265441
4446,5363.79325083595
4447,5542.692505741975
4448,4129.325791989102
4449,3389.7147693821707
4450,4345.042289892025
4451,5670.1374895749195
4452,5893.0097049133565
4453,5774.296296125984
4454,4914.234723681776
4455,6930.130092628101
4456,7476.1038047113125
4457,6644.4885650458355
4458,5974.1939505451855
4459,6063.636926469252
4460,7053.055391924952
4461,4700.409336565825
4462,5722.926494765147
4463,5817.292350159178
4464,6375.886461148178
4465,4532.909637057492
4466,5190.417979835152
4467,4394.62344926304
4468,7110.629518173104
4469,5723.238576430306
4470,7217.809182475112
4471,7254.437458518542
4472,5001.940317197767
4473,6002.000659150049
4474,13657.395486837218
4475,8628.787394845016
4476,4914.186044027106
4477,3511.5779146705313
4478,6292.538176758579
4479,8030.856473756816
4480,4302.970740813489
4481,10350.635131940142
4482,15882.795775654313
4483,5977.535934179846
4484,3938.7888131328714
4485,6722.940674620736
4486,4358.316361379229
4487,7169.417051737655
4488,4553.17296060677
4489,5811.907944896193
4491,6993.905882265123
4492,6623.173027594464
4493,5642.730798246784
4494,7095.474305088035
4495,6096.207299432409
4496,6411.523429551515
4497,6308.137777168042
4498,5490.98820490696
4499,4846.41026982454
4500,6890.958108057705
4501,4654.78053608569
4502,5377.142356812619
4503,4829.330826797234
4504,4462.808388305971
4505,4577.920865097313
4506,5796.184544225951
4507,4514.13662395137
4508,6722.945346174413
4509,5962.817031305005
4510,6230.611184174593
4511,4686.707992212129
4512,4912.150689969163
4513,4209.8356423056
4514,5251.877826979927
4515,5459.997529179736
4516,5588.978782103855
4517,5721.56600712212
4518,5672.163259201388
4519,5835.065607162282
4520,6230.128126751796
4521,5951.03875760146
4522,3718.4904484912927
4523,3817.5435390371485
4524,6881.3778079984395
4525,5415.855760882332
4526,5446.254437336592
4527,11723.26407567364
4528,6422.627393132693
4529,5887.5425098533615
4530,3994.264090914252
4531,3703.622355207704
4532,4444.15507724478
4533,4325.285741545765
4534,4661.523753267564
4535,6580.252207735473
4536,5224.283867662971
4537,9170.934577763572
4538,10522.309674854772
4539,5943.798835555384
4540,5997.958332202412
4541,4462.80217224192
4542,5880.084560573321
4543,5601.734337953035
4544,9658.869396459299
4545,6374.168951304394
4546,6172.9705203131325
4547,4836.736371818113
4548,5880.084560573321
4549,5507.260233569413
4550,6101.338816555805
4551,5687.528277585211
4552,4990.458867187648
4553,6306.717218067317
4554,5917.913872386142
4555,7044.307235645347
4556,6987.220865185313
4557,5945.078543721989
4558,6487.086321943349
4559,6483.981218208102
4560,8995.785226778251
4561,3838.2923585094773
4562,4749.24990208384
4563,6536.722074592996
4564,7066.334284260445
4565,6241.741580412545
4566,5902.4058898284275
4567,6792.798249223543
4568,7176.868438082247
4569,5495.475646190513
4570,5993.7850852429065
4571,6100.674464722995
4572,4857.378308357702
4573,11657.711414763568
4574,13373.380239466074
4575,6160.280198684011
4576,6310.80890958672
4577,6899.996896907278
4578,6633.211981790285
4579,7324.967895810243
4580,3878.208095778556
4581,5226.348152825286
4582,6579.93244590564
4583,6669.34492984934
4584,3665.315503154028
4585,4652.564804271591
4586,5069.468015674945
4587,4577.5454339357975
4588,5608.211052112226
4589,4033.9171654893767
4590,3848.5686530400085
4591,6062.827506008758
4592,3912.94814653877
4593,4097.073531627457
4594,5085.431942094365
4595,5201.506462906653
4596,7153.422662392012
4597,8452.1564670333
4598,6876.804641157317
4599,5822.843948912834
4600,6311.224871820824
4601,8069.476932111342
4602,5912.3561054454085
4603,4137.856187540404
4604,5451.912633283643
4605,9047.940377050227
4606,5092.834956410369
4607,6506.872041552164
4608,5496.064499641488
4609,4910.449480268601
4610,6242.616986959307
4611,5259.2094232097215
4612,5717.812648853808
4613,6947.3606550411605
4614,7552.4447443674035
4615,9495.233404989489
4616,4302.837386468423
4617,7705.810675783837
4618,4196.275536155773
4619,4778.303718798089
4620,5429.438589982698
4621,4152.9674633454815
4622,6388.767377929174
4623,4285.037824805823
4624,6031.116880238121
4625,5858.833123174013
4626,8895.462068449639
4627,7452.746409991214
4628,4757.062655580475
4629,4976.7338186066845
4630,5952.127364529079
4631,6605.0458099363705
4632,7203.670315984887
4633,5628.1164605836075
4634,5789.8574959331745
4635,6089.9914883441415
4636,5564.376023619613
4637,5249.019707615443
4638,6566.744337220463
4639,5791.217566800508
4640,9826.464639560729
4641,6508.670588745599
4642,11318.723941971499
4643,5405.664032223583
4644,6806.667194510004
4645,3786.978028663953
4646,5636.871767637338
4647,5379.080480309228
4648,5675.0246819119775
4649,5930.831083665545
4650,5915.255379358623
4651,3984.5487071060425
4652,6281.463179008682
4653,5254.300132257023
4654,7482.720664658941
4655,5964.148135260436
4656,5302.528784825183
4657,6318.424882998238
4658,5730.295106749266
4659,6483.812358231776
4660,6464.164170656841
4661,5157.87591318626
4662,5663.006222070259
4663,5812.031244992601
4664,8321.870215087009
4665,7081.383480492963
4666,4872.42326293149
4667,4855.836610876197
4668,6050.285948972157
4669,5831.65586092625
4670,4964.537472225861
4671,5961.203830645476
4672,5030.02225177358
4673,5541.244066506365
4674,6302.743891247424
4675,6489.051109861474
4676,5192.058250683113
4677,5076.703567505681
4678,5711.631597273177
4679,6058.584365121027
4680,4777.02026789272
4681,4649.922451517661
4682,6683.820177204152
4683,5821.673455972938
4684,6903.393133988264
4685,8072.9757564355705
4686,6695.8140143627315
4687,4400.253173162057
4688,5744.109416024814
4689,8243.866617319221
4690,6272.916561364186
4691,5685.367526480494
4692,5499.30075080183
4693,5432.595205273826
4694,4532.250028531469
4695,4931.794485798776
4696,9403.920787769943
4697,5980.343713422224
4698,6409.868092295336
4699,4799.219147769757
4700,3001.249636980777
4701,8320.242543002258
4702,5848.76372201244
4703,5295.830855981394
4704,4222.942995098907
4705,5974.093171594752
4706,5317.287690504955
4707,5046.6249688661
4708,5839.995930959965
4709,6455.491008677392
4710,4203.4460351071375
4711,3981.053559322097
4712,3840.2699145529905
4713,6867.846385716088
4714,13858.857531982503
4715,4511.331158699158
4716,5576.999088849286
4717,6437.57481718812
4718,4326.494309107416
4719,4647.39721009129
4720,5451.705682905409
4721,4089.1962863104504
4722,7292.320404413383
4723,6556.585615657794
4724,3187.3026230037976
4725,5893.407144640441
4726,4053.187516338834
4727,4501.407999230312
4728,6078.258689228029
4729,6500.350855794382
4730,8330.070423387855
4731,4827.214543249794
4732,5269.157425789086
4733,4394.929554089572
4734,6050.649539181419
4735,12472.139312082501
4736,7095.922644287488
4737,6309.464193643835
4738,4288.862658773575
4739,5658.037651729006
4740,4751.693223957965
4741,4399.854085940809
4742,6760.424664587738
4743,4776.926106910493
4744,5954.198546677061
4745,6447.147019311953
4746,5060.205732145465
4747,4358.843365732614
4748,4597.243899807595
4749,6325.487117465811
4750,5626.9022566678495
4751,4436.09388254925
4752,5166.384041210554
4753,6302.5629923080305
4754,6661.361735275137
4755,6318.548156475752
4756,6571.2477074695935
4757,3860.3657545324827
4758,7351.444130711516
4759,5050.705665698063
4761,4976.961434006099
4762,5941.325570596314
4763,4814.512284070008
4764,6799.992793539893
4765,5313.459009163777
4766,5983.762382023419
4767,5591.853575357246
4768,4910.412441015258
4769,5387.0908557374605
4770,4629.1047178516465
4771,6388.045882251214
4772,5370.0922551631065
4773,3932.603461173924
4774,7525.614092225068
4775,4366.818233560596
4776,4533.271714886249
4777,5712.032649264719
4778,7449.32212407026
4779,8587.712681519522
4780,4706.853499493701
4781,5526.152496905562
4782,5398.00501299943
4783,6087.046526163121
4784,5413.436815992347
4785,7197.27832653833
4786,3603.8739293735016
4787,5315.348537263644
4788,5324.681288162455
4789,4595.511802835515
4790,4197.404674058338
4791,6182.299019898653
4792,5900.479965995959
4793,5373.513044924568
4794,6063.6036198406255
4795,6271.360139710037
4796,7594.287263194977
4797,4553.996181968775
4798,4842.535579958281
4799,5207.304119346056
4800,6150.486968751101
4801,6277.77065993703
4802,3707.5021504338065
4803,7835.079757133872
4804,6000.365275670956
4805,6055.790141605554
4806,5099.014103663184
4807,3576.815205092632
4808,5711.53758678654
4809,4540.658760377117
4810,6845.255130497998
4811,5395.0848689922
4812,5079.014403675455
4813,6842.661349259269
4814,4965.419151085163
4815,5543.23381744937
4816,7039.880249466169
4817,4614.516771572483
4818,6806.651848532053
4819,7879.709684651911
4820,6137.3582521862245
4821,4042.154053286792
4822,4570.369341310654
4823,3617.957478604656
4824,3346.828695745313
4825,5114.1806646411715
4826,5734.807489473958
4827,6145.228629692589
4828,4350.589716059732
4829,5402.648491412212
4830,5030.705273162619
4831,8872.360711477928
4832,5226.646464793573
4833,5038.590185956013
4834,5556.939707457012
4835,6491.693511002983
4836,5811.167626510104
4837,5597.013716365966
4838,6050.049826506183
4839,7822.997703701733
4840,6119.247746168265
4841,6459.194744647167
4842,5963.8244173062285
4843,5018.152685200632
4844,5117.01965392686
4845,7547.4843523195705
4846,6956.069283077181
4847,4955.600908850374
4848,12812.079326863817
4849,4939.398544431434
4850,5148.607163488715
4851,4710.97437261112
4852,7153.754201988909
4853,6778.689549245457
4854,6111.119259282236
4855,6758.584851440503
4856,6503.072141396597
4857,5867.034087344098
4858,6129.308442785678
4859,4717.205290031185
4860,4334.949805286774
4861,5324.292471833763
4862,4314.465020534845
4863,3815.5744287773487
4864,7389.204964323003
4865,16679.478443991902
4866,5574.010006815468
4867,4156.612654025393
4868,4953.6465259786655
4869,4214.096781091379
4870,5748.723120240736
4871,2736.3862196698874
4872,6666.216275132028
4873,6181.1458860454395
4874,5712.745150154607
4875,8383.629576382273
4876,10017.691433821114
4877,5358.282590815277
4878,4432.815575542717
4879,4936.350452099312
4880,5354.315816232863
4881,5729.050220647553
4882,7319.4426966084675
4883,4062.6081207397406
4884,4495.3541839317295
4885,5461.234275932239
4886,5376.554028261982
4887,4863.363942278181
4888,5775.440945814927
4889,4698.8432785008035
4890,6733.006005437697
4891,5915.4048707606735
4892,5484.045245431586
4893,4424.806931749136
4894,4373.262326133945
4895,5736.779197026344
4896,4192.850098546145
4897,6460.118459023438
4898,5035.509862245492
4899,3793.6268457072074
4900,6168.039965006691
4901,4979.214126298177
4902,4961.724040951773
4903,4771.697603049457
4904,5418.702774264027
4905,6532.5935791625025
4906,5955.912606899729
4907,5752.4675773402005
4908,4642.086742004349
4909,4512.085152500678
4910,7128.014513203267
4911,6013.105316135235
4912,4636.0492429873575
4913,5552.115361448094
4914,8998.076639324303
4915,6454.144615142803
4916,4809.213093424284
4917,5278.156175075597
4918,5968.388833780329
4919,6467.186309318338
4920,5701.361918075035
4921,7421.392453385574
4922,5455.587430641242
4923,5422.573614521129
4924,4195.571869928396
4925,2728.737670880465
4926,5119.748153934835
4927,16157.739473141437
4928,3234.8264856940445
4929,4398.96726275131
4930,6657.285609796155
4931,6618.80973182464
4932,5531.195400388143
4933,6498.384510811214
4934,4546.240131893403
4935,5927.351751774593
4936,4715.807256011729
4937,5769.735109172531
4938,4405.937473760512
4939,5184.114526366635
4940,5780.273389379843
4941,4430.2712657999655
4942,6888.719143871248
4943,6283.096299555308
4944,4276.961846010852
4945,5780.440360657069
4946,5493.783452201494
4947,3341.854982168101
4948,6431.954189469675
4949,5255.699613435859
4950,4965.824167719608
4951,7659.708641214558
4952,6316.759777575517
4953,6142.386367015066
4954,4995.435850625238
4955,4303.942780752441
4956,4924.858583262327
4958,5864.230851182118
4959,3798.3183160414087
4960,5847.872942296817
4961,4634.971320411705
4962,6314.893508209577
4963,4570.011199324055
4964,5373.959296670335
4965,5356.87332221166
4966,6535.353849319246
4967,4908.167583910579
4968,6188.109282751814
4969,5499.896291007967
4970,5430.857285144984
4971,6049.1719662639325
4972,6637.520538208864
4973,5254.934477175019
4974,6376.644048070238
4975,5933.821675611496
4976,4904.490149199752
4977,7837.77757837801
4978,5977.04025741877
4979,6827.546877793938
4980,7562.081046564959
4981,7337.392643481816
4982,3783.6827979889426
4983,6776.250509591893
4984,6461.426334224775
4985,6760.104866828585
4986,6018.291157477207
4987,6636.0323256794445
4988,6721.68875060934
4989,4363.7988370743315
4990,5076.246352927593
4991,4460.752200882628
4992,5916.276723818488
4993,5880.141675891855
4994,4723.97372569226
4995,4851.16147234446
4996,6257.653543861912
4997,5621.485698586505
4998,6349.599009595482
4999,5528.689520900352
5000,6647.881199703805
5001,4393.212299080728
5002,5220.761025274387
5003,5508.607386235291
5004,4267.867938211549
5005,5607.904425951084
5006,6451.9964742777975
5007,5444.795988521433
5008,5345.19838693973
5009,3294.6732414119797
5010,6099.924177933298
5011,5635.62858011665
5012,7336.812417449495
5013,5183.317479510936
5014,2915.87610503598
5015,5312.6626326794885
5016,7363.251532906576
5017,4507.338748749227
5018,6407.727608870859
5019,6194.094644986812
5020,6165.426402603372
5021,5034.858908631575
5022,3027.4309486251327
5023,5273.7154459348
5024,6185.867018998792
5025,5615.39219191089
5026,6411.6399203315195
5027,6498.415440718159
5028,5003.646868272332
5029,6104.1172496337595
5030,3527.6974232589723
5031,2432.036366662359
5032,5737.559116746157
5033,9163.588504479409
5034,5550.602688498631
5035,5192.768097981263
5036,3734.90069412409
5037,5030.77038188505
5038,8109.6594479328505
5039,4628.7763695672775
5040,6216.935249183447
5041,4122.187902707077
5042,4086.0841374489414
5043,4557.849890754835
5044,4986.889273454587
5045,4529.10663101173
5046,4181.017172044497
5047,5923.953562916972
5048,3651.387967016101
5049,6645.575329598644
5050,5110.064809915118
5051,5617.4397068445805
5052,5122.868242972266
5053,6287.773376957032
5054,4714.2859113236655
5055,4452.501993785725
5056,6338.934280426629
5057,5338.855875904008
5058,6435.3489518166825
5059,2471.5588320161655
5060,7740.118493247913
5061,5777.437012957804
5062,5138.293858844353
5063,6362.6460079271255
5064,8546.271104558393
5065,6197.189849480476
5066,5813.163946860702
5067,5379.695539813857
5068,7281.8197752837605
5069,10001.570660946065
5070,4265.135859398508
5071,5380.503975724861
5072,5677.331832859161
5073,6647.153450129444
5074,5853.943166794261
5075,7587.124173046747
5076,6764.026847796844
5077,5899.549905303757
5078,3914.3435296264774
5079,6028.633374123111
5080,5697.252646110655
5081,4321.611902187841
5082,6198.181709265573
5083,3842.482382199127
5084,6228.232146670668
5085,5522.945268617381
5086,5228.46957511691
5087,6971.2992400740495
5088,4860.197315678809
5089,5701.531475327044
5090,6370.289571450639
5091,5922.254974782361
5092,7040.995400559582
5093,5194.695659000059
5094,6513.624616032096
5095,5377.630111467316
5096,5733.526412723825
5097,6907.314486246675
5098,3806.942991223562
5099,6870.651591505944
5100,6177.517121029021
5101,5091.11510095177
5102,6533.630470735287
5103,4381.634587751143
5104,5180.298962116222
5105,5566.766515060366
5106,3215.2287098576926
5107,3151.458743640292
5108,5893.7416109358865
5109,6360.274619701552
5110,8417.465427710582
5111,5135.57003993834
5112,5181.461693440439
5113,4855.976419373029
5114,6091.274729111191
5115,4235.918033952334
5116,8761.09806448438
5117,6484.234640846496
5118,12072.242792778665
5119,5726.9987183309795
5120,4607.304254168847
5121,8852.484062292287
5122,6811.5757405914255
5123,4030.9071978811203
5124,7813.750638148662
5125,6212.84473946279
5126,5012.979988592328
5127,4846.520705975342
5128,4151.416671039742
5129,3968.198576896916
5130,4390.075608677389
5131,4634.274076606162
5132,3491.907552715205
5133,8110.334331618426
5134,5727.045890969952
5135,22468.795457650933
5136,7184.907750464386
5137,4447.17452469655
5138,5670.21805279292
5139,7329.372420298388
5140,5056.241968805713
5141,5753.4343084887405
5142,4763.237751604841
5143,6512.176139358776
5144,6475.596709373273
5145,4022.9783454974586
5146,4633.186212439628
5147,6238.755564214335
5148,6399.444942941987
5149,5841.893788454094
5150,6725.111027216183
5151,5384.635281493999
5152,4154.552265190487
5153,5160.179637182204
5154,7779.66879327004
5155,7959.612764863913
5156,7516.746732940314
5157,6600.258780003644
5158,4087.526388171735
5159,6111.766740818028
5160,4008.019317467284
5161,8086.934865711695
5162,7316.045444486582
5163,7573.52600228708
5164,5289.044442287874
5165,3695.7264162608076
5166,4243.4827620838205
5167,5563.913466111524
5168,8018.478887848193
5169,5535.51003299098
5170,4865.005728103943
5171,4244.420054621547
5172,6335.7522094521155
5173,4910.011944642838
5174,6366.055249229913
5175,4640.760438588963
5176,5945.907867035777
5177,6321.574556118472
5178,5258.963186783595
5179,6532.448827256165
5180,5535.423306126709
5181,4865.589097893267
5182,5001.002497051039
5183,6157.031284610256
5184,9044.46423632762
5185,5650.434343279055
5186,6490.784334089175
5187,6539.85933748901
5188,7391.403721565408
5189,6619.395149679119
5190,7436.556535218807
5191,4113.295895104481
5192,5999.453327439987
5193,5600.474898434276
5194,5773.956987409363
5195,7664.396294529375
5196,7127.757800190022
5197,4895.613716048505
5198,5961.867695878778
5199,6214.272453253315
5200,7220.012624399054
5201,4942.934647041138
5202,8923.688264460667
5203,3865.3450862283325
5204,5879.272992261516
5205,6101.121821259454
5206,5130.329132303354
5207,5243.7960775444235
5208,5747.89652010299
5209,6249.518767033733
5210,4896.589057080379
5211,5456.293264574109
5212,6767.300157149546
5213,6249.7320253315875
5214,5691.941594624463
5215,4862.5990262547975
5216,5579.415474468291
5217,6708.3939134115935
5218,5984.562151772306
5219,5021.800041324676
5220,6786.900351298504
5221,5578.393408570205
5222,6575.571503867448
5223,7126.23594006059
5224,5445.89168772698
5225,6431.329837715684
5226,5984.176470091161
5227,5563.1067668881005
5228,5859.947656526623
5229,5193.4712474133985
5230,4975.693721893414
5231,4600.959276025622
5232,5904.076617012125
5233,5682.69622536805
5234,4404.498808221469
5235,4550.242266134382
5236,5743.428486032296
5237,5359.750438746888
5238,5193.790697184199
5239,7242.316610706752
5240,5292.790638094701
5241,5814.60163439503
5242,5357.494256770104
5243,4678.739348441315
5244,5541.590044807514
5245,6781.335201937
5246,5885.055019987811
5247,7252.466304966175
5248,6752.748554701782
5249,5172.563302041314
5250,7341.932670213218
5251,5768.847843169444
5252,5767.089491315033
5253,7307.869300345059
5254,5526.831180978922
5255,6697.826273330373
5256,6691.538680035038
5257,5887.89874404484
5258,5579.675423730221
5259,6205.355157538868
5260,6485.182233790362
5261,4559.697016995839
5262,4768.865152806123
5263,4982.378330430414
5264,5947.1060242442045
5265,5987.69590949261
5266,4213.291344076772
5267,6063.62590120158
5268,6568.746309929647
5269,5317.560658046045
5270,5900.081547947374
5271,5120.267385558235
5272,6712.739356553136
5273,5964.973634556959
5274,5152.9179088791425
5275,5150.3869843867515
5276,5565.126906017816
5277,6693.744678367122
5278,4789.242992624601
5279,5568.428103532526
5280,4573.634752858411
5281,7380.09818059937
5282,5831.563255418719
5283,6067.471360831643
5284,8280.05295913321
5285,5358.931705604021
5286,5347.934094281892
5287,10585.18584831671
5288,5618.718156531319
5289,5952.536690715392
5290,6080.092387326895
5291,5321.41971653991
5292,6435.187073613229
5293,4929.715332090792
5294,5738.737521756934
5295,6511.274635259982
5296,5229.523512450295
5297,4079.083932842902
5298,5276.523248074139
5299,7079.909741801318
5300,7554.730684381414
5301,5374.292704221308
5302,5394.333922402848
5303,5573.233177308873
5304,4793.443220127727
5305,3844.295415129089
5306,4875.149414177948
5307,5670.1374895749195
5308,5893.0097049133565
5309,6130.733398323944
5310,5640.808564378856
5311,6930.130092628101
5312,7476.1038047113125
5313,6644.4885650458355
5314,5974.1939505451855
5315,6790.210767166332
5316,7083.59606349185
5317,5289.751983662157
5318,5774.259541595722
5319,5817.292350159178
5320,6375.886461148178
5321,4612.7398399121075
5322,5251.417337264478
5323,4425.164120829938
5324,7747.088730791809
5325,5753.779247997204
5326,7217.809182475112
5327,7412.074699107544
5328,5261.940044425393
5329,6032.5413307169465
5330,13677.504588204883
5331,8763.800040403657
5332,4895.76505213896
5333,3542.11858623743
5334,6292.538176758579
5335,7676.453148887447
5336,5183.688457050619
5337,10476.15558241349
5338,15913.33644722121
5339,5042.640194463312
5340,5081.047620421867
5341,6427.9180785161725
5342,4947.659008475561
5343,7436.6514153178005
5344,5362.90361262902
5345,6418.420531692963
5347,7042.798507751362
5348,6623.173027594464
5349,6159.57105305853
5350,7095.474305088035
5351,6023.325640807447
5352,6411.523429551515
5353,6174.613961954924
5354,5295.210906561595
5355,5412.193737978208
5356,6921.498779624603
5357,4685.321207652588
5358,5456.972559667235
5359,5518.050977312933
5360,5052.151035402303
5361,4667.725891912459
5362,5859.14903514953
5363,5140.742820777175
5364,6772.117763023701
5365,6061.580194663929
5366,6127.425891275369
5367,5203.548247023876
5368,4912.150689969163
5369,5193.654757335263
5370,6073.15376866836
5371,5533.510292641655
5372,5500.544636255127
5373,6304.566344545816
5374,5702.703930768286
5375,6573.16492395249
5376,6627.6145181392685
5377,5981.579429168358
5378,4558.108657946278
5379,4605.116874004431
5380,6911.918479565337
5381,5446.39643244923
5382,5842.166190449298
5383,11871.149062355295
5384,6422.627393132693
5385,6169.365546446371
5386,4024.8047624811493
5387,4572.911606904192
5388,4943.959946042976
5389,4564.861800635589
5390,5351.331906065256
5391,7095.094915246352
5392,5224.283867662971
5393,10644.687145442698
5394,10647.039272317677
5395,5861.505682892543
5396,6491.270549291565
5397,4934.986897191473
5398,6394.9272680842
5399,5888.444834753406
5400,9554.044660542624
5401,6537.021693113977
5402,6507.22987380604
5403,5225.295266490358
5404,6394.9272680842
5405,5507.260233569413
5406,6853.086828000364
5407,5718.068949152109
5408,5571.259754287942
5409,6306.717218067317
5410,5917.913872386142
5411,7044.307235645347
5412,7480.380536001569
5413,5945.078543721989
5414,7067.887209043643
5415,6483.981218208102
5416,8995.785226778251
5417,4432.35701127998
5418,4779.790573650738
5419,6536.722074592996
5420,7066.334284260445
5421,6241.741580412545
5422,5982.236092683043
5423,6719.916590598581
5424,7176.868438082247
5425,5495.475646190513
5426,6232.225900708207
5427,6194.568459610438
5428,4984.475349237589
5429,11207.745890969994
5430,13368.244696209938
5431,6240.110401538626
5432,6310.80890958672
5433,6930.537568474176
5434,7105.2413830298165
5435,7818.1275666265
5436,4620.680056204609
5437,5698.377554064818
5438,6579.93244590564
5439,6699.8856014162375
5440,4158.8753948152835
5441,4870.149329047667
5442,5069.468015674945
5443,5187.203440098388
5444,6383.681684075148
5445,4429.963335100456
5446,4172.4964689689805
5447,6062.827506008758
5448,4580.596501207442
5449,4127.614203194355
5450,5085.431942094365
5451,5385.169389373788
5452,7153.422662392012
5453,7144.589719946726
5454,7311.268303840638
5455,5822.843948912834
5456,6311.224871820824
5457,8464.418847553014
5458,6421.6487964102025
5459,4565.616727081895
5460,5451.912633283643
5461,7736.256924668803
5462,5585.994627226626
5463,6506.872041552164
5464,5496.064499641488
5465,5017.2073118077205
5466,6359.805240532089
5467,5397.411830759873
5468,5717.812648853808
5469,6947.3606550411605
5470,7454.226988992815
5471,10021.20311310293
5472,5246.525713462704
5473,7613.173792493166
5474,4520.203352084744
5475,4808.844390364987
5476,5459.979261549596
5477,4183.508134912379
5478,6177.037939613654
5479,4850.214597649967
5480,6206.379529544785
5481,6389.944258141589
5482,9256.82410876156
5483,7034.533721768572
5484,5250.622547241733
5485,5448.362999001214
5486,6775.28368230717
5487,6605.0458099363705
5488,7255.002454298134
5489,5628.1164605836075
5490,5820.398167500072
5491,6350.448839667375
5492,5564.376023619613
5493,5742.579599276701
5494,6566.744337220463
5495,6284.377237616765
5496,9645.710316534794
5497,6508.670588745599
5498,9906.346207324863
5499,5436.20470379048
5500,6806.667194510004
5501,4119.881115244858
5502,5897.329118960571
5503,5409.621151876126
5504,5675.0246819119775
5505,6423.990754481802
5506,5915.255379358623
5507,4456.578108345574
5508,6281.463179008682
5509,5747.4598030732795
5510,6356.142638814945
5511,5964.148135260436
5512,5716.567837558634
5513,6318.424882998238
5514,5760.835778316164
5515,6955.441538626305
5516,5775.46731476681
5517,5157.87591318626
5518,5663.006222070259
5519,6321.611889538451
5520,8347.958617293782
5521,7081.383480492963
5522,4922.713412901224
5523,5619.531650458581
5524,6543.445619788413
5525,6169.71168203125
5526,5458.097363887119
5527,6454.363501461733
5528,5589.292648452149
5529,5541.244066506365
5530,6302.743891247424
5531,6489.051109861474
5532,5238.488269756721
5533,5840.596318477472
5534,5711.631597273177
5535,6058.584365121027
5536,5212.189590202896
5537,4729.752654372277
5538,6683.820177204152
5539,6861.896568430467
5540,6903.393133988264
5541,8553.922105045674
5542,6695.8140143627315
5543,5416.898577685731
5544,6237.26908684107
5545,8639.912786930307
5546,6766.076232180443
5547,5765.19772933511
5548,5992.860642463088
5549,5963.706340241401
5550,4922.8139324177155
5551,5255.722301727747
5552,8225.398916593127
5553,5980.343713422224
5554,6781.969964655659
5555,5466.8675024384265
5556,3143.773889258314
5557,9088.209859740562
5558,5965.084849906711
5559,5295.830855981394
5560,4694.572175493437
5561,5070.674265945743
5562,5943.189462945074
5563,5568.9088150294965
5564,5431.916134222959
5565,6455.491008677392
5566,4167.746727522115
5567,4087.8113908612163
5568,4333.8298062142485
5569,7006.18147301997
5570,14240.739696897206
5571,4555.695534489172
5572,5576.999088849286
5573,6488.906955501367
5574,4762.063852262592
5575,4727.227412945906
5576,5451.705682905409
5577,4476.41963087311
5578,6594.012937812998
5579,6556.585615657794
5580,3598.4714343718038
5581,5923.947816207339
5582,4377.1153322678065
5583,4973.037179624843
5584,6108.7993607949265
5585,6678.944222007924
5586,8381.402561701108
5587,5547.756111056237
5588,5375.915257328205
5589,4425.47022565647
5590,6050.649539181419
5591,12561.422914547069
5592,7095.922644287488
5593,6408.227357002759
5594,4617.545405882551
5595,5658.037651729006
5596,5244.852894774221
5597,4893.413977602067
5598,7658.283452909922
5599,5037.383458233726
5600,5858.6128508437105
5601,6404.482685946382
5602,5090.746403712363
5603,4852.403257393871
5604,4647.5340497773295
5605,6356.027789032709
5606,5657.442928234747
5607,4826.657786435497
5608,5300.728834065071
5609,6302.5629923080305
5610,6691.902406842035
5611,6811.707827292008
5612,6571.2477074695935
5613,4274.404807265935
5614,7071.349352333773
5615,5010.464867389367
5617,5470.521325667356
5618,6559.284173132266
5619,5138.440099998979
5620,6799.992793539893
5621,5785.088189558307
5622,6028.653256869433
5623,5591.853575357246
5624,5403.972332676516
5625,5417.631527304358
5626,4708.934920706262
5627,6388.045882251214
5628,5449.922458017722
5629,4600.251815842596
5630,7525.614092225068
5631,4829.76478321001
5632,4533.271714886249
5633,5985.042867266668
5634,7529.1523269248755
5635,8445.553385279356
5636,5251.116923164061
5637,6019.312167721819
5638,4890.561471311889
5639,5880.184678781006
5640,5413.436815992347
5641,7197.27832653833
5642,3634.4146009403994
5643,5291.28822131062
5644,5649.094209774955
5645,4701.967063716186
5646,4205.509858848672
5647,6182.299019898653
5648,5931.020637562857
5649,5866.672715740825
5650,6872.402431906259
5651,6271.360139710037
5652,7258.044164233763
5653,4541.872520170102
5654,5256.574632691732
5655,5678.933299740585
5656,6242.46279262407
5657,6941.518225493546
5658,4179.53155167334
5659,7835.079757133872
5660,6030.905947237854
5661,6086.330813172452
5662,4936.401366501246
5663,3803.097867712074
5664,5711.53758678654
5665,5210.411285984651
5666,6845.255130497998
5667,5553.296372893875
5668,5185.772235214574
5669,6842.661349259269
5670,5072.176982624283
5671,5573.774489016268
5672,6705.602991873625
5673,4858.321790307009
5674,6912.614527608814
5675,7910.2503562188085
5676,6161.125372678282
5677,4334.833528206274
5678,4487.933033868076
5679,4257.668950085696
5680,3485.4023507874917
5681,6296.8980153282
5682,5814.637692328575
5683,6848.72543731104
5684,4430.419918914348
5685,5646.303216879284
5686,5583.569277075281
5687,8837.96447053151
5688,5226.646464793573
5689,5069.13085752291
5690,5556.939707457012
5691,6952.613606519258
5692,5811.167626510104
5693,6225.221455162476
5694,6611.214426792207
5695,7607.82177581602
5696,6119.247746168265
5697,6459.194744647167
5698,6050.2672741474935
5699,5490.182086440163
5700,5147.560325493758
5701,7547.4843523195705
5702,7334.757272266132
5703,5865.588200523803
5704,12812.079326863817
5705,5041.254256730915
5706,5148.607163488715
5707,4983.984590613069
5708,7153.754201988909
5709,6778.689549245457
5710,6141.659930849134
5711,6606.002845877265
5712,6503.072141396597
5713,5453.126964356409
5714,6129.308442785678
5715,4747.745961598082
5716,5261.6781765540145
5717,5354.83314340066
5718,4858.728444205205
5719,4139.502244706321
5720,7389.204964323003
5721,14736.880961436887
5722,6097.223142950172
5723,5300.378743212752
5724,5518.326103928809
5725,4214.096781091379
5726,5847.48628359966
5727,3533.89343772297
5728,7432.785631258147
5729,6181.1458860454395
5730,6235.958286289311
5731,8944.794176668298
5732,10132.599687214757
5733,5844.63257456438
5734,5635.317148724502
5735,4936.350452099312
5736,5461.073647771982
5737,6173.628952737351
5738,7319.4426966084675
5739,4093.1487923066384
5740,4495.3541839317295
5741,5414.543003859748
5742,5376.554028261982
5743,5259.726271473143
5744,5775.440945814927
5745,5222.056414635508
5746,6392.723291711521
5747,6439.018227740379
5748,5736.781475710047
5749,4455.347603316034
5750,4403.802997700843
5751,6384.791264880743
5752,4072.126221631519
5753,6983.331595158142
5754,5066.050533812389
5755,4214.917297984407
5756,6564.086134617772
5757,5009.754797865075
5758,4961.724040951773
5759,5363.150943084276
5760,5449.243445830924
5761,7056.206936142208
5762,6653.614426886848
5763,5752.4675773402005
5764,4846.076411758197
5765,5071.355549179247
5766,6812.908403135641
5767,6013.105316135235
5768,4666.589914554255
5769,5882.746300518895
5770,8784.821804274694
5771,6199.087017732389
5772,5863.561690720287
5773,6598.951806617037
5774,5717.115898109664
5775,6990.399445453043
5776,5731.9025896419325
5777,8000.095801646187
5778,5486.128102208139
5779,5422.573614521129
5780,4558.9991038279
5781,3907.902083932617
5782,5530.916965302843
5783,16157.739473141437
5784,3794.0968823726107
5785,4478.797465605926
5786,7180.498745930859
5787,6618.80973182464
5788,5859.878147497118
5789,6498.384510811214
5790,4576.7808034603
5791,5844.250909461601
5792,4746.347927578627
5793,6293.348466152237
5794,4871.5604822341365
5795,5707.727883346341
5796,5810.814060946741
5797,4414.024557763287
5798,6895.293931352141
5799,6283.096299555308
5800,4276.961846010852
5801,6303.653496791773
5802,6851.957332844398
5803,3695.0334450300293
5804,6431.954189469675
5805,5286.2402850027565
5806,5064.587331078533
5807,7659.708641214558
5808,6316.759777575517
5809,6545.988248279367
5810,5519.049207604944
5811,4498.530929944014
5812,5834.845874935755
5813,3787.7180454433155
5814,6387.443987316823
5815,4071.3285340433567
5816,5733.2290803385495
5817,5158.584677391411
5818,6314.893508209577
5819,4953.660075455103
5820,6021.971364524734
5821,5726.444033272107
5822,6565.894520886144
5823,5431.780940890284
5824,6405.693807527892
5825,5606.654122547087
5826,5818.080629707643
5827,6572.385102398637
5828,6726.80414067343
5829,5254.934477175019
5830,6220.26313145675
5831,6457.0348117462
5832,4388.992677366484
5833,7837.77757837801
5834,5977.04025741877
5835,6777.738345573362
5836,7668.8388781040785
5837,7294.515325098151
5838,4255.712199228476
5839,7189.8893414803415
5840,7390.975999801082
5841,6760.104866828585
5842,6125.048989016326
5843,6636.0323256794445
5844,6473.812567857395
5845,4751.02218163699
5846,5599.859709907298
5847,4926.3752093562525
5848,5485.693977280874
5849,5910.682347458753
5850,5247.587082671966
5851,4881.702143911358
5852,6257.653543861912
5853,5671.77584855624
5854,6349.599009595482
5855,6089.854121186376
5856,5670.597599370284
5857,4827.209932843128
5858,6141.935643614372
5859,6031.820522369996
5860,5229.918966946155
5861,5568.608066591342
5862,6202.442367466952
5863,6055.650340940175
5864,5375.739058506628
5865,3758.735265917762
5866,6099.924177933298
5867,6003.312706379498
5868,7367.353089016393
5869,5706.53061564564
5870,3797.4001579288138
5871,5206.386418889528
5872,7363.251532906576
5873,5205.040568736345
5874,6407.727608870859
5875,6194.094644986812
5876,6034.132720674105
5877,5034.858908631575
5878,3586.7013453037007
5879,5304.256117501698
5880,6185.867018998792
5881,5645.932863477788
5882,6651.760309154455
5883,6549.747579031406
5884,5314.788374717738
5885,6889.727436339432
5886,3937.7507597706153
5887,2896.098391168139
5888,5737.559116746157
5889,9279.404296935474
5890,6073.815824633336
5891,5716.381454960968
5892,4132.405232642731
5893,5641.624734303791
5894,7400.1576628161565
5895,4659.317041134175
5896,6216.935249183447
5897,4455.930413145454
5898,4292.59083696427
5899,4971.888943488285
5900,5310.817089383559
5901,5052.719987991435
5902,4653.0465732840275
5903,5923.953562916972
5904,4116.228993245624
5905,6704.617222719105
5906,5226.508664157373
5907,5617.4397068445805
5908,5646.4815999519715
5909,6287.773376957032
5910,4753.116033734634
5911,4780.249603436775
5912,6338.934280426629
5913,5738.215611933428
5914,6435.3489518166825
5915,3134.390129418713
5916,8252.137656843504
5917,5777.437012957804
5918,5138.293858844353
5919,6362.6460079271255
5920,7502.72752392871
5921,6499.677050294354
5922,5813.163946860702
5923,5877.262090812502
5924,7312.360446850658
5925,10004.958894696094
5926,4570.871602169582
5927,5411.044647291759
5928,5677.331832859161
5929,6731.211113211816
5930,5989.87219964223
5931,7012.979185322664
5932,6987.319873119537
5933,5671.811128559459
5934,4437.956886606184
5935,5454.243955020652
5936,7108.319739891333
5937,4787.2349106614665
5938,6198.181709265573
5939,4148.218124970204
5940,6228.232146670668
5941,5553.485940184279
5942,5751.682711251614
5943,7520.179660472621
5944,5325.420103307432
5945,5701.531475327044
5946,6370.289571450639
5947,6001.4105186250945
5948,7071.53607212648
5949,5717.908795134763
5950,6513.624616032096
5951,5457.460314321933
5952,6256.739548858529
5953,7046.002690092561
5954,4163.596331921661
5955,7394.264948485649
5956,6177.517121029021
5957,5091.11510095177
5958,6533.630470735287
5959,4993.0634607808815
5960,6236.313534882167
5961,6022.557931046245
5962,3299.2863729400647
5963,3762.313096059035
5964,5893.7416109358865
5965,7142.076096464559
5966,8148.919297097433
5967,5135.57003993834
5968,5320.945049748683
5969,5373.081026519733
5970,6091.274729111191
5971,4759.531390932038
5972,8791.638736051278
5973,7094.774130284352
5974,10070.191082025574
5975,5030.456881875045
5976,5029.460061177408
5977,8852.484062292287
5978,7120.10639819894
5979,4358.75266749032
5980,7896.717898349106
5981,5568.312551868341
5982,4834.99285340762
5983,4673.235874608302
5984,3989.564079796034
5985,4821.977136595787
5986,4719.862820300907
5987,4664.81474817306
5988,3963.9369539547347
5989,8052.541715025631
5990,6363.564286890278
5991,21328.01192283389
5992,5995.387849242568
5993,4141.020012695964
5994,5618.201985816275
5995,7345.130320632192
5996,5051.881724665188
5997,5759.925841790888
5998,4741.57010776869
5999,6623.126451927502
6000,6563.938896745639
6001,3954.2980978686774
6002,4714.899713095422
6003,5755.45811513232
6004,6384.405985822408
6005,5896.811337071393
6006,6580.3608716168865
6007,5043.514493920562
6008,4236.265765846281
6009,5122.263238739787
6010,7879.5224511708875
6011,8034.699548530585
6012,7546.955587331432
6013,6211.673996719497
6014,4000.251373610496
6015,5760.806026583725
6016,3957.568037296527
6017,7635.225449030488
6018,6894.700158675907
6019,7570.88490431569
6020,5114.284989908848
6021,3764.6437068103005
6022,4238.640336853564
6023,5157.495662560913
6024,7995.374866211177
6025,5413.850618860497
6026,4737.078670686692
6027,4184.797299027889
6028,6317.169073284078
6029,4752.376714011995
6030,6003.76380320427
6031,4290.367395848489
6032,5521.756580887179
6033,5992.055197700329
6034,4976.735746508677
6035,5692.746481439893
6036,5294.680219033654
6037,4640.384515106858
6038,4801.612358022677
6039,5855.446634160232
6040,8276.335619052386
6041,5528.774929148572
6042,6324.247458760984
6043,6478.856460695165
6044,6980.465032545817
6045,6230.810366394972
6046,7236.889939049958
6047,4004.7540659512706
6048,5707.959520133412
6049,5422.674996692699
6050,5306.930113477302
6051,7234.747839626766
6052,6391.431671981584
6053,4674.693086598416
6054,5771.975832544943
6055,6003.271709863072
6056,7058.73302115063
6057,4539.576008874786
6058,9443.24326719543
6059,3914.5628461981523
6060,5710.537524208184
6061,6067.824094930767
6062,4946.704912256287
6063,5049.447068950186
6064,5376.300760123971
6065,5958.669747713581
6066,4079.0686370663257
6067,4671.939331401135
6068,6396.2247810969
6069,5567.759044185256
6070,5750.705605971049
6071,4680.246198589498
6072,5524.5275108528185
6073,6496.256628049919
6074,5878.004835373479
6075,4946.039582379232
6076,6404.583211301126
6077,5523.505444954732
6078,6153.788931366055
6079,6512.727232982759
6080,5369.473233689782
6081,6105.109888217405
6082,5899.14964411406
6083,5302.18334284553
6084,5784.187197581179
6085,5214.166294581376
6086,4767.324724963113
6087,4436.261302753039
6088,5261.341494394683
6089,5558.621948494733
6090,4202.2291971542045
6091,4331.264323127233
6092,5266.50256372977
6093,5164.622493202742
6094,5117.965771674553
6095,7073.58114265342
6096,5244.170317765997
6097,5735.167782677324
6098,4908.6567125936845
6099,4665.606293223363
6100,5312.153222992997
6101,6705.574742991556
6102,5831.797173261681
6103,6662.381706783177
6104,6448.410077623873
6105,4939.453540374991
6106,7070.574782167563
6107,5713.959879553972
6108,5660.32261413734
6109,7017.0202810249075
6110,5289.283494808968
6111,6591.268956931545
6112,6353.033837878767
6113,5698.006880711005
6114,5157.8928512288285
6115,6098.797841140041
6116,6068.432758944593
6117,4586.659707450584
6118,4644.790875932806
6119,5023.869538096307
6120,5887.994969902631
6121,5717.208494098932
6122,4240.254034531517
6123,5987.207447164382
6124,6424.089206395089
6125,5210.793780868353
6126,5710.189684613539
6127,5043.848931521037
6128,6752.669462554419
6129,5810.802081458166
6130,5046.151031701449
6131,4592.194053352739
6132,5506.015851676241
6133,6303.314436759215
6134,4814.840649727621
6135,5492.667644587081
6136,4298.048326701766
6137,7136.958370626632
6138,5941.831913029981
6139,5974.318903561761
6140,7519.082181307323
6141,5325.633979275334
6142,4747.165811181795
6143,10429.964872945624
6144,5399.650351720352
6145,5233.356430642641
6146,5955.464715129974
6147,4857.005558948323
6148,6110.199193047087
6149,4933.883131657541
6150,5757.191301214092
6151,6452.163580918407
6152,5073.465441319959
6153,3802.4260260028514
6154,5200.762789128694
6155,6161.6398644204255
6156,7126.873772712496
6157,5173.212828811
6158,5193.25404699254
6159,5318.758799716666
6160,4752.6801850312495
6161,3789.407451513617
6162,4862.016358959995
6163,5229.32495545671
6164,5278.751964055502
6165,6097.4356719952575
6166,5585.920600763384
6167,6368.456814521074
6168,6937.6259688629725
6169,6190.186573169868
6170,5525.804121713889
6171,6735.32280355086
6172,6917.425121370496
6173,5210.613816072388
6174,5781.057560939734
6175,5455.854163415406
6176,6014.448274404406
6177,4318.514408400114
6178,5300.635097234298
6179,4132.631563537861
6180,7501.8462954400775
6181,5500.388711766712
6182,6693.466384351296
6183,7393.337097650609
6184,4821.127510307184
6185,5818.714565759473
6186,13522.283612833797
6187,8423.449739923626
6188,4919.447191307834
6189,3346.891018433695
6190,5569.902906312978
6191,7587.968979585158
6192,5130.845045995813
6193,10665.401773252892
6194,16098.823780580724
6195,4857.776802614977
6196,4827.8708389845815
6197,6147.763268957525
6198,4862.253197599023
6199,7530.057243636945
6200,5256.136735451327
6201,6329.17061498976
6202,3616.7845689478318
6203,6560.401821420812
6204,6185.086963150437
6205,6070.321136355328
6206,6435.1275437122795
6207,5111.904412882615
6208,5957.221437675547
6209,6005.878493901591
6210,4994.183659079739
6211,5335.77528394101
6212,6708.052951292652
6213,4418.469082326952
6214,5161.774896170678
6215,5431.33833109406
6216,4975.732581365104
6217,4716.943651882279
6218,5686.190476370095
6219,5085.854857161703
6220,6537.712253881972
6221,5620.76766054572
6222,5958.020011520859
6223,4853.196740567575
6224,4155.03659967867
6225,5086.88788015757
6226,6018.265805052887
6227,4809.615550220592
6228,5301.29132094073
6229,6396.035364398071
6230,5542.8006319337
6231,6255.613173100897
6232,6687.709295251286
6233,5745.565493221959
6234,4476.454121698768
6235,4529.356415058986
6236,6739.251499599917
6237,5123.023724558094
6238,5860.6199699064555
6239,11715.928086984208
6240,5789.565707110366
6241,6188.526800146265
6242,3794.6880737057477
6243,4496.493152866993
6244,4970.922636497722
6245,4583.315580092747
6246,5269.835208908518
6247,6988.537598847526
6248,4608.315502570855
6249,11016.338682383082
6250,10582.40157083505
6251,5014.14755860978
6252,6412.511366601232
6253,4779.970034690318
6254,6305.677351380998
6255,5823.807133270778
6256,8828.529928115155
6257,6190.16867310986
6258,6526.391127505934
6259,5200.753310680428
6260,6305.677351380998
6261,4848.8721278514895
6262,6673.07957550304
6263,5504.242184194635
6264,5480.6178612010945
6265,5676.822244720112
6266,5269.955321489632
6267,6728.932291294578
6268,7391.1306192983675
6269,5225.898283649238
6270,6991.468755006445
6271,6093.550976600195
6272,8942.993459228452
6273,4070.1481613371557
6274,4589.435486787601
6275,6038.27920910478
6276,6920.666647648553
6277,5884.194188464147
6278,5659.1452512635515
6279,5910.313676849194
6280,6398.365184639694
6281,4895.903512926658
6282,6301.755734287374
6283,6109.541633633337
6284,4818.304407116235
6285,11039.010422916663
6286,13213.023720838852
6287,5944.9127380420705
6288,5953.313563895638
6289,6771.877433689677
6290,7050.353419414345
6291,7728.877649923297
6292,4669.897816174429
6293,5643.489590449345
6294,6164.830773713625
6295,6533.714659294883
6296,4082.4569407780855
6297,4944.200048095816
6298,4421.331973935876
6299,5108.065272508619
6300,6298.2758731986105
6301,4350.52948338275
6302,4199.459159423726
6303,5468.060896425399
6304,4447.534867494785
6305,3946.7021034371264
6306,4503.6715184032255
6307,5242.378462404495
6308,6847.238726990342
6309,6760.4271216255875
6310,7338.803569570399
6311,5124.3399018487435
6312,6100.319655391287
6313,8316.314662932595
6314,6179.680056342059
6315,4592.579417536641
6316,5317.976713440379
6317,7146.390775905877
6318,5479.437310827798
6319,6063.636106180261
6320,5196.542793409752
6321,4983.909585479034
6322,6429.335074111256
6323,5089.898253715218
6324,4992.555404556354
6325,6506.548120922951
6326,7063.796747384908
6327,10008.070057884977
6328,5170.76525451726
6329,7440.215233713731
6330,4507.070296866792
6331,4591.867422349782
6332,5205.504883957389
6333,3974.5076570290453
6334,6023.780562398693
6335,4899.432357619787
6336,6323.220207917462
6337,6399.950471406601
6338,9487.833751106975
6339,6809.380053831763
6340,5126.548270368415
6341,5288.8252510310795
6342,6699.523223361725
6343,6171.4837776074255
6344,7413.969532955596
6345,5061.030923391737
6346,5630.804623067136
6347,6399.666599637195
6348,4739.635740189091
6349,5655.866953057827
6350,6376.579080337949
6351,6177.819921217938
6352,9569.94985758935
6353,6075.108556416654
6354,10065.313285982325
6355,5229.575803615535
6356,6433.8973165358875
6357,4055.243413762231
6358,5832.691417477942
6359,5137.510303819422
6360,4946.359851676185
6361,6348.230295536357
6362,5208.014337576949
6363,4450.377528642678
6364,5584.777935669565
6365,5608.342975292197
6366,6202.815188943672
6367,5256.907093478762
6368,5667.94751722993
6369,5882.2181333433045
6370,5501.189954887618
6371,6870.414712649205
6372,5682.314857496927
6373,4535.935143852565
6374,4921.37038428513
6375,6236.58506356135
6376,8354.756636637794
6377,6679.764948106634
6378,4971.931172871044
6379,5635.417659527386
6380,6460.463346371979
6381,6142.862293064372
6382,5378.95919629735
6383,6365.11358475853
6384,5534.404684836676
6385,5186.7496002844955
6386,5788.004468200253
6387,5793.832957969458
6388,5165.392371024633
6389,5764.835859532027
6390,5091.4100982632235
6391,5335.320941064918
6392,5067.635244569638
6393,4413.859677735313
6394,6254.213471465156
6395,6786.136109485023
6396,6915.695230484258
6397,8273.126967947263
6398,6319.231091473017
6399,5341.138118740286
6400,6120.417578260569
6401,8596.640869350724
6402,6650.531558942277
6403,5504.09244338638
6404,5916.442188425889
6405,5781.353512576102
6406,4889.601630271071
6407,5242.589246509796
6408,8132.246459323245
6409,5401.829808201978
6410,6781.8897491662865
6411,5402.520365886542
6412,2993.297300941465
6413,8743.322143724823
6414,5434.049363455189
6415,4828.961088808304
6416,4609.5453495163365
6417,4903.116221741665
6418,5858.162636967974
6419,5615.321533942906
6420,5153.292259118778
6421,5879.990336645018
6422,3957.586198887624
6423,4054.5136645325297
6424,4257.41135217705
6425,6763.571005333434
6426,14499.9619055013
6427,4462.5430772192885
6428,4859.160864439819
6429,6647.874034158829
6430,4734.332782137971
6431,4505.660599872558
6432,4676.762110276135
6433,4411.781929390481
6434,6294.804883622783
6435,6237.653116546484
6436,3667.853865452358
6437,5681.337348520803
6438,4404.078022722552
6439,4832.705924717687
6440,5919.638435792929
6441,6422.29573777342
6442,8540.369640358569
6443,5553.151386112173
6444,5311.277555845577
6445,4175.267389333833
6446,5711.870436658078
6447,12406.201939175982
6448,6778.884633531035
6449,6058.5844850681615
6450,4678.418925965517
6451,4946.992529906005
6452,5029.067683322452
6453,4816.995523564868
6454,7773.009666927636
6455,5012.841502423796
6456,5745.881597249406
6457,5844.6191834413285
6458,4853.929655874246
6459,4728.328980520554
6460,4654.332069121341
6461,6087.736889379732
6462,5435.788205425528
6463,4753.349738616154
6464,5331.191390166782
6465,5794.830504885287
6466,6588.869668676024
6467,6657.494688057062
6468,6188.624246502742
6469,4225.784486937231
6470,6221.5967066679805
6471,4889.89770321086
6473,5463.010578457878
6474,6470.034256429063
6475,5165.402790453725
6476,6300.5699020930715
6477,5700.061363581207
6478,5819.920684685051
6479,4808.292611293195
6480,5327.553878639317
6481,5206.4952114326825
6482,4696.39174428732
6483,6413.681408870259
6484,5218.9544057496605
6485,4541.140761501023
6486,7598.905441680232
6487,4915.134311199829
6488,4202.705996357431
6489,5991.840886610679
6490,7250.5284518206945
6491,8421.011429469429
6492,5177.808875344718
6493,5930.062251018616
6494,4936.323799525643
6495,5815.546977298378
6496,4894.688948284009
6497,6593.952485432295
6498,3677.726161893991
6499,5079.478752736684
6500,5456.58627165959
6501,5101.747082485554
6502,4251.2721870624255
6503,5853.018793606008
6504,5681.9060997964925
6505,5777.422799037622
6506,6912.366805493838
6507,5532.665599247787
6508,6867.97178358629
6509,4200.9073337886875
6510,5207.954312363028
6511,5600.174117050255
6512,6021.169794380808
6513,6894.316553325098
6514,4130.911231344636
6515,7334.561030536085
6516,5697.270387404845
6517,5919.499162928138
6518,4878.4615808631115
6519,3604.320829734139
6520,5296.600272673887
6521,5177.198983838007
6522,6471.199536509141
6523,5322.328320625814
6524,5121.134533731945
6525,6451.570399528402
6526,5007.539281141654
6527,5507.914100905106
6528,6742.856409089791
6529,4865.119809651021
6530,6952.544633610097
6531,7870.986333706167
6532,5982.011274863214
6533,4415.871719399975
6534,4447.783590945358
6535,4174.772073712443
6536,3420.7646493048633
6537,6259.3338028002745
6538,5390.218237533325
6539,6712.114655593765
6540,4334.779150192314
6541,5811.951736778645
6542,5474.377644167064
6543,8699.111721349944
6544,4541.989736447674
6545,4714.104030525699
6546,5369.61302091977
6547,6931.064723566256
6548,5342.423740587061
6549,6052.599376471449
6550,6365.375750021989
6551,7543.184074333391
6552,5421.101560064608
6553,5975.2841638081245
6554,5802.998462567604
6555,5435.294122824691
6556,4840.253221305149
6557,7103.894916803848
6558,7077.821782045362
6559,5759.77427625991
6560,12906.496700451036
6561,5121.914043636405
6562,4810.411095183074
6563,5001.8623754289465
6564,6580.850655163361
6565,6165.501847898886
6566,5856.042449937282
6567,6219.542261409296
6568,6018.875792964633
6569,5563.395621967672
6570,5393.347521194341
6571,4521.104324514201
6572,4987.435286637619
6573,5060.368031631938
6574,4785.420396385863
6575,4208.884675786875
6576,7010.293128690238
6577,13730.565655743474
6578,5960.6123612328975
6579,5194.564818948859
6580,5536.203888744687
6581,3675.3311378545473
6582,5446.807440768697
6583,3141.631122461698
6584,7333.239350281023
6585,5794.32360383252
6586,6130.144362025419
6587,8808.183394951022
6588,9584.377354652384
6589,5768.792820003707
6590,5546.152629064481
6591,4937.164249747732
6592,5396.4359462893535
6593,6173.548737247978
6594,6646.7165549452775
6595,4129.53449296046
6596,3993.1778471464127
6597,5301.22587547913
6598,4922.9278096405715
6599,5285.323928576163
6600,5214.450895395828
6601,5102.753032613858
6602,6056.0819200595715
6603,6323.558951545394
6604,5430.993182295504
6605,4603.193471958585
6606,4268.151452382881
6607,6265.487882859094
6608,4042.3055390618233
6609,6846.7208134408675
6610,5188.2159704885
6611,4150.047109170096
6612,6537.236745650894
6613,4838.156333067607
6614,4373.519186224086
6615,5248.631927537186
6616,5321.51250298599
6617,7066.298546450401
6618,6564.449907226826
6619,5475.1409071085545
6620,4812.77868542951
6621,5016.467585563774
6622,6699.591274755024
6623,5762.815542778893
6624,4530.9383692362935
6625,5910.281566248656
6626,8524.375401642908
6627,6279.11286940637
6628,5757.747766456395
6629,6509.787286957015
6630,5603.798769729046
6631,6871.096063431392
6632,5668.22522431105
6633,7986.962746428235
6634,5335.770990976394
6635,5128.713570467419
6636,4488.177328792653
6637,3599.8408378328454
6638,5517.7839100848905
6639,13030.837685810246
6640,3745.476562043906
6641,4231.921386711781
6642,7067.463007195977
6643,6370.739950551898
6644,5916.230782111104
6645,6070.6010729793115
6646,4586.557166457946
6647,4969.50740312232
6648,4664.7574730345905
6649,6204.183946492215
6650,4771.356206165259
6651,5601.255963990694
6652,5504.614988682795
6653,4397.1262488509265
6654,6731.185397682503
6655,5778.889259378073
6656,3685.046842862207
6657,6095.713675178384
6658,6746.143408580507
6659,3721.9961354847746
6660,6008.495284377399
6661,5129.524319995325
6662,4719.752204398855
6663,6933.4860732575335
6664,6025.26690149808
6665,6264.038442066104
6666,5412.577288249297
6667,4270.454488808878
6668,5729.031950671862
6669,3583.78469899142
6670,6241.845848760209
6671,4089.2063188592356
6672,5539.601552744308
6673,5052.112758035764
6674,5939.154325925903
6675,4984.868678523925
6676,5916.157440260842
6677,5557.928794732977
6678,6296.383696197633
6679,5268.665841859181
6680,6429.375946696765
6681,5624.531907362965
6682,5753.442928225015
6683,6425.480128499687
6684,6885.771219330893
6685,4394.933908732999
6686,5989.649515481568
6687,6287.86451864667
6688,4275.675548985867
6689,7117.1666070876545
6690,5437.848662436904
6691,6713.100644090733
6692,7604.20117662145
6693,6963.943889372098
6694,4207.091878899772
6695,7111.130158790011
6696,7285.1620755371905
6697,6531.094393700974
6698,6031.695396617498
6699,6199.524731564157
6700,5464.377858839248
6701,4686.384480154362
6702,5510.6951902472765
6703,4826.170933287375
6704,5392.54152001099
6705,5743.973964214162
6706,5084.471983640861
6707,4800.8012323937955
6708,5838.521169569146
6709,5638.478122227553
6710,6043.249894144898
6711,5944.255982629762
6712,5605.959897887656
6713,4705.356340499614
6714,6005.115301118231
6715,5814.893343917268
6716,5124.105042682262
6717,5535.310340262657
6718,5944.3866160069465
6719,5949.178421584529
6720,5333.523750675104
6721,3892.6240263958225
6722,5529.89075484213
6723,5786.504389957682
6724,7180.446607943979
6725,5600.716691381748
6726,3832.0858047566253
6727,5213.184438233539
6728,6786.26114147331
6729,5115.876049076324
6730,6045.46623079641
6731,5803.210549167121
6732,5920.8155922934875
6733,4396.54283086026
6734,3538.081024974996
6735,5166.315513766321
6736,5955.5692448192185
6737,5609.280411105886
6738,6700.978069124275
6739,6708.714657688868
6740,5301.655319499785
6741,6686.308500195024
6742,3901.508610143118
6743,2987.5674110203927
6744,5799.693086404105
6745,9134.747193400917
6746,5883.183402715571
6747,5599.615343423648
6748,4139.2032519867425
6749,5526.165458108807
6750,7255.500559281598
6751,4697.2594725877525
6752,5901.5690327335715
6753,4441.517748757818
6754,4071.1386695942488
6755,4923.268623159582
6756,5297.684034165606
6757,4946.248068635789
6758,4604.426252955324
6759,5469.513002800926
6760,4185.611424326178
6761,6444.17082008732
6762,5244.3864489732505
6763,5150.667633361388
6764,5531.022323756986
6765,5929.448792519596
6766,4800.882876274936
6767,4666.932475056157
6768,6062.267984462899
6769,5761.842721778288
6770,6224.587851260741
6771,3110.87204312875
6772,8243.094271243253
6773,5106.5177375952035
6774,4861.113398873199
6775,5984.898243626143
6776,7273.416761255376
6777,6583.792203897906
6778,5424.421112488672
6779,5831.403510825424
6780,7089.904516900859
6781,9960.054648472924
6782,4556.023862216334
6783,5289.358447075025
6784,5102.054256196719
6785,6857.452667100153
6786,5764.971511617764
6787,7011.884638975878
6788,6829.640512866982
6789,5278.748790199488
6790,4326.248885040226
6791,5258.936480421672
6792,7067.01214502495
6793,4687.030634592588
6794,5474.376427505201
6795,4122.2906195450905
6796,5631.594483420654
6797,5506.117193311639
6798,5539.276418267867
6799,7465.291696857149
6800,5206.721490739294
6801,5053.511317955445
6802,5942.4778314838195
6803,6038.214827435137
6804,6914.122943334519
6805,5514.489858990354
6806,6212.618495634808
6807,5153.888095814763
6808,6111.141410301916
6809,7053.207271324719
6810,4157.833497607281
6811,7191.209776380063
6812,5727.403740424847
6813,4397.788868892061
6814,6067.1448906829
6815,4987.300626466502
6816,5985.914150886166
6817,5882.226676139089
6818,3340.6115672190867
6819,3608.185353867269
6820,5460.7718866437235
6821,7059.179220091306
6822,7928.599873303928
6823,4526.490114084868
6824,5263.6775691696275
6825,5315.813545940678
6826,5566.8797363944295
6827,4638.836032526743
6828,8235.196380005138
6829,6878.887495512761
6830,9924.148428875835
6831,4630.2092169796615
6832,4754.765796340139
6833,8996.73715930721
6834,7079.723037444747
6835,4332.825162065206
6836,7372.322905632345
6837,5581.349355312969
6838,4141.0258639168205
6839,4484.333199163413
6840,3727.228257354633
6841,4609.570843612039
6842,4714.099985986527
6843,4485.426228511421
6844,3957.73637425184
6845,7790.419314718097
6846,6157.966583429905
6847,20495.547503669583
6848,5316.747224776858
6849,4218.997341852216
6850,5673.472221105224
6851,7418.814104391128
6852,5125.565508424124
6853,5815.196077079837
6854,4796.840343057639
6855,6678.396687216451
6856,6619.209132034588
6857,3984.255439507949
6858,4788.583496854359
6859,5785.415456771591
6860,6439.676221111357
6861,5952.081572360342
6862,6610.318213256158
6863,5073.471835559833
6864,4291.53600113523
6865,5152.220580379058
6866,7934.792686459837
6867,8064.6568901698565
6868,7602.225822620381
6869,6241.6313383587685
6870,4073.935157369432
6871,5809.1769166929835
6872,4012.838272585476
6873,7708.909232789424
6874,6924.657500315178
6875,7626.155139604639
6876,5144.242331548119
6877,3819.9139420992506
6878,4293.910572142513
6879,5187.453004200184
6880,8050.645101500126
6881,5443.807960499768
6882,4785.449560795951
6883,4214.75464066716
6884,6390.852857043014
6885,4826.060497770932
6886,6033.721144843541
6887,4320.32473748776
6888,5595.440364646115
6889,6040.426087809587
6890,5050.4195302676135
6891,5741.117371549151
6892,5349.950454322603
6893,4695.654750395807
6894,4856.882593311626
6895,5885.403975799503
6896,8306.292960691659
6897,5558.732270787843
6898,6379.517694049933
6899,6534.126695984114
6900,7010.422374185088
6901,6260.767708034244
6902,7292.160174338907
6903,4060.024301240219
6904,5763.229755422361
6905,5477.945231981648
6906,5355.301003586561
6907,7264.7051812660375
6908,6421.389013620856
6909,4729.963321887365
6910,5801.933174184214
6911,6058.541945152021
6912,7114.003256439579
6913,4616.952591146333
6914,9516.927050954368
6915,3969.8330814871024
6916,5765.807759497133
6917,6123.0943302197165
6918,4976.662253895558
6919,5079.404410589457
6920,5431.57099541292
6921,5988.627089352853
6922,4109.025978705597
6923,4701.896673040406
6924,6426.182122736172
6925,5597.716385824528
6926,5805.975841259999
6927,4735.516433878447
6928,5579.797746141768
6929,6526.21396968919
6930,5933.275070662428
6931,5019.723366138169
6932,6434.540552940397
6933,5578.775680243682
6934,6183.746273005327
6935,6542.684574622031
6936,5424.7434689787315
6937,6153.480778326663
6938,5954.419879403009
6939,5350.554232954789
6940,5857.870981340116
6941,5269.436529870325
6942,4815.695615072372
6943,4466.21864439231
6944,5291.298836033954
6945,5613.892183783682
6946,4232.186538793476
6947,4355.1377422780115
6948,5296.459905369042
6949,5194.579834842013
6950,5173.236006963502
6951,7147.2649264123565
6952,5299.440553054947
6953,5790.438017966273
6954,4938.614054232956
6955,4720.876528512312
6956,5342.1105646322685
6957,6760.8449782805055
6958,5887.06740855063
6959,6692.339048422448
6960,6478.367419263144
6961,4969.410882014262
6962,7100.5321238068345
6963,5769.2301148429215
6964,5715.592849426289
6965,7046.977622664179
6966,5319.240836448239
6967,6646.539192220494
6968,6382.991179518039
6969,5746.377770820263
6970,5187.8501928681
6971,6154.06807642899
6972,6116.803649053852
6973,4641.9299427395335
6974,4700.061111221755
6975,5097.553321855244
6976,5943.26520519158
6977,5765.57938420819
6978,4313.937818290454
6979,6042.477682453331
6980,6479.359441684038
6981,5266.064016157302
6982,5740.14702625281
6983,5099.119166809986
6984,6807.939697843368
6985,5840.759423097437
6986,5119.8348154603855
6987,4622.15139499201
6988,5561.28608696519
6989,6333.271778398486
6990,4870.11088501657
6991,5547.93787987603
6992,4328.005668341038
6993,7185.329260735891
6994,5997.10214831893
6995,6048.002687320697
6996,7549.039522946594
6997,5380.904214564283
6998,4777.1231528210665
6999,10485.235108234574
7000,5448.0212418296105
7001,5263.313772281912
7002,6010.734950418923
7003,4886.962900587594
7004,6140.156534686358
7005,4989.15336694649
7006,5812.461536503041
7007,6507.433816207356
7008,5128.735676608908
7009,3832.383367642123
7010,5256.033024417643
7011,6210.010754529684
7012,7175.244662821755
7013,5203.170170450271
7014,5223.211388631811
7015,5348.716141355937
7016,4807.950420320199
7017,3863.0912352725545
7018,4917.286594248944
7019,5277.695845565969
7020,5308.709305694773
7021,6152.705907284207
7022,5641.190836052333
7023,6398.414156160346
7024,6967.583310502244
7025,6238.557463279127
7026,5555.76146335316
7027,6790.593038839809
7028,6947.382463009767
7029,5284.297599831324
7030,5836.327796228683
7031,5485.811505054678
7032,6044.405616043678
7033,4348.471750039385
7034,5355.905332523247
7035,4181.00245364712
7036,7557.116530729027
7037,5548.7596018759705
7038,6723.423725990568
7039,7467.020881409546
7040,4869.498400416443
7041,5848.671907398744
7042,13577.553848122747
7043,8453.407081562898
7044,4974.717426596783
7045,3376.848360072967
7046,5599.86024795225
7047,7643.239214874107
7048,5186.115281284762
7049,10695.359114892164
7050,16147.194670689983
7051,4931.460586373913
7052,4883.141074273531
7053,6196.1341590667835
7054,4935.93698135796
7055,7603.741027395881
7056,5311.406970740276
7057,6384.440850278709
7059,6608.77271153007
7060,6215.044304789709
7061,6125.591371644277
7062,6465.084885351551
7063,5112.626300988275
7064,5987.178779314819
7065,6061.1487291905405
7066,5024.141000719011
7067,5391.045519229959
7068,6738.010292931924
7069,4448.426423966223
7070,5191.73223780995
7071,5486.608566383009
7072,5031.002816654053
7073,4772.213887171228
7074,5741.460711659044
7075,5141.125092450652
7076,6567.6695955212435
7077,5669.138550654979
7078,6013.290246809808
7079,4926.8805243265115
7080,4184.993941317942
7081,5160.571663916507
7082,6091.949588811824
7083,4839.572891859863
7084,5356.561556229679
7085,6451.30559968702
7086,5572.757973572971
7087,6310.883408389846
7088,6742.979530540235
7089,5793.936383331217
7090,4531.724356987717
7091,4603.040198817923
7092,6769.208841239189
7093,5171.3946146673525
7094,5934.303753665392
7095,11789.611870743145
7096,5837.936597219625
7097,6243.797035435214
7098,3843.058963815007
7099,4551.763388155942
7100,5026.192871786671
7101,4638.585815381696
7102,5325.1054441974675
7103,7043.807834136475
7104,4638.272844210126
7105,11046.296024022355
7106,10656.085354593988
7107,5044.104900249052
7108,6467.781601890181
7109,4835.240269979267
7110,6360.947586669947
7111,5879.077368559727
7112,8858.487269754427
7113,6220.126014749131
7114,6581.661362794883
7115,5256.023545969377
7116,6360.947586669947
7117,4897.243017960748
7118,6728.3498107919895
7119,5534.199525833907
7120,5554.301644960031
7121,5706.779586359384
7122,5299.912663128904
7123,6758.8896329338495
7124,7464.814403057304
7125,5255.855625288509
7126,7046.738990295394
7127,6123.5083182394665
7128,8972.950800867724
7129,4125.418396626104
7130,4619.392828426872
7131,6086.650099214039
7132,6950.623989287825
7133,5932.565078573406
7134,5689.102592902823
7135,5940.271018488465
7136,6428.322526278966
7137,4925.860854565929
7138,6357.025969576323
7139,6183.225417392274
7140,4848.261748755506
7141,11112.6942066756
7142,13268.293956127802
7143,5974.870079681342
7144,6001.684454004897
7145,6801.834775328948
7146,7105.623654703294
7147,7784.147885212246
7148,4743.581599933365
7149,5698.759825738294
7150,6194.788115352896
7151,6563.672000934154
7152,4156.140724537022
7153,4999.470283384765
7154,4451.289315575147
7155,5181.749056267556
7156,6371.959656957547
7157,4405.799718671699
7158,4254.7293947126755
7159,5498.01823806467
7160,4502.805102783735
7161,3976.6594450763982
7162,4533.628860042497
7163,5272.335804043766
7164,6877.196068629613
7165,6790.384463264859
7166,7412.487353329336
7167,5154.297243488015
7168,6130.276997030558
7169,8389.998446691532
7170,6234.950291631008
7171,4647.84965282559
7172,5347.9340550796505
7173,7194.761666015135
7174,5534.707546116747
7175,6093.593447819532
7176,5226.500135049024
7177,5039.179820767983
7178,6484.605309400205
7179,5138.2691438244765
7180,5022.512746195625
7181,6536.505462562222
7182,7093.754089024179
7183,10081.753841643915
7184,5226.035489806209
7185,7495.4854690026805
7186,4562.340532155741
7187,4621.824763989053
7188,5235.462225596661
7189,4004.464998668317
7190,6079.050797687642
7191,4954.702592908736
7192,6396.903991676399
7193,6455.22070669555
7194,9561.517534865912
7195,6839.337395471034
7196,5181.818505657364
7197,5362.509034790016
7198,6754.793458650674
7199,6201.441119246697
7200,7469.239768244545
7201,5090.988265031008
7202,5660.7619647064075
7203,6454.936834926144
7204,4788.00663029835
7205,5711.137188346776
7206,6406.53642197722
7207,6233.090156506887
7208,9625.2200928783
7209,6123.479446525913
7210,10120.583521271275
7211,5259.533145254806
7212,6463.854658175159
7213,4110.5136490511795
7214,5887.961652766891
7215,5167.467645458693
7216,4976.317193315456
7217,6403.500530825306
7218,5237.971679216221
7219,4505.647763931627
7220,5633.148825778823
7221,5682.026759051133
7222,6276.498972702609
7223,5286.864435118034
7224,5723.217752518879
7225,5912.175474982576
7226,5531.1472965268895
7227,6925.684947938154
7228,5737.585092785876
7229,4565.892485491836
7230,4951.327725924401
7231,6291.855298850299
7232,8410.026871926744
7233,6709.722289745905
7234,5027.201408159993
7235,5709.101443286322
7236,6515.733581660928
7237,6198.1325283533215
7238,5434.229431586299
7239,6420.383820047479
7240,5589.674920125625
7241,5216.706941923767
7242,5836.375358309511
7243,5823.79029960873
7244,5162.468470171013
7245,5820.106094820976
7246,5139.780988372482
7247,5365.278282704189
7248,5122.905479858588
7249,4443.817019374585
7250,6302.584361574414
7251,6859.819893243959
7252,6945.652572123529
7253,8328.39720323621
7254,6367.601981582276
7255,5396.408354029235
7256,6175.687813549518
7257,8651.911104639674
7258,6705.801794231226
7259,5534.0497850256515
7260,5971.712423714838
7261,5836.623747865051
7262,4944.8718655600205
7263,5297.859481798745
7264,8205.930243082183
7265,5431.78714984125
7266,6837.159984455236
7267,5476.2041496454785
7268,3041.668191050724
7269,8798.592379013773
7270,5464.006705094461
7271,4858.918430447576
7272,4664.815584805286
7273,4926.989640892443
7274,5931.846420726911
7275,5670.591769231855
7276,5183.249600758049
7277,5909.947678284289
7278,4005.9570889968836
7279,4109.783899821478
7280,4312.681587465999
7281,6793.528346972706
7282,14529.919247140573
7283,4536.226860978225
7284,4889.118206079091
7285,6703.144269447778
7286,4789.60301742692
7287,4554.031489981817
7288,4706.719451915406
7289,4467.0521646794305
7290,6324.762225262054
7291,6267.610458185755
7292,3741.5376492112955
7293,5711.294690160074
7294,4459.3482580115015
7295,4887.976160006636
7296,5968.009325902188
7297,6470.666627882679
7298,8595.63987564752
7299,5626.835169871109
7300,5366.547791134526
7301,4205.224730973105
7302,5760.241326767336
7303,12461.472174464932
7304,6808.841975170307
7305,6088.541826707433
7306,4733.689161254466
7307,4976.949871545276
7308,5084.337918611401
7309,4872.265758853817
7310,7768.071943949332
7311,5068.111737712745
7312,5794.252487358664
7313,5874.5765250806
7314,4902.300545983505
7315,4783.599215809503
7316,4709.60230441029
7317,6136.107779488991
7318,5465.745547064799
7319,4808.6199739051035
7320,5386.461625455731
7321,5843.201394994546
7322,6618.827010315295
7323,6712.7649233460115
7324,6218.581588142013
7325,4281.05472222618
7326,6251.554048307252
7327,4978.963560454559
7329,5518.280813746827
7330,6525.304491718012
7331,5220.673025742674
7332,6330.527243732343
7333,5755.331598870156
7334,5868.29157479431
7335,4838.249952932466
7336,5382.824113928266
7337,5236.452553071954
7338,4726.349085926591
7339,6443.63875050953
7340,5248.911747388932
7341,4596.410996789972
7342,7628.862783319503
7343,4970.404546488779
7344,4232.6633379967025
7345,6047.111121899629
7346,7280.485793459966
7347,8476.281664758379
7348,5251.492659103655
7349,6003.746034777552
7350,5010.00758328458
7351,5870.817212587327
7352,4943.0598383932675
7353,6642.323375541554
7354,3707.6835035332624
7355,5109.436094375956
7356,5486.543613298862
7357,5150.117972594812
7358,4306.542422351375
7359,5901.389683715267
7360,5711.863441435764
7361,5832.693034326571
7362,6986.050589252774
7363,5562.622940887059
7364,6916.342673695549
7365,4249.278223897946
7366,5263.224547651977
7367,5655.444352339204
7368,6051.127136020079
7369,6949.586788614047
7370,4204.595015103572
7371,7364.5183721753565
7372,5745.641277514103
7373,5949.456504567409
7374,4908.418922502383
7375,3659.591065023088
7376,5326.557614313158
7377,5250.882767596943
7378,6501.156878148412
7379,5352.285662265085
7380,5176.4047690208945
7381,6481.527741167673
7382,5062.809516430603
7383,5537.871442544378
7384,6816.540192848727
7385,4920.39004493997
7386,7007.814868899046
7387,7900.943675345437
7388,6037.281510152163
7389,4471.141954688924
7390,4496.154481054617
7391,4230.042309001392
7392,3476.0348845938133
7393,6333.017586559211
7394,5438.589127642584
7395,6767.384890882714
7396,4364.736491831585
7397,5841.909078417916
7398,5529.6478794560135
7399,8754.381956638894
7400,4571.947078086945
7401,4744.061372164971
7402,5399.570362559041
7403,7004.748507325193
7404,5372.381082226332
7405,6107.869611760399
7406,6439.059533780925
7407,7598.454309622341
7408,5451.058901703879
7409,6005.241505447396
7410,5851.369352676863
7411,5490.56435811364
7412,4870.21056294442
7413,7133.852258443119
7414,7133.092017334311
7415,5815.044511548859
7416,12936.454042090309
7417,5177.184278925354
7418,4840.368436822346
7419,5057.132610717896
7420,6610.807996802632
7421,6195.459189538157
7422,5904.413340046541
7423,6249.499603048567
7424,6048.833134603904
7425,5618.665857256621
7426,5423.304862833613
7427,4551.061666153472
7428,5042.7055219265685
7429,5090.325373271209
7430,4840.690631674812
7431,4282.5684595458115
7432,7058.664018799496
7433,13785.835891032424
7434,6015.882596521847
7435,5249.835054237808
7436,5609.887672503623
7437,3705.288479493819
7438,5476.764782407969
7439,3196.901357750648
7440,7388.509585569972
7441,5824.280945471792
7442,6185.414597314368
7443,8881.86717870996
7444,9614.334696291657
7445,5842.476603762643
7446,5601.42286435343
7447,4967.121591387004
7448,5451.706181578303
7449,6247.232521006915
7450,6676.673896584549
7451,4159.491834599731
7452,4023.135188785684
7453,5356.496110768079
7454,4952.885151279843
7455,5359.007712335099
7456,5244.4082370351
7457,5158.023267902807
7458,6086.039261698843
7459,6378.829186834343
7460,5460.950523934775
7461,4633.1508135978565
7462,4298.108794022152
7463,6339.17166661803
7464,4115.98932282076
7465,6901.991048729817
7466,5236.5868605977585
7467,4198.417999279354
7468,6592.506980939843
7469,4868.113674706879
7470,4403.476527863358
7471,5278.5892691764575
7472,5351.469844625261
7473,7121.56878173935
7474,6619.7201425157755
7475,5523.511797217813
7476,4886.462469188446
7477,5071.737820852723
7478,6754.861510043973
7479,5792.772884418165
7480,4560.895710875565
7481,5983.965350007593
7482,8579.645636931858
7483,6334.383104695319
7484,5813.018001745344
7485,6565.057522245964
7486,5659.069005017996
7487,6926.366298720342
7488,5698.182565950321
7489,8042.232981717184
7490,5365.728332615666
7491,5158.670912106691
7492,4543.447564081602
7493,3673.5246215917828
7494,5573.05414537384
7495,13060.795027449518
7496,3819.1603458028435
7497,4261.878728351053
7498,7122.733242484926
7499,6400.697292191169
7500,5971.501017400054
7501,6100.558414618583
7502,4616.514508097217
7503,4999.464744761592
7504,4694.714814673862
7505,6259.454181781164
7506,4826.626441454208
7507,5656.526199279643
7508,5534.572330322067
7509,4452.396484139876
7510,6779.556287791762
7511,5808.846601017344
7512,3715.004184501479
7513,6150.983910467333
7514,6801.413643869456
7515,3795.679919243712
7516,6038.45262601667
7517,5159.481661634596
7518,4768.123094508113
7519,6963.443414896805
7520,6055.224243137352
7521,6337.72222582504
7522,5467.847523538247
7523,4300.411830448149
7524,5784.302185960812
7525,3507.2700491245896
7526,6297.116084049158
7527,4144.476554148185
7528,5613.285336503244
7529,5107.382993324713
7530,5969.111667565175
7531,5040.138913812874
7532,5971.427675549791
7533,5587.886136372248
7534,6344.754586306892
7535,5323.93607714813
7536,6484.646181985714
7537,5679.802142651914
7538,5827.126711983951
7539,6480.750363788637
7540,6959.455003089829
7541,4424.89125037227
7542,6044.919750770518
7543,6361.548302405607
7544,4349.359332744803
7545,7165.537497196913
7546,5486.219552546163
7547,6786.78442784967
7548,7659.471411910399
7549,7019.214124661047
7550,4262.3621141887215
7551,7166.40039407896
7552,7340.43231082614
7553,6561.051735340246
7554,6086.965631906447
7555,6229.482073203429
7556,5512.748748948507
7557,4760.068263913298
7558,5565.965425536226
7559,4881.441168576324
7560,5466.2253037699265
7561,5773.9313058534335
7562,5139.74221892981
7563,4830.758574033067
7564,5868.478511208417
7565,5693.748357516502
7566,6073.207235784169
7567,6017.939766388698
7568,5661.230133176605
7569,4760.626575788563
7570,6060.385536407181
7571,5870.163579206217
7572,5179.375277971211
7573,5590.580575551606
7574,5974.343957646218
7575,6004.448656873478
7576,5363.481092314375
7577,3947.8942616847726
7578,5559.848096481402
7579,5816.4617315969535
7580,7228.817498053238
7581,5655.986926670697
7582,3887.3560400455754
7583,5286.868221992476
7584,6816.218483112581
7585,5171.1462843652735
7586,6075.423572435681
7587,5851.58143927638
7588,5994.499376052424
7589,4426.500172499532
7590,3611.7648087339335
7591,5196.272855405592
7592,5985.52658645849
7593,5639.237752745157
7594,6756.248304413224
7595,6763.984892977817
7596,5356.925554788734
7597,6759.99228395396
7598,3956.7788454320676
7599,3061.25119477933
7600,5829.650428043376
7601,9190.017428689867
7602,5938.45363800452
7603,5654.885578712597
7604,4194.473487275692
7605,5581.435693397756
7606,7329.184343040534
7607,4727.216814227024
7608,5931.526374372843
7609,4515.201532516754
7610,4144.822453353186
7611,4978.538858448531
7612,5352.954269454555
7613,5001.518303924739
7614,4659.6964882442735
7615,5499.470344440198
7616,4240.881659615127
7617,6499.441055376269
7618,5318.070232732187
7619,5180.624975000659
7620,5586.292559045935
7621,5977.819682628855
7622,4906.771461122484
7623,4722.202710345106
7624,6092.225326102171
7625,5835.526505537225
7626,6254.545192900013
7627,3184.5558268876875
7628,8298.364506532203
7629,5136.475079234475
7630,4891.07074051247
7631,6033.269133735402
7632,7347.100545014312
7633,6639.062439186855
7634,5472.792002597931
7635,5886.673746114373
7636,7119.86185854013
7637,10015.324883761874
7638,4611.294097505283
7639,5319.315788714296
7640,5132.01159783599
7641,6912.722902389102
7642,5813.342401727023
7643,7067.154874264827
7644,6903.324296625919
7645,5327.119680308747
7646,4381.519120329175
7647,5307.307370530931
7648,7140.695928783886
7649,4742.300869881537
7650,5522.7473176144595
7651,4195.974403304027
7652,5679.9653735299125
7653,5536.074534950911
7654,5594.546653556816
7655,7538.975480616085
7656,5261.991726028243
7657,5083.468659594716
7658,5972.435173123091
7659,6093.485062724086
7660,6962.4938334437775
7661,5569.760094279303
7662,6242.575837274079
7663,5202.2589859240215
7664,6166.411645590865
7665,7108.477506613668
7666,4213.10373289623
7667,7246.480011669012
7668,5757.361082064118
7669,4427.7462105313325
7670,6097.102232322171
7671,5060.984410225438
7672,6059.597934645102
7673,5937.496911428038
7674,3395.881802508037
7675,3663.455589156219
7676,5490.729228282995
7677,7114.449455380255
7678,7983.870108592877
7679,4556.447455724139
7680,5318.947804458577
7681,5389.497329699614
7682,5596.837078033701
7683,4694.106267815692
7684,8265.153721644409
7685,6934.15773080171
7686,10024.325871850566
7687,4678.58010708892
7688,4810.036031629088
7689,9026.694500946482
7690,7153.406821203684
7691,4388.0953973541555
7692,7420.693795741604
7693,5693.289385004507
7694,4170.983205556092
7695,4532.704089272672
7696,3757.185598993905
7697,4664.841078900989
7698,4787.783769745463
7699,4515.383570150692
7700,4031.420158010778
7701,7778.070200875987
7702,6170.930363237473
7703,20550.817738958533
7704,5346.70456641613
7705,4308.905094397271
7706,5689.863540601048
7707,7579.493234216633
7708,5141.956827919948
7709,5831.587396575661
7710,4813.231662553463
7711,6694.788006712275
7712,6635.600451530412
7713,4048.7931509655436
7714,4804.974816350183
7715,5821.864790103078
7716,6456.067540607181
7717,5968.472891856166
7718,6646.767546587645
7719,5138.0095470174265
7720,4307.9273206310545
7721,5188.669913710545
7722,7951.184005955661
7723,8129.19460162745
7724,7618.617142116205
7725,6278.080671690255
7726,4090.3264768652566
7727,5845.62625002447
7728,4029.2295920812994
7729,7725.300552285248
7730,6961.106833646664
7731,7642.546459100463
7732,5180.691664879606
7733,3836.305261595075
7734,4310.301891638337
7735,5223.902337531672
7736,8067.03642099595
7737,5480.257293831255
7738,4821.8988941274365
7739,4251.203973998647
7740,6407.2441765388385
7741,4842.451817266756
7742,6003.237386398647
7743,4356.774070819247
7744,5611.831684141939
7745,6104.963799267181
7746,4969.947660105117
7747,5777.566704880638
7748,5366.341773818427
7749,4712.046069891631
7750,4873.27391280745
7751,5921.85330913099
7752,8487.030104352823
7753,5595.18160411933
7754,6395.909013545757
7755,6550.518015479938
7756,7046.871707516575
7757,6297.21704136573
7758,7308.551493834731
7759,4076.415620736043
7760,5779.6210749181855
7761,5494.336551477472
7762,5399.8361172348505
7763,7234.221422821142
7764,6457.838346952342
7765,4746.354641383189
7766,5838.382507515701
7767,6074.933264647845
7768,7274.682386265084
7769,4633.343910642157
7770,9533.318370450193
7771,3998.9943608950175
7772,5794.969038905048
7773,6152.255609627632
7774,5013.111587227045
7775,5143.94212204705
7776,5460.732274820835
7777,6025.076422684339
7778,4145.475312037083
7779,4738.346006371893
7780,6462.631456067658
7781,5634.165719156014
7782,5835.137120667914
7783,4764.677713286363
7784,5608.959025549683
7785,6562.663303020677
7786,5962.436350070344
7787,4952.021455887764
7788,6470.989886271884
7789,5607.936959651597
7790,6228.281386653616
7791,6579.133907953517
7792,5453.904748386647
7793,6189.93011165815
7794,5983.5811588109245
7795,5387.003566286276
7796,5790.169071089711
7797,5298.597809278241
7798,4852.1449484038585
7799,4502.667977723797
7800,5327.74816936544
7801,5643.053463191598
7802,4296.724250251069
7803,4419.675453735605
7804,5360.997616826635
7805,5231.029168173499
7806,5202.397286371418
7807,7176.426205820272
7808,5328.601832462862
7809,5858.904680441037
7810,4975.063387564443
7811,4750.037807920227
7812,5378.559897963755
7813,6790.006257688421
7814,5916.228687958545
7815,6728.788381753936
7816,6514.816752594631
7817,5005.860215345749
7818,7232.49070952552
7819,5798.391394250837
7820,5744.7541288342045
7821,7083.426955995666
7822,5355.690169779726
7823,6675.70047162841
7824,6419.4405128495255
7825,5782.82710415175
7826,5224.299526199587
7827,6183.229355836906
7828,6153.252982385338
7829,4671.091222147449
7830,4729.22239062967
7831,5126.714601263159
7832,5972.426484599496
7833,5830.117095665783
7834,4343.099097698369
7835,6071.638961861247
7836,6508.520721091953
7837,5295.2252955652175
7838,5776.596359584297
7839,5128.280446217902
7840,6837.100977251283
7841,5877.208756428924
7842,5148.996094868301
7843,4658.600728323498
7844,5590.447366373106
7845,6369.721111729973
7846,4899.272164424486
7847,5510.166067507564
7848,4392.543379798631
7849,7221.7785940673775
7850,6026.263427726845
7851,6077.163966728613
7852,7585.488856278081
7853,5410.065493972199
7854,4813.572486152553
7855,10514.396387642486
7856,5484.470575161097
7857,5299.763105613399
7858,6039.896229826839
7859,4814.47018539933
7860,6176.605868017845
7861,5018.314646354405
7862,5841.622815910957
7863,6536.595095615272
7864,5157.896956016823
7865,3896.9210790997163
7866,5285.194303825559
7867,6246.460087861171
7868,7211.693996153243
7869,5267.707881907864
7870,5287.749100089404
7871,5385.165474687424
7872,4837.111699728114
7873,3892.2525146804696
7874,4946.44787365686
7875,5314.1451788974555
7876,5345.158639026259
7877,6181.867186692122
7878,5670.352115460249
7879,6434.863489491832
7880,7004.032643833731
7881,6275.0067966106135
7882,5592.210796684647
7883,6819.754318247725
7884,6983.831796341254
7885,5313.45887923924
7886,5865.4890756365985
7887,5550.349216512271
7888,6108.943327501271
7889,4384.921083370872
7890,5385.066611931163
7891,4245.540165104713
7892,7586.277810136942
7893,5585.208935207457
7894,6787.961437448161
7895,7496.182160817461
7896,4839.0146419715475
7897,5885.121240730232
7898,13606.715127530659
7899,8634.144225224067
7900,5003.878706004699
7901,3441.3860715305595
7902,5636.309581283736
7903,7672.400494282023
7904,5118.413371034358
7905,10529.161281312789
7906,15980.996837110608
7907,4960.621865781829
7908,4912.302353681446
7909,6232.58349239827
7910,4965.098260765875
7911,7632.902306803797
7912,5340.5682501481915
7913,6413.602129686625
7915,6673.3104229876635
7916,6251.4936381211955
7917,6154.752651052193
7918,6501.534218683038
7919,5082.14254254338
7920,6023.628112646305
7921,6090.310008598456
7922,5018.581377307129
7923,5420.206798637874
7924,6774.45962626341
7925,4512.9641354238165
7926,5228.1815711414365
7927,5515.769845790925
7928,5060.164096061969
7929,4801.375166579143
7930,5770.62199106696
7931,5170.286371858568
7932,6537.185837076348
7933,5608.724694328145
7934,6042.451526217724
7935,4956.041803734427
7936,4221.4432746494285
7937,5189.732943324422
7938,6121.110868219739
7939,4876.022225191349
7940,5385.7228356375945
7941,6480.466879094935
7942,5609.207306904458
7943,6340.044687797762
7944,6772.1408099481505
7945,5830.385716662704
7946,4560.885636395633
7947,4535.338288567518
7948,6805.658174570674
7949,5207.843947998839
7950,5963.4650330733075
7951,11818.77315015106
7952,5874.385930551112
7953,6272.958314843129
7954,3879.508297146493
7955,4580.924667563858
7956,5055.354151194587
7957,4667.747094789612
7958,5354.266723605383
7959,7072.969113544391
7960,4674.722177541614
7961,10880.09819044298
7962,10685.246634001902
7963,5038.545276837171
7964,6496.942881298097
7965,4864.401549387183
7966,6390.108866077862
7967,5908.2386479676425
7968,8894.936603085915
7969,6189.642256304236
7970,6610.822642202798
7971,5285.184825377292
7972,6390.108866077862
7973,4933.692351292235
7974,6757.511090199905
7975,5570.648859165393
7976,5583.4629243679465
7977,5743.2289196908705
7978,5133.714829549528
7979,6795.338966265336
7980,7493.9756824652195
7981,5292.304958619996
7982,7075.900269703309
7983,6159.957651570953
7984,9037.488512325317
7985,4154.57967603402
7986,4655.842161758359
7987,6123.099432545526
7988,6987.0733226193115
7989,5969.014411904893
7990,5725.55192623431
7991,5976.720351819952
7992,6464.771859610452
7993,4962.310187897416
7994,6386.187248984239
7995,6212.386696800189
7996,4884.711082086993
7997,11141.855486083514
7998,13297.455235535714
7999,6011.319413012829
8000,6115.168837448848
8001,6943.407536899004
8002,7134.78493411121
8003,7813.309164620162
8004,4772.742879341281
8005,5727.92110514621
8006,6231.237448684383
8007,6600.121334265641
8008,4185.3020039449375
8009,5028.631562792681
8010,4487.738648906634
8011,5210.910335675471
8012,6401.1209363654625
8013,4434.960998079615
8014,4283.890674120591
8015,5534.467571396158
8016,4531.96638219165
8017,4013.108778407886
8018,4598.16657150009
8019,5336.873515501359
8020,6913.6454019611
8021,6826.833796596346
8022,7441.648632737251
8023,5190.746576819501
8024,6166.726330362045
8025,8419.159726099446
8026,6264.111571038924
8027,4677.010932233506
8028,5412.471766537244
8029,7231.210999346622
8030,5563.8688255246625
8031,6130.042781151019
8032,5262.9494683805115
8033,5068.341100175899
8034,6513.766588808121
8035,5174.718477155963
8036,5058.962079527111
8037,6572.954795893709
8038,7130.203422355666
8039,10110.915121051828
8040,5158.333579555804
8041,7524.646748410596
8042,4591.501811563657
8043,4658.27409732054
8044,5271.911558928147
8045,4069.0027101259097
8046,6108.212077095558
8047,4983.863872316651
8048,6426.065271084314
8049,6484.381986103465
8050,9590.678814273826
8051,6875.786728802521
8052,5210.979785065279
8053,5391.6703141979315
8054,6710.833369892129
8055,6237.890452578184
8056,7498.401047652461
8057,5127.437598362496
8058,5697.211298037894
8059,6484.09811433406
8060,4824.455963629835
8061,5740.298467754692
8062,6442.985755308707
8063,6262.251435914803
8064,9914.2683203728
8065,6159.9287798574
8066,10149.74480067919
8067,5295.982478586293
8068,6500.303991506646
8069,4139.674928459095
8070,5917.122932174807
8071,5232.0053569162865
8072,5012.766526646943
8073,6432.661810233221
8074,5274.4210125477075
8075,4534.809043339543
8076,5669.59815911031
8077,5711.188038459049
8078,6305.660252110524
8079,5323.3137684495205
8080,5752.379031926795
8081,5948.624808314063
8082,5567.596629858376
8083,6954.84622734607
8084,5766.746372193792
8085,4630.430196949429
8086,4987.777059255889
8087,6321.016578258214
8088,8439.188151334658
8089,6774.260001203498
8090,5056.362687567908
8091,5738.262722694238
8092,6544.894861068844
8093,6227.293807761237
8094,5463.390710994215
8095,6449.545099455395
8096,5618.836199533541
8097,5050.509108344391
8098,5872.824691640998
8099,5860.239632940216
8100,5279.07836146988
8101,5993.555184558572
8102,5176.230321703969
8103,5401.727616035676
8104,5152.066759266503
8105,4413.3332609296895
8106,6339.033694905902
8107,6792.1179829935545
8108,6982.101905455016
8109,8501.846292973807
8110,6404.051314913762
8111,5358.636541660769
8112,6204.849092957434
8113,8681.072384047588
8114,6734.963073639142
8115,5570.499118357138
8116,6000.873703122754
8117,5865.7850272729665
8118,4974.033144967936
8119,5327.020761206661
8120,8235.091522490096
8121,5496.324861298843
8122,6866.321263863151
8123,5505.365429053394
8124,3106.205902508317
8125,8827.753658421687
8126,5500.456038425948
8127,4895.367763779063
8128,4693.976864213201
8129,4991.527352350036
8130,5961.007700134826
8131,5699.753048639771
8132,5219.698934089536
8133,5946.397011615776
8134,4042.4064223283694
8135,4138.945179229394
8136,4341.842866873914
8137,6829.977680304192
8138,14363.721413561198
8139,4565.388140386141
8140,4925.567539410578
8141,6732.305548855694
8142,4818.7642968348355
8143,4618.56920143941
8144,4743.168785246894
8145,4496.213444087346
8146,6361.211558593542
8147,6304.059791517242
8148,3770.6989286192106
8149,5747.744023491561
8150,4488.509537419417
8151,4917.137439414551
8152,6004.458659233675
8153,6515.201741530968
8154,8624.801155055433
8155,5655.996449279025
8156,5395.709070542442
8157,4241.674064304591
8158,5824.7790382249295
8159,12490.633453872844
8160,6873.3796866279
8161,6124.99116003892
8162,4762.8504406623815
8163,5013.399204876764
8164,5113.499198019316
8165,4901.427038261732
8166,7892.742475744447
8167,5097.27301712066
8168,5858.7901988162575
8169,5911.025858412087
8170,4938.749879314992
8171,4812.760495217419
8172,4738.763583818206
8173,6172.557112820477
8174,5502.194880396286
8175,4837.781253313019
8176,5415.622904863647
8177,5879.650728326033
8178,6683.3647217728885
8179,6741.926202753927
8180,6255.0309214735
8181,4310.216001634096
8182,6288.003381638739
8183,5008.124839862475
8185,5547.442093154743
8186,6554.465771125928
8187,5249.83430515059
8188,6366.97657706383
8189,5784.492878278072
8190,5932.829286251903
8191,4874.699286263953
8192,5411.985393336182
8193,5272.901886403441
8194,4790.886797384184
8195,6480.088083841017
8196,5285.361080720419
8197,4625.572276197888
8198,7665.31211665099
8199,4999.565825896694
8200,4297.201049454296
8201,6076.272401307545
8202,7316.935126791453
8203,8505.44294416629
8204,5280.65393851157
8205,6032.907314185468
8206,5039.168862692495
8207,5899.978491995243
8208,4979.509171724754
8209,6706.861086999147
8210,3772.2212149908564
8211,5173.973805833549
8212,5551.081324756455
8213,5186.567305926299
8214,4335.70370175929
8215,5937.839017046754
8216,5776.401152893357
8217,5861.854313734487
8218,7015.21186866069
8219,5599.072274218545
8220,6952.792007027036
8221,4285.727557229433
8222,5292.385827059893
8223,5684.605631747119
8224,6087.576469351567
8225,6978.748068021962
8226,4233.756294511488
8227,7198.320538595985
8228,5782.090610845589
8229,5985.905837898896
8230,4972.956633959976
8231,3688.752344431004
8232,5391.0953257707515
8233,5280.044047004859
8234,6537.606211479899
8235,5388.734995596571
8236,5205.56604842881
8237,6517.97707449916
8238,5091.970795838519
8239,5602.409154001971
8240,6845.701472256643
8241,4949.551324347885
8242,7036.9761483069615
8243,7937.393008676923
8244,6066.442789560078
8245,4500.303234096839
8246,4569.505456796391
8247,4259.2035884093075
8248,3505.1961640017284
8249,6416.973471987193
8250,5475.0384609740695
8251,6796.54617029063
8252,4401.185825163072
8253,5878.358411749403
8254,5558.809158863929
8255,8783.543236046808
8256,4608.396411418431
8257,4780.510705496457
8258,5464.108074016634
8259,7033.909786733108
8260,5408.830415557819
8261,6137.030891168314
8262,6468.220813188841
8263,7627.615589030256
8264,5487.508235035365
8265,6041.690838778883
8266,5887.81868600835
8267,5519.725637521556
8268,4906.659896275907
8269,7170.301591774606
8270,7162.253296742227
8271,5771.0844227903135
8272,12770.256208510933
8273,5206.34555833327
8274,4876.8177701538325
8275,5086.293890125811
8276,6647.25733013412
8277,6231.908522869644
8278,5940.8626733780275
8279,6285.948936380054
8280,6085.282467935391
8281,5647.827136664537
8282,5459.754196165099
8283,4587.510999484959
8284,5071.866801334484
8285,5126.774706602696
8286,4869.851911082727
8287,4311.729738953727
8288,7123.201730257089
8289,13814.997170440338
8290,6045.043875929762
8291,5212.063241869342
8292,5639.048951911539
8293,3741.7378128253067
8294,5608.723368126654
8295,3152.941268992102
8296,7425.756645294691
8297,5860.730278803278
8298,6214.575876722283
8299,8911.028458117873
8300,9448.136862712281
8301,5871.637883170559
8302,5638.669924078149
8303,5003.5709247184905
8304,5480.867460986218
8305,6276.39380041483
8306,6713.123229916036
8307,4224.029546057324
8308,4059.5845221171703
8309,5385.657390175995
8310,4989.33448461133
8311,5388.168991743015
8312,5308.945948492693
8313,5187.184547310722
8314,6122.48859503033
8315,6407.990466242259
8316,5497.399857266263
8317,4669.600146929343
8318,4362.646505479745
8319,6368.332946025946
8320,4145.150602228676
8321,6931.152328137732
8322,5273.036193929245
8323,4138.004142952521
8324,6621.668260347758
8325,4904.563008038365
8326,4439.925861194845
8327,5323.124382824747
8328,5416.0075560828545
8329,7150.730061147266
8330,6648.881421923691
8331,5559.9611305493
8332,4915.623748596362
8333,5100.899100260639
8334,6784.0227894518885
8335,5857.310595875758
8336,4625.433422333158
8337,6013.126629415508
8338,8608.806916339772
8339,6363.544384103235
8340,5842.17928115326
8341,6594.218801653879
8342,5688.230284425911
8343,6955.527578128257
8344,5762.720277407914
8345,8071.3942611251
8346,5402.1776659471525
8347,5195.120245438177
8348,4572.608843489517
8349,3702.685900999698
8350,5602.215424781755
8351,13097.244360781004
8352,3848.3216252107586
8353,4298.32806168254
8354,7151.894521892842
8355,6465.235003648762
8356,6000.662296807969
8357,6137.00774795007
8358,4652.963841428705
8359,5035.914078093078
8360,4759.252526131455
8361,6288.61546118908
8362,4855.787720862124
8363,5685.687478687559
8364,5571.021663653553
8365,4481.557763547791
8366,6824.091401440051
8367,5845.295934348832
8368,3779.541895959072
8369,6180.145189875248
8370,6838.660703594173
8371,3824.8411986516253
8372,6074.901959348157
8373,5195.930994966082
8374,4812.658208156403
8375,6999.892748228292
8376,6091.673576468838
8377,6366.883505232956
8378,5497.008802946162
8379,4336.861163779636
8380,5740.342097202266
8381,3470.5980142896146
8382,6326.277363457074
8383,4173.6378335561
8384,5642.44661591116
8385,5136.544272732629
8386,6005.561000896661
8387,5069.30019322079
8388,6000.588954957707
8389,5557.402377927354
8390,6381.2039196383785
8391,5353.097356556045
8392,6513.80746139363
8393,5708.96342205983
8394,5856.287991391867
8395,6509.911643196552
8396,6988.616282497745
8397,4461.340583703756
8398,6074.081030178433
8399,6390.709581813522
8400,4378.520612152719
8401,7201.9868305284
8402,5550.757264003756
8403,6815.945707257585
8404,7688.632691318315
8405,7048.375404068963
8406,4291.523393596637
8407,7195.561673486875
8408,7369.593590234055
8409,6597.501068671732
8410,6116.126911314363
8411,6265.931406534915
8412,5577.2864604061
8413,4789.229543321214
8414,5595.126704944141
8415,4910.60244798424
8416,5495.386583177842
8417,5810.38063918492
8418,5168.903498337726
8419,4895.29628549066
8420,5904.927844539904
8421,5722.909636924418
8422,6109.656569115657
8423,6047.101045796614
8424,5690.39141258452
8425,4789.787855196479
8426,6089.546815815096
8427,5899.324858614133
8428,5216.622337695931
8429,5619.741854959521
8430,6010.793290977705
8431,6033.609936281394
8432,5399.930425645862
8433,3977.055541092687
8434,5596.297429812888
8435,5785.977973152058
8436,7265.266831384724
8437,5685.148206078613
8438,3916.5173194534905
8439,5316.029501400391
8440,6650.020649533207
8441,5200.307563773189
8442,6139.961283893274
8443,5888.030772607866
8444,6023.6606554603395
8445,4462.949505831018
8446,3640.9260881418486
8447,5232.722188737079
8448,6021.975919789977
8449,5703.77546420275
8450,6785.40958382114
8451,6793.146172385733
8452,5386.08683419665
8453,6789.153563361876
8454,3985.940124839983
8455,3090.412474187246
8456,5894.18813950097
8457,9219.178708097781
8458,5967.614917412436
8459,5684.046858120512
8460,4223.634766683607
8461,5610.596972805672
8462,7358.34562244845
8463,4791.754525684617
8464,5996.064085830436
8465,4544.36281192467
8466,4173.983732761101
8467,5007.700137856446
8468,5382.115548862471
8469,5030.679583332654
8470,4688.857767652189
8471,5535.919677771684
8472,4270.042939023043
8473,6528.602334784185
8474,5347.2315121401025
8475,5245.162686458252
8476,5615.453838453851
8477,6014.269015960342
8478,5045.054609223022
8479,4751.363989753022
8480,6128.674659433657
8481,5864.68778494514
8482,6290.9945262315
8483,3213.7171062956027
8484,8327.525785940119
8485,5172.924412565962
8486,4955.6084519700635
8487,6069.7184670668885
8488,7376.261824422228
8489,6668.223718594771
8490,5509.241335929418
8491,5915.835025522289
8492,7184.399569997723
8493,10044.486163169788
8494,4640.455376913199
8495,5383.853500171889
8496,5168.460931167478
8497,6941.884181797018
8498,5849.791735058509
8499,7096.316153672743
8500,6932.485576033834
8501,5363.569013640234
8502,4410.680399737091
8503,5371.845081988524
8504,7215.586720090787
8505,4771.462149289453
8506,5559.196650945946
8507,4225.1356827119425
8508,5716.414706861399
8509,5600.612246408504
8510,5623.707932964731
8511,7568.136760024001
8512,5291.153005436158
8513,5119.917992926202
8514,6008.884506454578
8515,6122.646342132001
8516,6998.943166775264
8517,5598.921373687219
8518,6279.025170605566
8519,5266.796697381615
8520,6195.572924998781
8521,7137.638786021584
8522,4242.265012304146
8523,7275.641291076928
8524,5793.810415395605
8525,4464.195543862818
8526,6161.6399437797645
8527,5090.145689633354
8528,6088.759214053018
8529,5966.658190835954
8530,3425.043081915952
8531,3692.616868564134
8532,5555.266939740588
8533,7143.610734788171
8534,8013.0313880007925
8535,4592.896789055627
8536,5348.109083866492
8537,5418.65860910753
8538,5633.2864113651885
8539,4723.267547223608
8540,8301.603054975896
8541,6963.319010209626
8542,10053.48715125848
8543,4715.029440420407
8544,4839.197311037004
8545,8860.496667367106
8546,7182.568100611599
8547,4417.256676762071
8548,7457.143129073091
8549,5722.450664412422
8550,4207.432538887578
8551,4597.241800730265
8552,3821.723310451498
8553,4694.002358308904
8554,4816.945049153379
8555,4551.83290348218
8556,4060.5814374186925
8557,7814.519534207474
8558,6200.091642645389
8559,20642.295639906162
8560,5224.459104403247
8561,4679.905998149471
8562,6319.22267819796
8563,8300.02139555663
8564,5629.577625009007
8565,6446.828110991158
8566,5148.2886005330765
8567,7284.231630141148
8568,7352.767675941826
8569,4681.856707840056
8570,5066.34410566249
8571,6360.181988203593
8572,7087.047277831415
8573,6490.253200874614
8574,7016.62772861236
8575,5481.607320032249
8576,4583.253448905714
8577,5526.283895397538
8578,8574.586778518513
8579,8828.47298033151
8580,7956.116137552331
8581,7164.285536049257
8582,4405.775119753968
8583,6417.186095711904
8584,4362.342195899341
8585,7927.140854472526
8586,7577.434589983597
8587,8224.7400356661
8588,5889.486130858484
8589,4224.264769698474
8590,4669.783937513291
8591,5838.902481912719
8592,8799.132663285081
8593,6077.326217844757
8594,5428.641381871521
8595,4570.781631703633
8596,7080.772141814533
8597,5189.528324661365
8598,6445.32671733269
8599,4986.501847405089
8600,6182.568223594053
8601,6636.813491190226
8602,5597.068159554558
8603,6246.802194089635
8604,6035.330180547709
8605,5153.221398774593
8606,5549.095652850992
8607,6423.4472032178
8608,9276.160957484124
8609,6126.257901330849
8610,7045.1029951179635
8611,7060.838558292869
8612,7735.410283658537
8613,6805.271357433382
8614,8156.783484372588
8615,4316.7323968013125
8616,6299.917844494049
8617,6143.008693683028
8618,5988.194390022747
8619,8077.064370596429
8620,7067.569479795775
8621,5363.827321830069
8622,6538.416596043185
8623,6468.277423305127
8624,7840.268572879295
8625,5191.685785783823
8626,9922.394407307858
8627,4319.587852891347
8628,6302.446706481706
8629,6596.223434551563
8630,5486.708429013949
8631,5633.561955756703
8632,6175.972771009201
8633,6736.583641872666
8634,4725.058277836451
8635,5149.325968096553
8636,7118.102055155635
8637,6106.152000072559
8638,6283.480201429501
8639,5252.96557358621
8640,6080.076448311601
8641,7254.856648591512
8642,6528.687868584924
8643,5603.367177491756
8644,6948.1612322157835
8645,6079.054382413515
8646,6885.450427972518
8647,6954.609052963082
8648,5925.022171148564
8649,6712.0151020811545
8650,6533.577348103324
8651,5890.8322659314435
8652,6441.5147926937025
8653,5767.588809023587
8654,5168.9099066111385
8655,4878.184433905156
8656,6114.98762829416
8657,6219.7154221951
8658,4800.860926672835
8659,5179.448096909775
8660,5975.997761207682
8661,5657.702486472696
8662,5691.155270999829
8663,7431.931806430397
8664,5761.284861261641
8665,6395.36342084166
8666,5420.492987763264
8667,5221.155230682145
8668,5839.2670069753885
8669,7572.768269117786
8670,6465.74104912406
8671,7255.685418074749
8672,7226.323971782957
8673,5328.387045882567
8674,7718.474494927872
8675,6397.232417995296
8676,6468.654520995485
8677,7923.207531552817
8678,5897.271840916071
8679,7241.95199014299
8680,6896.611858793425
8681,6519.629841808484
8682,5507.800975995367
8683,6747.354451334914
8684,6657.975801130461
8685,5120.02958016841
8686,5176.034325634059
8687,5648.46146260391
8688,6537.214559678079
8689,6228.660973852709
8690,4942.067816846873
8691,6670.479985605705
8692,7028.255999062496
8693,5798.896312294887
8694,6335.279160495397
8695,5727.121469962361
8696,7465.301849969409
8697,6298.786211895684
8698,5711.804451963603
8699,5300.442684926302
8700,6155.235441451689
8701,6988.9609065175555
8702,5321.060924607459
8703,6274.501461171508
8704,5013.353319477133
8705,7385.943669898705
8706,6448.23706643152
8707,6527.826899478662
8708,8029.555318194176
8709,5959.577855137713
8710,5474.081848058977
8711,11142.597260360606
8712,6115.252465800456
8713,5905.880460521558
8714,6583.317224005582
8715,5431.232627548774
8716,6594.749422996934
8717,5401.353887219181
8718,6417.538501107219
8719,7123.5622354348125
8720,5611.20226659284
8721,4335.979476051327
8722,5736.225016109328
8723,6727.2443704376055
8724,7532.848383868675
8725,5879.604306836188
8726,5814.741111408565
8727,5964.46438933634
8728,5436.261225853895
8729,4462.220082174047
8730,5364.210025968833
8731,5853.646229996186
8732,5906.01412898181
8733,6753.558612598594
8734,6269.193139204707
8735,6982.626085040783
8736,7711.320357551866
8737,6814.507847709344
8738,5996.017564205499
8739,7418.595341992183
8740,7668.886545699454
8741,5743.515481144686
8742,6437.18050154307
8743,6284.529211465103
8744,6843.123322454103
8745,4708.30099183056
8746,5873.461914747763
8747,4718.413534183317
8748,8280.252929634062
8749,6191.263391620927
8750,7448.832988704836
8751,7938.202244966084
8752,5255.187261982303
8753,6364.020670649373
8754,14234.916000248779
8755,9547.823596614027
8756,5579.794391200961
8757,3888.5790086427187
8758,6166.308920271513
8759,8252.338199161115
8760,5638.765924375165
8761,11391.286094986237
8762,16037.656028558733
8763,5287.278169918294
8764,5496.920645873643
8765,6765.88748022573
8766,5480.749814269595
8767,8281.794499249396
8768,5802.062665614157
8769,7090.2698494881215
8771,6929.179473672589
8772,6836.284565769682
8773,6687.441440648966
8774,7077.5167520624245
8775,5579.00232758906
8776,6550.506913112788
8777,6605.854909253044
8778,5569.360743886538
8779,6019.047822382333
8780,7055.280563179879
8781,5182.712207794441
8782,5662.940448750666
8783,6069.900631115268
8784,5477.926248373942
8785,5242.112227728999
8786,6176.510259454015
8787,5565.869459429584
8788,7288.942960348312
8789,6255.409363269115
8790,6500.869951850717
8791,5407.389171440304
8792,4700.4316405222
8793,5476.22644757395
8794,6568.012086893128
8795,5299.475574198764
8796,5766.8513741850165
8797,7041.805152339639
8798,6089.740832529555
8799,6878.7058766552045
8800,7416.9532493207935
8801,6343.541194490877
8802,5057.562385138451
8803,5186.68401017151
8804,7161.08642261554
8805,5745.422617236169
8806,6486.931002317198
8807,12436.43599168571
8808,6434.476551504724
8809,6897.326604188264
8810,4563.183306830862
8811,5077.601416306676
8812,5624.33447135423
8813,5140.6340368680585
8814,5957.332006639633
8815,7838.077551600136
8816,5122.7927159116025
8817,11890.074875934353
8818,11160.86273636152
8819,5647.506416874408
8820,7291.443140348745
8821,5545.8714155911475
8822,7209.585263225881
8823,6715.844266607934
8824,9805.60465000272
8825,6628.466685945078
8826,7450.303180311281
8827,5947.728780694357
8828,7209.585263225881
8829,5413.043936551347
8830,7593.381198993836
8831,6051.18238479049
8832,6309.672794484157
8833,6126.845713773092
8834,5746.533395431285
8835,7314.654513691319
8836,7981.696391062301
8837,5724.304036612931
8838,7787.689267209475
8839,6819.950295621946
8840,9755.727933476932
8841,4818.742142542361
8842,5152.294338442658
8843,6794.163087399356
8844,7478.089465511622
8845,6624.246983142497
8846,6156.71184103234
8847,6612.842759737479
8848,7015.871141098257
8849,5485.984057196988
8850,7259.134185263235
8851,7019.309790059017
8852,5427.995522040949
8853,11539.159142662147
8854,14068.464785600356
8855,6542.556149755573
8856,6515.893923366382
8857,7409.282489869252
8858,7876.43463520219
8859,8602.924858183365
8860,5531.5362421453365
8861,6469.5708062371905
8862,6835.420698643152
8863,7143.405774219597
8864,4722.567131292658
8865,5614.167312956079
8866,5196.304565740538
8867,5750.412553517397
8868,7010.143401743714
8869,4929.723212009295
8870,4829.024661076857
8871,5992.690833033191
8872,5071.468600033576
8873,4557.0203739867675
8874,5261.09755867161
8875,5856.156511946315
8876,7552.508661667838
8877,7433.481600296095
8878,8166.112568172214
8879,5758.360828744926
8880,6649.615235228519
8881,8768.646603698156
8882,6845.456943886368
8883,5315.897586024515
8884,6034.470690526184
8885,7672.586132838934
8886,6236.124034834978
8887,6520.725547160511
8888,6058.7049667969395
8889,5618.312615895565
8890,7182.428661103486
8891,5713.072993890066
8892,5828.795161108974
8893,7174.454579442443
8894,7790.196066406658
8895,10227.034190468341
8896,5782.2018457120685
8897,8037.854209717559
8898,5168.62292512131
8899,5277.900618007497
8900,5919.195302926504
8901,4612.914305704792
8902,6658.183592815224
8903,5595.600928269672
8904,7081.082027442062
8905,7010.212962165127
8906,10309.445555312392
8907,7267.302588597693
8908,5756.113772021546
8909,5949.283949231325
8910,7313.960652033299
8911,6818.650276579895
8912,8136.221985337723
8913,5674.534069973649
8914,6211.62937952754
8915,7095.8351702870805
8916,5570.149014858771
8917,6453.788214324715
8918,6905.1347006281585
8919,6902.5195186237315
8920,10558.359604874167
8921,6744.982217207705
8922,10769.988526655101
8923,5860.269937651284
8924,6794.075839656835
8925,4703.4092076233555
8926,6560.199963281771
8927,5900.987428705602
8928,5530.197091386128
8929,7055.622493246526
8930,5843.374360210125
8931,5050.813098548282
8932,6252.125889987368
8933,6409.717123402503
8934,6969.0451895114475
8935,5789.238372994122
8936,6248.584955525036
8937,6705.117807696389
8938,6098.988461820292
8939,7627.101436656386
8940,6260.571362661574
8941,5196.563734317113
8942,5558.404933825202
8943,6941.232019242759
8944,8949.568529338505
8945,7480.635512449448
8946,5523.038080197704
8947,6241.086132668498
8948,7125.572006289153
8949,6857.265479278558
8950,6025.071993577098
8951,7104.492909070086
8952,6166.096609506379
8953,5391.402663964727
8954,6426.037088596742
8955,6565.410468779737
8956,5813.022357422182
8957,6677.237606775756
8958,5800.880612224774
8959,5997.778488297837
8960,5600.585229621469
8961,4808.949996551325
8962,6593.1115519601
8963,7428.608499782066
8964,7241.783497395959
8965,9384.776556418334
8966,6945.615100582595
8967,6101.252025137907
8968,6887.398494449424
8969,9376.468484650242
8970,7394.026575047839
8971,6171.943859041981
8972,6546.007690079019
8973,6647.7729779731635
8974,5650.915726619378
8975,5749.18041460054
8976,8662.74561817541
8977,6101.701971496516
8978,7621.892357067204
8979,6018.572890360357
8980,3287.299518583967
8981,9450.785771157594
8982,5980.6911805079235
8983,5408.853643882023
8984,5348.191285636059
8985,5870.931042367601
8986,6597.983668605116
8987,6238.483581892006
8988,5727.83639180645
8989,6750.098309882889
8990,4445.278647809858
8991,4690.032866288387
8992,4765.118691607122
8993,7585.691984848881
8994,15074.88698790534
8995,5180.539365032106
8996,5488.652602175797
8997,7253.9898283370685
8998,5335.884523382902
8999,5018.396482504112
9000,5408.3519470817555
9001,4980.545235983852
9002,6913.5780917735565
9003,6741.907791462857
9004,4228.661278458807
9005,6553.284816820952
9006,4946.471887259011
9007,5537.812147506037
9008,6671.8238887991765
9009,7150.495488616791
9010,9089.619844689461
9011,6098.029096370033
9012,5978.136732755376
9013,4948.0494552879745
9014,6477.423396123859
9015,12980.977758200272
9016,7275.578943785565
9017,6811.045313647101
9018,5299.005427784381
9019,5526.981800367427
9020,5553.03900340556
9021,5381.5684528422835
9022,8472.653066781286
9023,5581.604809017166
9024,6351.566632230026
9025,6521.711233702753
9026,5239.864115148293
9027,5292.90190979797
9028,5167.449912803241
9029,6625.609287885167
9030,5934.923147261176
9031,5436.602393095577
9032,5834.746651462037
9033,6458.760992049517
9034,7193.308770929365
9035,7325.622098877898
9036,7087.167086544185
9037,4768.17835147369
9038,6825.5072251755955
9039,5473.9976806193035
9041,6034.967995885579
9042,7093.276922536732
9043,5701.100298097502
9044,7104.079259344557
9045,6438.707299700929
9046,6351.4952921091235
9047,5422.975083353798
9048,5835.261218069388
9049,5641.1882802079
9050,5182.147796545875
9051,6921.084005690302
9052,5798.266502477341
9053,5093.839806853521
9054,8041.533471299659
9055,5615.028967020739
9056,4687.407556889142
9057,6529.264218050108
9058,7836.541149601413
9059,9065.691541638262
9060,5781.319000270261
9061,6600.959334056694
9062,5497.131212532089
9063,6482.406154208177
9064,5593.913626524
9065,7091.946194093383
9066,4190.076334487113
9067,5629.235579503558
9068,6146.2948673211795
9069,5722.6366151443035
9070,4793.666051598884
9071,6538.209110613936
9072,6432.046298304774
9073,6378.486400404334
9074,7542.629963525874
9075,6148.7111823242585
9076,7634.134412392237
9077,4837.886185673791
9078,5848.444047215916
9079,6292.285616400604
9080,6838.714278401397
9081,7501.975785571191
9082,4785.67330610609
9083,7892.691126391744
9084,6400.999627624851
9085,6484.022807454023
9086,5387.005690643601
9087,4209.203178874564
9088,5959.96184350557
9089,5963.477542067907
9090,7298.057587710607
9091,6066.523399265488
9092,5787.993710641745
9093,7137.584499871504
9094,5719.314744589078
9095,6145.56009838395
9096,7642.243789197854
9097,5563.132509653849
9098,7625.416322950823
9099,7858.8668030653025
9100,6587.7533934241
9101,5063.607819056826
9102,5074.95076626634
9103,4865.881422887383
9104,4150.117324461634
9105,7125.9682291978315
9106,6039.146318954278
9107,7513.254089960458
9108,5020.834443938557
9109,6184.4408379224315
9110,6191.781749876968
9111,9319.698223168805
9112,5227.888836138059
9113,5198.423379937973
9114,6285.298048994447
9115,7640.239903537386
9116,6040.980832348024
9117,6812.177891129297
9118,7053.550239911927
9119,8434.845445846064
9120,6111.2942731035855
9121,6890.867817515521
9122,6270.34432730307
9123,6067.791651370498
9124,5483.375777141477
9125,7914.357554196314
9126,7856.890054083114
9127,6356.170917044025
9128,12325.338106310839
9129,5696.316187043348
9130,5540.618547037425
9131,5731.215050585718
9132,7398.0086974335045
9133,6809.017389465192
9134,6573.677996720183
9135,7135.125915116692
9136,6955.588831016284
9137,6239.414135751245
9138,5910.961298565201
9139,5189.728408622058
9140,5712.597584478436
9141,5595.914620403013
9142,5570.7576868280685
9143,4734.591817777336
9144,7659.1547457648385
9145,14827.367223632351
9146,6677.0792326116625
9147,5594.687467751984
9148,6283.970112371446
9149,4294.51498269936
9150,5895.611745731413
9151,3384.197194468729
9152,8592.396119414801
9153,6412.200999636637
9154,6851.482898449516
9155,9627.736377787698
9156,10132.185997828396
9157,6534.316654961178
9158,6381.853990681428
9159,5752.534512745864
9160,6063.295123199153
9161,6937.363603726167
9162,7166.898674387555
9163,4711.935687838544
9164,4447.512844126852
9165,5932.232081690634
9166,5484.58516308742
9167,5855.742536774556
9168,5865.957838849628
9169,5735.87064295184
9170,6507.240382121163
9171,6970.477352701246
9172,5844.5117987319345
9173,4997.0848389632565
9174,5131.773882274812
9175,6939.19810640802
9176,4635.16696103954
9177,7585.36674956059
9178,5585.185497102002
9179,4444.534502481404
9180,7246.089903656658
9181,5612.221181978329
9182,5079.791200385501
9183,6055.323467438023
9184,6065.546279328661
9185,7708.306986163064
9186,7149.202961550594
9187,5957.33516827238
9188,5400.669574310196
9189,5590.915459071503
9190,7212.2232157051985
9191,6528.758106638323
9192,5394.560799128225
9193,6613.921440125455
9194,9310.331302808117
9195,6950.701663075458
9196,6250.916238727305
9197,7181.316784712007
9198,6234.80497594055
9199,7610.1006690520935
9200,6338.892805266556
9201,8667.29761521868
9202,5979.294715730787
9203,5664.597227452658
9204,5057.839547725053
9205,4428.411848801044
9206,6114.410848333577
9207,13630.321314895757
9208,4360.517048762582
9209,4667.996811631701
9210,7889.236360707395
9211,7186.06434744767
9212,6509.713416192766
9213,6895.433644934013
9214,5188.7508093406295
9215,5574.812626339931
9216,5247.158667912675
9217,6832.799797420184
9218,5411.845941018146
9219,6108.9633034207645
9220,5940.690413602715
9221,4944.60940304237
9222,7449.148761428026
9223,6427.630986824747
9224,4397.342496640164
9225,6775.838590421141
9226,7472.726534722647
9227,4314.857557462491
9228,6896.988152941914
9229,5771.771854769596
9230,5352.929632962263
9231,7478.607367757394
9232,6844.910662909739
9233,6756.917913988298
9234,6075.246087843142
9235,4667.173140400638
9236,6240.414123412382
9237,4082.1578360364565
9238,6967.300076978313
9239,4699.14522610393
9240,6108.57140427082
9241,5732.447626826212
9242,6698.5560500507045
9243,5527.381299618339
9244,6571.454115339781
9245,6255.260572444418
9246,7103.564903752151
9247,6044.217374382102
9248,7208.918286479913
9249,6208.094961182894
9250,6372.673792259643
9251,7152.241192060127
9252,7542.35457095039
9253,5135.75257049615
9254,6709.5876136817205
9255,6978.279622995362
9256,5257.764715975639
9257,7736.5915832235705
9258,6055.454285117329
9259,7375.023617839526
9260,8205.018492186087
9261,7636.815578712824
9262,4803.718817148459
9263,7958.203118304134
9264,8134.773968330113
9265,7221.919094091589
9266,6667.214598373355
9267,6632.680353533488
9268,6382.111311356552
9269,5305.61534418899
9270,6006.528645752429
9271,5466.660668140263
9272,5869.734344553024
9273,6343.540531378031
9274,5704.641386179645
9275,5409.5463993417525
9276,6498.045335704781
9277,6273.997323983411
9278,6780.921130801697
9279,6788.736017922406
9280,6255.241863088108
9281,5386.7922861012285
9282,6762.004508415026
9283,6534.176887047402
9284,5850.688168824403
9285,6015.86808185474
9286,6615.179055481057
9287,6545.805359833215
9288,6031.246418236451
9289,4440.107180587268
9290,6250.389400719266
9291,6565.687631557544
9292,7625.205911194112
9293,6291.883956757808
9294,4401.748023689028
9295,5748.199212162869
9296,7350.25702061948
9297,5678.450038659135
9298,6798.320115935843
9299,6554.488329879544
9300,6302.652562411382
9301,5038.673672930688
9302,4267.502035587886
9303,5838.742048946387
9304,6714.0179043330145
9305,6184.597039422679
9306,7253.201147790261
9307,7412.926322183536
9308,5809.362658929857
9309,7419.882013712929
9310,4582.315834664158
9311,3777.80684517826
9312,6468.126914165847
9313,9722.507035904644
9314,6576.1721893107415
9315,6398.652776029862
9316,4686.5015276564845
9317,6257.854194027527
9318,7826.45716139648
9319,5245.645872817309
9320,6633.904113939854
9321,4961.406878245359
9322,4680.945694043979
9323,5581.424427209073
9324,5960.352833759451
9325,5542.875006884476
9326,5201.053191204011
9327,6187.421552866747
9328,4760.059297833907
9329,7308.909848798046
9330,5865.341887736967
9331,5904.060100606534
9332,6208.111995960876
9333,6561.674515716113
9334,5653.725568037872
9335,5214.230750725899
9336,6758.929765286263
9337,6395.917969070894
9338,6960.2685074516885
9339,3945.0608405656276
9340,9022.636611026397
9341,5639.19048594839
9342,5565.706313311319
9343,6628.491472983465
9344,7886.859520535491
9345,7322.438140017628
9346,6122.219017069439
9347,6428.03044907411
9348,8179.605577862992
9349,10827.541026214569
9350,5161.765980777221
9351,5959.4542899602275
9352,5855.447188971433
9353,7561.664331594821
9354,5954.372510523978
9355,7621.988288667038
9356,7560.648068165915
9357,5985.392368635227
9358,4927.800626285158
9359,6006.209028841416
9360,7650.349463670078
9361,5349.699434186433
9362,6168.081070811154
9363,4688.00244368482
9364,6089.06803872467
9365,6097.971392565619
9366,6356.39874101337
9367,7945.581811064172
9368,5997.549056949834
9369,5429.642347076864
9370,6625.777161739733
9371,6807.185457603325
9372,7432.422483188636
9373,6322.624824896519
9374,6994.462646215231
9375,5704.153871621186
9376,6858.774703260977
9377,7726.078960665445
9378,4798.323232460169
9379,7853.878575973908
9380,6385.280072987912
9381,4999.659125423814
9382,6679.29165231008
9383,5611.462704865228
9384,6482.488914812571
9385,6690.361642045255
9386,3992.538044191894
9387,4204.812292115955
9388,6178.62055924698
9389,7866.6760997753445
9390,8507.972549807899
9391,5175.673225767708
9392,5930.536746079428
9393,5779.7180601427835
9394,6250.179066650343
9395,5379.646360125517
9396,8831.92873242103
9397,7600.226031936859
9398,10588.38817683592
9399,5023.813829876048
9400,5299.4731528791735
9401,9254.515075029272
9402,7732.5937104997865
9403,4968.344363821064
9404,8107.158438438906
9405,6194.88981151394
9406,4650.225703472388
9407,5004.315812639987
9408,4202.940971572708
9409,5404.191151651953
9410,5373.092126796659
9411,4874.436070761413
9412,4640.632154532019
9413,8249.966487507587
9414,6819.421452663275
9415,21780.421585262924
9416,5655.05065123425
9508,3718.865124377994
9576,4711.738840832458
9617,13065.15945211179
9618,25148.10541496354
9626,5565.580274774716
9645,4862.16540725943
9655,5082.341245350708
9673,9198.09217109126
9690,6033.027095769817
9752,2826.944771469992
9766,4960.977576250361
9809,5704.654629763693
9819,3519.1155917120277
9823,3780.973736163399
9850,17382.257211126616
9864,6135.921807782286
9939,9845.856067670215
9983,3842.3380481288305
9984,14360.214963517714
10012,10090.384916578982
10082,4027.7049557172613
10086,3933.5096461426774
10137,4830.7898508595645
10152,9031.165913866475
10216,3818.6461206640747
10257,10630.079965786155
10258,6001.641505159463
10273,4835.954224054951
10274,5001.647488912696
10275,6426.225186903494
10276,4089.747887605759
10277,5921.6898632150105
10278,4140.172225646283
10279,6593.084093360552
10280,6622.124325285168
10281,4409.957913168775
10282,4337.6556617520555
10283,6628.615061182094
10284,6383.067369648547
10285,5787.986760168273
10286,7012.020748942054
10287,5767.704346793341
10288,3775.417177503277
10289,5473.149795886683
10290,7636.670161011547
10291,8351.32935775437
10292,7849.61392082986
10293,7047.928864854336
10294,4563.924306246768
10295,6557.569241248156
10296,3732.3166248661228
10297,7970.767617966277
10298,7668.006086297513
10299,8125.316983918966
10300,5588.467631496975
10301,3295.1337868944815
10302,4927.809358021747
10303,6069.163471859843
10304,8909.116123222551
10305,5854.747834982228
10306,5247.245455599254
10307,4534.649458215628
10308,6849.122176806778
10309,4721.326338168475
10310,7252.54833725329
10311,5082.2589830460975
10312,5938.2905808561745
10313,6797.995707281055
10314,4714.917965110154
10315,7082.178590065533
10316,5395.8018565180155
10317,5219.555753353202
10318,4795.803814006442
10319,6610.969012747717
10320,9448.119783535401
10321,5969.672145270302
10322,6892.475191633673
10323,7316.830407613831
10324,7801.544351423719
10325,7046.7841016392595
10326,6516.455879312114
10327,3626.9966735879766
10328,5965.056052491292
10329,6092.494818316182
10330,6123.211675646973
10331,8050.6571909393615
10332,7682.518008344814
10333,4447.811129994538
10334,6212.873048666674
10335,6451.927167829483
10336,5882.259399503178
10337,4601.351690526462
10338,8603.703073957846
10339,3765.743545848186
10340,6116.927706837685
10341,5759.124101564133
10342,5407.883261268569
10343,5521.350206509639
10344,4509.605505942945
10345,6724.015519883989
10346,5248.549698891309
10347,5828.535039275592
10348,7204.540817773617
10349,6621.97380003307
10350,5499.475666877923
10351,4744.373753279472
10352,5124.418390783149
10353,7156.063998262286
10354,5841.7326857305825
10355,4555.338176474513
10356,7220.556946545413
10357,5123.396324885063
10358,6912.283072785468
10359,7698.53090563474
10360,4856.132602692426
10361,6897.413471036364
10362,5956.089694560509
10363,5779.831966812779
10364,5460.544337795054
10365,4901.298169950744
10366,5192.418921818092
10367,4829.223873703119
10368,6318.738132339416
10369,5320.219115353104
10370,4682.052937186684
10371,5066.347036288281
10372,6115.670260733778
10373,5659.44317544736
10374,4999.4309342152455
10375,7253.797125446928
10376,4889.149609037936
10377,5717.430873660209
10378,5729.736031471586
10379,4425.25674311984
10380,5809.014956755456
10381,6270.381363080556
10382,6264.777151818309
10383,7604.4269467771055
10384,7180.137506661923
10385,5495.5453885637435
10386,7846.866922674589
10387,5467.061537846669
10388,5006.835782745579
10389,7636.495088946275
10390,5849.813267501351
10391,6554.996807288649
10392,7277.7772808451855
10393,6253.60162318078
10394,5908.3012123314375
10395,6100.477155648463
10396,6937.252377507259
10397,4304.497119465239
10398,4318.042664054588
10399,5425.095355274635
10400,5490.2765846814655
10401,6405.004788703675
10402,4124.105001309088
10403,5740.309105457079
10404,7007.9545983018115
10405,4866.998861770075
10406,6196.514858292483
10407,4806.530083061367
10408,7037.372633886961
10409,6212.11741361435
10410,4893.3334510064915
10411,5700.931610466693
10412,5231.1084706303955
10413,7141.414763217815
10414,4812.652559073596
10415,4996.202972809205
10416,4896.61683938084
10417,7664.9920931916595
10418,6098.021692739469
10419,6656.901671682318
10420,8942.395941641704
10421,5322.750171804963
10422,5742.31447671863
10423,11565.139667788117
10424,5502.652079597427
10425,6304.497332526323
10426,5540.779661227411
10427,5627.539485329298
10428,6862.576025573369
10429,4913.492092316128
10430,5792.725004936775
10431,5904.159770359571
10432,5023.422521727915
10433,4395.1962287034185
10434,4959.168105005749
10435,7560.712549350937
10436,7975.941838419537
10437,5697.274790743737
10438,5717.316008925277
10439,5889.9476205445335
10440,4575.139522058547
10441,3733.4864482096345
10442,4585.716297542729
10443,6110.069560854652
10444,6287.390087350095
10445,6014.970303776688
10446,5188.73683371841
10447,7319.98958959586
10448,7865.963301679071
10449,7084.420636325568
10450,6407.850545792095
10451,6338.139036505886
10452,7380.029373836959
10453,4979.311505468662
10454,6003.6962480885495
10455,6160.26566978582
10456,6789.72844361294
10457,4866.151262256267
10458,5513.607473784363
10459,4766.559755822354
10460,7429.0427459149705
10461,6119.482127133144
10462,7663.835983121822
10463,7928.949079648869
10464,5374.939296701118
10465,6355.523417239377
10466,14440.82965973268
10467,9206.731800421609
10468,5612.703857313253
10469,3865.1006727598583
10470,6682.397673726337
10471,8488.396083671048
10472,4466.596171588019
10473,10769.185235814635
10474,16171.797806731967
10475,6225.47531000042
10476,4146.6682204097915
10477,7088.609337893282
10478,4681.806907316142
10479,7939.969365258888
10480,4813.661581039621
10481,6345.838659905588
10482,4702.8094069257495
10483,7092.501961351876
10484,7056.829622841373
10485,6176.661513256178
10486,7467.716079789518
10487,6341.168755630621
10488,6838.912381511655
10489,6536.298317335515
10490,5791.901749840358
10491,5120.912379861174
10492,7191.8716529911035
10493,5008.303294175017
10494,5704.116338724626
10495,5083.551803943316
10496,4737.310498342605
10497,4901.110359046524
10498,6004.063951502872
10499,4788.638733988004
10500,6982.986236310037
10501,6311.756342076813
10502,6740.76000724475
10503,5339.958064332549
10504,5322.291319827474
10505,4488.737811208438
10506,5594.714156586949
10507,5874.659044507027
10508,5796.858189380777
10509,6002.335760445522
10510,6005.404884400164
10511,6261.23993175709
10512,6750.5118722658135
10513,6296.426287983454
10514,4041.6799424405026
10515,4347.963150251467
10516,7208.351789910445
10517,5757.83912121884
10518,5872.582860719196
10519,12525.11179703909
10520,6835.421324039419
10521,6581.539437670529
10522,4500.30052883339
10523,3978.1244652443356
10524,4724.924830568182
10525,4733.200616458382
10526,5016.829415024252
10527,7134.464055635422
10528,5618.6642500997095
10529,9946.740078758534
10530,10751.444284752659
10531,6243.150264210386
10532,6558.4378233891275
10533,4984.005450618464
10534,6414.015275582717
10535,5842.408345603739
10536,9958.220825114304
10537,6587.868271570858
10538,6866.9674481303
10539,5117.506125141515
10540,6414.015275582717
10541,5871.763994699935
10542,6361.827436988656
10543,6020.769902783986
10544,5311.780776716294
10545,6658.677859878248
10546,6074.233081741718
10547,7491.977320496039
10548,7533.694699514301
10549,6297.03918553292
10550,6761.5884319799825
10551,6911.370170168243
10552,9672.67763662446
10553,4244.185550213734
10554,5102.772660173167
10555,7002.805707913676
10556,7520.272012397906
10557,6762.4826182359275
10558,6235.647515027203
10559,7112.430810769097
10560,7476.219866737249
10561,5847.436288001443
10562,6541.832763469892
10563,6673.29986109293
10564,5184.352290269709
10565,11683.554489084396
10566,14156.814412361537
10567,6487.254180596017
10568,6818.822510777254
10569,7295.939395622414
10570,6907.71409182692
10571,7858.898610819639
10572,4189.858191974949
10573,5500.85026286192
10574,7007.32139786578
10575,6996.3189117613465
10576,4009.0871819814915
10577,5205.133367967555
10578,5441.709790376427
10579,4856.447602838635
10580,5930.766248828696
10581,4555.12044386592
10582,4129.338406363411
10583,6457.207888445497
10584,4173.436766971621
10585,4450.596289716784
10586,5500.093457421655
10587,5555.02922099598
10588,7580.811614352153
10589,8885.81306228021
10590,7409.731505990926
10591,6217.224331349573
10592,6738.613823780965
10593,8615.950766440335
10594,6338.530430040217
10595,4418.625940863806
10596,6001.468942894728
10597,9438.5957002217
10598,5647.046804310316
10599,6917.0126714104745
10600,5943.73458449218
10601,5151.123487919305
10602,6790.664665186292
10603,5619.992421305237
10604,6112.193031290547
10605,7374.749607001301
10606,7979.833696327544
10607,9533.58994679355
10608,4739.904911819498
10609,7913.690083060758
10610,4436.949543806477
10611,5111.545343996864
10612,5776.693704785257
10613,4506.4902214348085
10614,6629.4413855798775
10615,4608.227318755034
10616,6597.87184745766
10617,6392.763838183409
10618,9585.58585674721
10619,7804.787672948997
10620,5037.832408903877
10621,5505.959330833842
10622,6412.936711372014
10623,7032.434761896511
10624,7841.155239290167
10625,6022.496843020346
10626,6137.112610735733
10627,6413.180982293352
10628,5991.580658266496
10629,5503.240684761525
10630,6994.133289180604
10631,6345.429414700456
10632,10504.683164899807
10633,6954.473089175727
10634,11956.208865276782
10635,5738.905657422358
10636,7234.056146470145
10637,4027.652036314657
10638,5877.545775288042
10639,5732.603238398555
10640,6026.985323722908
10641,6464.76179867494
10642,6287.4971540601055
10643,4307.738201055253
10644,6672.118502180152
10645,5901.864066020212
10646,7780.150773617245
10647,6316.108777071367
10648,5662.591242564597
10649,6728.565512856549
10650,6063.536731948041
10651,7038.024206131723
10652,6692.324710824314
10653,5501.66876567543
10654,6057.386604506998
10655,6366.24309289255
10656,8602.639968410407
10657,7495.2254629577255
10658,5195.6127568807005
10659,5125.0669664467805
10660,6590.484307268321
10661,6348.3382538338155
10662,5225.026092658712
10663,6495.1345456548715
10664,5304.524361810214
10665,5626.69461302382
10666,6693.399214418893
10667,6878.910606829233
10668,5761.936859141318
10669,5754.922092844758
10670,6284.888682521662
10671,6430.8261398225095
10672,5235.522672752904
10673,4916.230984940054
10674,7092.093222641897
10675,6271.284100643606
10676,7330.7820859484045
10677,8757.461925061416
10678,7141.61651479286
10679,4867.25079639507
10680,6278.0401310342095
10681,8764.250362833242
10682,6806.847276373582
10683,6038.890284569821
10684,5773.802860838464
10685,5933.51735075982
10686,4813.019781854871
10687,5172.468493449481
10688,9429.763862090773
10689,6352.585488123706
10690,6859.3831749712335
10691,5120.541057298403
10692,3333.0901978673946
10693,8726.135734706519
10694,6282.420317259349
10695,5743.500940832087
10696,4777.154842998854
10697,6597.453068493576
10698,5884.042657724494
10699,5307.1135892989505
10700,6193.518689049292
10701,6667.3624733700035
10702,4668.6581026131
10703,4221.727566972801
10704,4114.772024589624
10705,7194.820367628095
10706,13984.219843994415
10707,4869.866770961187
10708,5971.379471286024
10709,7075.0597404934
10710,4649.683803056626
10711,5019.333516650604
10712,5846.086065342148
10713,4329.870293961155
10714,7664.642800261719
10715,6990.242210904703
10716,3528.9056654229935
10717,6220.381126552448
10718,4333.957269662237
10719,4980.1915369810495
10720,6474.502239930866
10721,6853.82416649318
10722,8967.555346693141
10723,5069.8961226430565
10724,5509.83143343979
10725,4748.452312178899
10726,6486.974944671303
10727,13255.573484977964
10728,7683.377809055401
10729,6736.8531456039755
10730,4739.197274312001
10731,6052.418034165745
10732,5230.476761708702
10733,4674.356195977442
10734,7389.864631984334
10735,5057.6958602338955
10736,6314.981544772577
10737,6837.006516279712
10738,5462.716926135071
10739,4639.613119056016
10740,4878.013653130997
10741,6607.897954377262
10742,5960.143881866625
10743,4676.767890199954
10744,5445.672299402412
10745,6774.914268915479
10746,6974.788747691766
10747,6879.027647662468
10748,6998.636659429734
10749,4141.135507855886
10750,7650.795559366517
10751,5397.999120454536
10753,5237.450054438949
10754,6475.256285605709
10755,5095.28203739341
10756,7227.3817455000335
10757,5867.670857063725
10758,6273.136529203998
10759,5964.095350058728
10760,5184.914551051892
10761,5720.332480936236
10762,4982.627475940973
10763,6821.702477498123
10764,5697.066237075113
10765,4186.824438320008
10766,7953.003044185209
10767,4817.15284909902
10768,4916.34078018559
10769,5992.802402588121
10770,7782.563749269035
10771,8868.482434842923
10772,4935.988109391586
10773,6039.6025839868125
10774,5715.987952551827
10775,6327.720533813825
10776,5859.636530558848
10777,7630.353390335607
10778,3957.3966874628277
10779,5666.3463841286175
10780,5707.750353461795
10781,4961.1804661080605
10782,4496.974065140748
10783,6642.512224068937
10784,6213.906978412588
10785,5907.4437599339635
10786,6362.786921634015
10787,6681.500769568348
10788,8060.370896515657
10789,4948.071096263346
10790,5123.3053332816835
10791,5767.783610532772
10792,6544.86735118784
10793,6600.960153886241
10794,3976.73250600439
10795,8024.407536012852
10796,6342.348636007464
10797,6409.312899694881
10798,5452.536861752511
10799,3932.1208668493214
10800,6083.779361488022
10801,4809.8891159477
10802,7292.9252153486905
10803,5722.058850904208
10804,5319.6884113261585
10805,7296.59907739673
10806,5206.093158735867
10807,5896.756575538697
10808,7485.008310607782
10809,4895.286524895885
10810,7256.16693120795
10811,8212.951309850685
10812,6460.547746135435
10813,4563.357331663338
10814,4942.305647869968
10815,3878.4460990375073
10816,3587.502703396017
10817,5393.082833544009
10818,6003.900503763985
10819,6699.440477592536
10820,4704.112474149059
10821,5735.890116610987
10822,5291.1938935954695
10823,9475.849570982344
10824,5621.026847230311
10825,5392.11294404534
10826,6144.394872224925
10827,6690.758254298106
10828,6244.824221757013
10829,6097.935861851958
10830,6547.246912726908
10831,8306.05111766466
10832,6513.628128605003
10833,6886.5836966073075
10834,6409.6269177363565
10835,5292.654795237266
10836,5450.261279125635
10837,7974.873304279711
10838,7163.948690354103
10839,5416.4102556933085
10840,12967.579003356866
10841,5262.588038380644
10842,5558.747793347025
10843,5034.1638665603305
10844,7581.14315394905
10845,7188.8301791037675
10846,6393.530096193687
10847,7185.973803400644
10848,6930.461093356737
10849,6166.603478426508
10850,6519.167939753437
10851,5070.728048120512
10852,4563.110345454247
10853,5657.534097032538
10854,4555.139028185549
10855,4094.2007777260037
10856,7790.687578092331
10857,17625.063202788962
10858,6128.221854715415
10859,4623.610277258406
10860,5295.249568397863
10861,4628.7582964186695
10862,6271.621324588075
10863,3069.1580432076844
10864,7214.500413744995
10865,6608.53483800558
10866,6246.675865164002
10867,8956.25497275221
10868,10131.590902550883
10869,6115.086871231581
10870,4695.122333005602
10871,5384.020536950005
10872,5594.989823883567
10873,6191.108422643042
10874,7709.302193576226
10875,4416.130878829068
10876,4889.734566368468
10877,5689.394816099712
10878,5728.514670072913
10879,5151.393935607772
10880,6190.102461142217
10881,5232.773993510199
10882,7160.394957397838
10883,6169.625847906756
10884,5817.286870630361
10885,4772.062046551695
10886,4726.785084223272
10887,6289.123460505727
10888,4510.833038098543
10889,7014.330306923385
10890,5371.225579295231
10891,3979.17449296034
10892,6684.7223579142565
10893,5280.127671231575
10894,5376.385556279063
10895,5131.824646324042
10896,5772.2255323533545
10897,6786.8145563085845
10898,6210.133584045811
10899,6192.399648619933
10900,4901.17429812504
10901,4786.587262537312
10902,7356.17505337074
10903,6356.078635761877
10904,4989.5720010766845
10905,6085.042226281703
10906,9424.250963919112
10907,6943.755443491398
10908,5343.14380843368
10909,5532.377152221679
10910,6196.549373947802
10911,7001.117024327734
10912,6014.788930491663
10913,7662.066461036278
10914,5788.829055840017
10915,5876.5113426585895
10916,4495.141261010806
10917,3381.987743000884
10918,5360.422161585539
10919,16369.610937834053
10920,3534.0097874874327
10921,4732.208887950085
10922,7197.483968092319
10923,7064.83653247135
10924,5977.009130457588
10925,6925.773462771354
10926,4942.182630608539
10927,6246.984313320147
10928,5069.330014101056
10929,6023.956086318613
10930,4686.707227083914
10931,5458.616636403269
10932,6060.905801422689
10933,4729.840656882376
10934,7179.293102098878
10935,6710.485251515449
10936,4691.623361338143
10937,6297.122753564634
10938,6035.799947527692
10939,3641.0382839614904
10940,6879.6242743203675
10941,5631.360979260441
10942,5419.712448466539
10943,7979.341202760112
10944,6744.148729535657
10945,6560.822678038914
10946,5269.937960661872
10947,4655.984043710224
10948,5385.667930105261
10949,3676.2617160991717
10950,6398.161566191514
10951,4121.5078099906195
10952,6065.8147351781845
10953,4909.473430448339
10954,6742.2824601697175
10955,4810.685206974759
10956,5907.89001167973
10957,5623.181855634053
10958,6887.009022988009
10959,5168.65620434343
10960,6886.627096037962
10961,5823.085784957178
10962,5689.944841265676
10963,6583.102681273328
10964,7293.419009984132
10965,5669.59599250231
10966,6584.523455347159
10967,6467.552895583299
10968,5280.404904269191
10969,8277.709649657741
10970,6328.855343758552
10971,7056.681487691822
10972,7802.755054215663
10973,8120.826816377278
10974,4064.4525513123463
10975,7336.730000778609
10976,6995.3570492341705
10977,7207.774951679277
10978,6258.965165127911
10979,7008.274100380927
10980,6949.972021388629
10981,4622.886393195023
10982,5330.467330073675
10983,4741.52195420603
10984,6162.8508124559485
10985,6227.3967906944135
10986,4984.46234612511
10987,5204.684230433787
10988,6691.310139108821
10989,5862.159706237209
10990,6764.260524922773
10991,6075.16335522934
10992,6888.555207354509
10993,4871.995836831466
10994,5481.2496457072375
10995,6005.008646252305
10996,4809.884433537746
10997,5848.578433601787
10998,6752.9100192111955
10999,5719.298098558067
11000,5692.453501742289
11001,3617.86273536119
11002,6489.783674901057
11003,5996.0844403004085
11004,7639.581728250875
11005,5717.248194520332
11006,3215.445496118389
11007,5548.869241002335
11008,7552.579311785554
11009,4761.559725895309
11010,6817.868238729169
11011,6634.026716266545
11012,6349.02379777029
11013,5449.520423958866
11014,3296.6613041957157
11015,5606.9570711335755
11016,6613.255970958933
11017,5928.8192043275185
11018,6734.82941428073
11019,7135.900364023439
11020,5244.3208759230365
11021,6637.863647329897
11022,3978.0320387974
11023,2701.266722232941
11024,6287.115426357242
11025,9391.749044646882
11026,6047.003948515645
11027,5446.989075127345
11028,4015.6704474474927
11029,5284.991359031132
11030,8293.256843099762
11031,5024.718868282412
11032,6600.004314482788
11033,4410.217896036668
11034,4345.171693569633
11035,4838.619644078237
11036,5227.563281105291
11037,4803.608741048364
11038,4461.786925367899
11039,6357.610158163881
11040,3974.5774609653135
11041,7071.749654193452
11042,5421.71490611151
11043,6027.580336702891
11044,5377.089220118348
11045,6733.57587738716
11046,5581.500183321485
11047,4680.662533953198
11048,6772.590875673538
11049,5803.08315444344
11050,6869.005547063592
11051,2925.123398059935
11052,8438.636306534061
11053,6167.2965099255625
11054,5521.362924143694
11055,6829.126855384178
11056,8745.33584785352
11057,6751.401697380424
11058,6279.247580181382
11059,5620.369547464561
11060,7635.3425333730875
11061,10549.618339173054
11062,4588.325353347718
11063,5693.93098814149
11064,6071.7122152959
11065,7284.638373434724
11066,6169.377750953448
11067,8097.272996116906
11068,6927.343110073209
11069,6188.924052484336
11070,4237.533023575688
11071,6415.212142238109
11072,6289.455992338628
11073,4602.3816555112435
11074,6588.837032437043
11075,4141.665683992519
11076,6630.634762958019
11077,5876.468026706708
11078,5729.391720602903
11079,7201.315546109505
11080,5361.119461164802
11081,6053.492117137975
11082,6817.959656301332
11083,6470.302653009347
11084,7343.687370361585
11085,5715.8989373766035
11086,6941.013567992237
11087,5749.566418026631
11088,6267.457127733221
11089,7356.829568922572
11090,4087.7127445469655
11091,7048.570448792637
11092,6508.322820239221
11093,5485.495483388509
11094,6876.60379036193
11095,4680.817889544533
11096,5700.094033483619
11097,6045.550052811103
11098,3767.7972735536605
11099,3432.228496963696
11100,6233.013577956077
11101,6620.763240134403
11102,8645.625967878059
11103,5529.950422375079
11104,5462.231446763842
11105,5125.206774943611
11106,6442.361561211942
11107,4538.826395010992
11108,8991.488793646447
11109,6921.582103105951
11110,12300.403332946138
11111,5983.349118263822
11112,5033.478578763656
11113,9007.983738785339
11114,7343.663676359246
11115,4311.676951204523
11116,8162.969885828849
11117,6530.827679015188
11118,5427.641503919618
11119,5218.457012534655
11120,4743.392721276634
11121,4469.12072238291
11122,4689.258910470779
11123,4987.79683469549
11124,3803.5576489115974
11125,8461.421163719175
11126,6164.393353229407
11127,25303.905374522445
11128,7536.868392275316
11129,5609.4046726358465
11130,7134.741334900784
11131,9407.032492893317
11132,6445.143750730087
11133,7417.432543011081
11134,6216.75144898713
11135,8146.553502549608
11136,8026.673505664439
11137,5906.363496763885
11138,5975.079635950808
11139,7532.938103554548
11140,8154.6383233987135
11141,7284.372403567772
11142,7495.630147707325
11143,7411.502907757985
11144,5748.1256990856455
11145,6942.61665017515
11146,9653.81346132704
11147,9584.732063397347
11148,9995.605301362355
11149,8609.831985599387
11150,5650.4056440639815
11151,7755.108895326253
11152,5500.083963674806
11153,9074.07722801383
11154,9012.595533149106
11155,8708.83750958238
11156,7066.17939093071
11157,5793.815018818718
11158,5881.53805997326
11159,6844.080833604666
11160,11581.35668337942
11161,7213.388533206205
11162,6114.307535784873
11163,5913.612113584133
11164,7931.695468361019
11165,6014.956724940876
11166,7775.944792805125
11167,6283.912443470111
11168,7467.596751392691
11169,7589.291584163482
11170,6287.8331431015895
11171,8353.48909897249
11172,7011.435804880592
11173,6294.732571536953
11174,6801.0095596217825
11175,7580.345335141608
11176,11426.497521971207
11177,7292.774056299971
11178,9158.790530224174
11179,7883.289565048234
11180,8585.061550853852
11181,8376.513494685516
11182,9361.27885263814
11183,5631.7507355090265
11184,7193.330180555186
11185,8284.511064179653
11186,6757.512061781953
11187,9125.492934040343
11188,7974.538310050984
11189,6520.882764396925
11190,7657.335799189267
11191,7033.731046273873
11192,10112.609132293912
11193,6456.294020285351
11194,10677.663860392795
11195,5319.479900887866
11196,6805.108937402543
11197,8199.033257232919
11198,6600.956175558065
11199,6870.795127556789
11200,7706.054558959816
11201,8228.810232547708
11202,6029.386429833803
11203,6444.327712515756
11204,8324.781463926987
11205,7677.976556559742
11206,7299.860764003223
11207,5938.201610658375
11208,6742.859824721416
11209,8230.88896087127
11210,7435.70171846356
11211,6087.420612504359
11212,8648.778858957552
11213,6662.874363579432
11214,7781.616916615925
11215,7829.881496381049
11216,6587.805547558379
11217,7922.100325698948
11218,7583.668120343103
11219,6876.752366291757
11220,7282.873767192172
11221,6891.7615198921285
11222,6526.205341610844
11223,6113.581431358046
11224,7191.014790208827
11225,7078.96507663181
11226,5991.228992525438
11227,5570.494529779509
11228,6720.343703537488
11229,6588.511214571997
11230,6673.065671527113
11231,8031.961986753599
11232,6689.81127999077
11233,7054.574150704179
11234,6564.803533237378
11235,6217.1927797598955
11236,6705.1662493336125
11237,8646.530154233593
11238,8310.753200412793
11239,8478.565626011019
11240,8572.180756213038
11241,6526.009397471582
11242,8824.033546137634
11243,7570.1868492378
11244,7548.990371215865
11245,9017.054525659672
11246,7113.400032594793
11247,8374.832972871516
11248,8674.877227957031
11249,7655.91430153396
11250,7099.747294739759
11251,7703.2896258902765
11252,7755.23192265106
11253,6316.080084130801
11254,5962.139942653028
11255,6736.781639245611
11256,7503.83379817332
11257,7160.152573340977
11258,5559.74067140584
11259,7791.49964776011
11260,7485.622409330474
11261,6478.146681305184
11262,7732.030824352994
11263,6879.427492165684
11264,8652.683737508261
11265,7314.539600510041
11266,6612.087552022404
11267,6677.67912093394
11268,7319.805307108739
11269,8617.64098882216
11270,5189.462647310252
11271,7478.726022461435
11272,6228.982763295104
11273,8433.623260277676
11274,6952.211731039613
11275,6863.012246345423
11276,9091.313183283452
11277,6993.125951912543
11278,6729.28710081725
11279,12144.122380434226
11280,7739.039574122707
11281,7277.25192796226
11282,7184.659144268807
11283,6570.356288970509
11284,7938.205106675808
11285,5850.185464521761
11286,7203.34315468395
11287,8054.539486512111
11288,6297.27117985512
11289,5471.058892113188
11290,7009.215516448523
11291,8349.588638533429
11292,8698.770453080611
11293,6847.490819436492
11294,7277.776253735908
11295,7230.1529947083545
11296,6533.2184901542905
11297,5036.73982802665
11298,6390.677375836217
11299,7112.873122758007
11300,6728.215588966794
11301,7491.831215119476
11302,7239.927376021441
11303,8406.038359645247
11304,9133.651825048359
11305,8100.0786982051795
11306,7158.499916172661
11307,8243.981915090984
11308,9062.04217245556
11309,6924.763416467831
11310,8383.282426638165
11311,7955.165261982902
11312,8330.254874698303
11313,6005.660067046449
11314,6960.3798613378085
11315,6174.394738679212
11316,8998.198346234063
11317,7557.333592680632
11318,9601.359859286516
11319,8157.895735943229
11320,6635.02001493347
11321,7499.684676411344
11322,15937.000117855396
11323,11881.772362209107
11324,7866.988252480429
11325,4811.707449995231
11326,7586.720716098792
11327,9918.040177398683
11328,6202.291413069702
11329,12429.133297369213
11330,14625.252235666789
11331,5815.413631576336
11332,6429.463864111681
11333,7603.704852705343
11334,6468.245991386025
11335,10332.714821610829
11336,7052.773934495437
11337,8247.051096560803
11338,5230.046494885464
11339,7365.250911337622
11340,8673.463524940447
11341,7773.823779836089
11342,8589.37945314859
11343,6778.440475893703
11344,7801.412485550099
11345,7766.192606753382
11346,6832.119419304382
11347,7110.420042490008
11348,7828.813213301577
11349,6769.616879662032
11350,6514.1405168974115
11351,7676.764682547564
11352,6744.245859416456
11353,5948.87688240518
11354,7272.42602313327
11355,6702.128141724286
11356,7928.649303986005
11357,6762.564852301954
11358,7692.012234039008
11359,6415.241679063511
11360,5998.157761779977
11361,7175.191915134273
11362,7729.154099200404
11363,6370.229890723857
11364,6580.033551204289
11365,7405.472976283724
11366,7710.017900802349
11367,8207.15159695597
11368,7918.147261836961
11369,7645.161016836396
11370,5743.433980145992
11371,6111.407227413324
11372,8944.130095836796
11373,6415.680772095704
11374,7541.960502876584
11375,13806.083877142175
11376,7117.340101298392
11377,8392.777243111372
11378,5632.094390572266
11379,6341.088682974799
11380,6624.135376992927
11381,6223.008839766893
11382,6800.744605426258
11383,8377.267106771294
11384,6334.79765683344
11385,15283.081422545227
11386,11911.689152717505
11387,6499.691873784607
11388,8695.257670643585
11389,6012.245890899485
11390,8185.371763306467
11391,7797.35423225829
11392,11723.32614684953
11393,7918.22177927018
11394,9191.27068413239
11395,6583.212484206159
11396,8185.371763306467
11397,5934.617868827261
11398,8619.416255329816
11399,7097.751519405702
11400,6441.398398343604
11401,7251.835156114806
11402,6729.843420222827
11403,8510.247773540688
11404,8914.974039239112
11405,6435.669699260987
11406,8478.655240175714
11407,8365.422232152941
11408,9917.510294754245
11409,5994.463717411096
11410,6611.252883609925
11411,8012.431902886524
11412,9075.389752219413
11413,7788.50258774094
11414,7687.773033551531
11415,7981.564922862281
11416,8604.978636640466
11417,6294.253311729629
11418,8760.201001275746
11419,7867.833491046278
11420,6584.7880094585735
11421,12763.38994171679
11422,14975.013694248993
11423,7604.987951753339
11424,7147.511950732658
11425,9174.16302260629
11426,8978.513165114127
11427,9475.508708261528
11428,6134.697757795764
11429,7445.409318964387
11430,8045.064974053243
11431,8457.924445796025
11432,5513.365701111866
11433,6749.254384179343
11434,6239.599861830043
11435,6370.44996537226
11436,7797.61901210341
11437,5667.178677145271
11438,5977.033690953244
11439,6710.968633415449
11440,5871.770513822203
11441,6202.84576343079
11442,6118.0378476895385
11443,7360.175764926311
11444,8999.678452595255
11445,8893.533221252428
11446,8928.28359496908
11447,6724.292873939277
11448,7703.770324192726
11449,9881.088889327919
11450,7884.567837358057
11451,6025.332314681327
11452,7002.824831400939
11453,8440.633533231387
11454,7307.256319402232
11455,8113.966753613681
11456,6973.403663525214
11457,6916.460664395443
11458,9092.550247787112
11459,6628.98313427366
11460,6533.383069986168
11461,8276.906859933819
11462,9281.742854194748
11463,9867.626567209069
11464,6237.703049576973
11465,8756.809957332503
11466,6173.461933557876
11467,6552.39183104061
11468,7187.296599144617
11469,6068.536717114211
11470,8076.291292201377
11471,6104.20453333706
11472,7335.883690083185
11473,7947.289690503159
11474,12471.297905003226
11475,8385.242876546665
11476,6542.372019466006
11477,7148.1514726968135
11478,8097.697288673759
11479,8033.818300586636
11480,9477.143107624073
11481,6525.580107034098
11482,7365.679885342699
11483,7801.87573559037
11484,6386.736882707275
11485,7458.343592759653
11486,8124.910745439198
11487,7777.0495849761555
11488,12244.100728525102
11489,7991.39541506016
11490,12948.893162850081
11491,7374.135162115446
11492,8317.019315031828
11493,5706.291200595306
11494,8046.918711045008
11495,6998.1626591405975
11496,6847.494417289269
11497,7879.423564148644
11498,6957.51334943095
11499,5946.717740355397
11500,7161.287563733641
11501,7693.5631926832775
11502,7512.395861465386
11503,6976.319135485229
11504,6850.868723910749
11505,7601.856183897263
11506,7352.999351703866
11507,8807.841458355328
11508,7287.657918741894
11509,6284.372473716833
11510,6158.653971566215
11511,7414.414331901057
11512,10306.143321382693
11513,8306.409310099174
11514,6502.027162814395
11515,7039.948493689359
11516,8450.153316849082
11517,8188.403452813286
11518,6880.595391326787
11519,8155.344060746788
11520,6803.067446193151
11521,6303.561395454773
11522,7086.893509779616
11523,7942.069911374633
11524,7534.205662591477
11525,7575.799815515868
11526,7191.879436066033
11527,7039.4516683286465
11528,6120.5829319973045
11529,5751.592290388462
11530,7693.837549808558
11531,8176.123281313767
11532,8413.745254510082
11533,12031.96343420492
11534,8079.312554919686
11535,7108.770924484004
11536,7938.249646126126
11537,9860.311977371954
11538,8405.373911791301
11539,7260.438114246841
11540,7649.8055983360555
11541,7224.22950775056
11542,6281.511061188019
11543,6616.032191293667
11544,9416.26085542947
11545,7382.810693274532
11546,8447.0714590748
11547,6414.243527936364
11548,4857.2878064729475
11549,11647.346389240822
11550,7062.943687541452
11551,6898.059007372005
11552,6807.407177022386
11553,6883.419034305601
11554,7627.359121484183
11555,7138.331560753649
11556,6616.790796990043
11557,7530.598830775877
11558,5639.4838121127705
11559,5845.859509546388
11560,5962.022196184997
11561,8648.664244268106
11562,14105.43881476735
11563,5885.588337256916
11564,6494.377216232918
11565,8541.83537649556
11566,6339.824900291922
11567,6346.683893362495
11568,6458.69917500303
11569,6282.821925603195
11570,7974.413321688618
11571,8443.403104988156
11572,5209.387069882768
11573,7799.025575547889
11574,5923.501438892026
11575,6376.307810902863
11576,7773.475278132573
11577,8402.843994484077
11578,10320.337443039936
11579,6913.004647834814
11580,7342.717384039693
11581,6123.530501050475
11582,7786.373185133482
11583,12312.652514543704
11584,9048.447058408101
11585,7900.763057600107
11586,6489.719855781449
11587,6778.082851734834
11588,6273.549514097046
11589,6507.949715253492
11590,9379.637211147785
11591,6675.3708153439065
11592,7073.290374949431
11593,8161.04346990793
11594,6246.958710495756
11595,6179.855146270128
11596,6568.124639058544
11597,7946.471828371149
11598,7237.826717299609
11599,6282.967101560723
11600,6359.9247578441655
11601,8004.642335231716
11602,8249.314426236111
11603,8215.851677862987
11604,8287.31155935769
11605,6226.098670205083
11606,8373.713701301267
11607,6488.669891009178
11608,5541.198305468126
11609,6986.226407534343
11610,8124.899355427536
11611,6808.052242330976
11612,8283.075876801102
11613,7713.351661356451
11614,7309.93061230785
11615,6656.864283589846
11616,6751.5525693062145
11617,6770.40142860535
11618,6650.024175589873
11619,8508.968505417197
11620,7092.10821520604
11621,6263.1020391733555
11622,9648.374442384691
11623,6627.774717518261
11624,5731.800710435995
11625,7890.35094860574
11626,7994.966662818513
11627,12106.991753888236
11628,6305.62209889201
11629,7326.980372259586
11630,6211.0279636689565
11631,8126.260151408392
11632,7047.442790658347
11633,8077.286672324535
11634,4886.025761851672
11635,7379.252052433674
11636,7758.127259515459
11637,6630.58594173771
11638,5629.600475845226
11639,7966.630029609177
11640,8116.134021681482
11641,6778.101654927144
11642,8522.913420445226
11643,7402.875806793649
11644,8769.31987337257
11645,5867.590812703084
11646,7148.623348265678
11647,6989.497367163363
11648,7772.704210249766
11649,8124.683157548133
11650,5264.75579679921
11651,8244.396569892815
11652,7437.975653251565
11653,7796.860549808063
11654,6121.247952686841
11655,5315.240627912167
11656,7035.935797433134
11657,7007.429929772807
11658,8752.78177356719
11659,7389.3233458355435
11660,7215.593381009714
11661,8885.96124555847
11662,7674.72130434155
11663,7371.362220087568
11664,8179.983092627009
11665,6148.836169731534
11666,9021.670737297261
11667,10199.021639429104
11668,7806.573374866991
11669,5895.599093232255
11670,6306.776028449466
11671,5670.43756868756
11672,5042.927773276801
11673,7828.502920899932
11674,6972.022782239752
11675,8404.878069779676
11676,6113.680455109603
11677,7558.583468838421
11678,7145.425241470705
11679,10244.47101021522
11680,5648.093493621465
11681,6340.106376775883
11682,7961.917564253097
11683,8293.645617030357
11684,7827.225697759206
11685,7710.9602607667
11686,7691.640372563023
11687,10011.614142377175
11688,7036.343242860777
11689,8210.79738372957
11690,7514.08135450148
11691,7068.153138269257
11692,6463.04841581598
11693,9066.106222775088
11694,9452.665331757431
11695,6896.686770792905
11696,12769.286352078767
11697,7377.607076827758
11698,6714.322076111666
11699,6747.203623129438
11700,8626.33522976718
11701,8018.5773378131835
11702,7732.103970187574
11703,8215.513912549191
11704,8338.857756532228
11705,6661.1230808494165
11706,7055.709254783832
11707,6197.729549833648
11708,6352.78234870575
11709,6634.966008962904
11710,6698.591553553131
11711,5580.328747880378
11712,9013.917085732786
11713,17640.881311441994
11714,7735.018240066835
11715,6678.551981943701
11716,7561.526181362
11717,5201.172689304738
11718,7151.755525277197
11719,4439.570801490107
11720,9566.890332950274
11721,7897.209737933537
11722,7815.928844432011
11723,11157.320416735902
11724,10903.205350623068
11725,8261.50348025002
11726,7445.563453552899
11727,5973.725995320143
11728,7645.466240725171
11729,7440.545044577609
11730,8538.272444795066
11731,5793.397077291617
11732,4958.639968460399
11733,6413.298243328237
11734,6280.193361725922
11735,6650.582454085919
11736,6566.354998662909
11737,6466.338491999254
11738,7732.866854606545
11739,8131.380642386269
11740,7735.484023078461
11741,6293.043154993422
11742,6236.631179807215
11743,7968.976638049268
11744,5208.624384580706
11745,8774.334216075396
11746,6326.913170185985
11747,5597.167652238987
11748,8352.345229278422
11749,6810.9198550363135
11750,5944.776531184222
11751,7141.108255776273
11752,7053.088287344548
11753,8804.714755962365
11754,8667.87283298971
11755,7189.959199934412
11756,6329.231675739479
11757,6492.875045102941
11758,7985.166296224566
11759,7568.685221872193
11760,6463.879309466319
11761,7577.035971234305
11762,10305.530609993162
11763,8405.590195725521
11764,7276.138560149996
11765,8257.015341927487
11766,6344.000101266703
11767,8296.364402490983
11768,7406.56682262978
11769,9694.5724716039
11770,7432.328310466804
11771,6486.759305784221
11772,5615.5765082112075
11773,4841.673630170493
11774,7607.189415520577
11775,17307.7260995078
11776,5340.132451341955
11777,5859.533728730121
11778,9122.615614624141
11779,8061.28087084994
11780,8158.518952711493
11781,8187.6732933887615
11782,6054.996043695175
11783,6980.277437997919
11784,6219.321527417934
11785,7816.589005889061
11786,6620.500597941509
11787,7025.254654657591
11788,7287.463582631512
11789,5275.718341513007
11790,7752.602601351477
11791,7629.468043036407
11792,5141.4545223125915
11793,7775.005872445601
11794,8355.295064973463
11795,5372.141444870388
11796,8226.856973032238
11797,6536.348617036198
11798,6079.6113638166225
11799,8377.22255746594
11800,7971.659664999996
11801,8042.370567702625
11802,6976.83606223339
11803,5761.017752288944
11804,7009.214013290914
11805,4787.54268505635
11806,7943.793987079314
11807,5924.888166644697
11808,6562.21896426651
11809,6681.90298526077
11810,7899.682947841013
11811,6392.907346485261
11812,7391.553102187362
11813,7731.497720325829
11814,7530.596580234012
11815,6715.365360123096
11816,8116.389191959308
11817,7086.173629866214
11818,8178.228383684751
11819,8189.899066624747
11820,9353.830704740078
11821,5853.770332077405
11822,7138.000255842659
11823,8026.60431486929
11824,4963.6266352716175
11825,9239.46936415753
11826,7101.391258189163
11827,8632.576817005844
11828,9740.637361595891
11829,10080.100308809582
11830,5810.899615252228
11831,9371.27169589041
11832,9118.333936604738
11833,8299.00787017465
11834,8223.755650793039
11835,7841.397250175148
11836,7424.131128096397
11837,6717.498465396321
11838,6974.587655376221
11839,6766.839969190025
11840,6708.220273622145
11841,7525.055179564521
11842,6208.667683499152
11843,6167.757482874534
11844,7704.099541648128
11845,7260.660585584283
11846,7842.360193087705
11847,7557.069356512483
11848,7714.540003160528
11849,6149.244750655152
11850,8231.386883529485
11851,7588.0536870662
11852,6680.172409239028
11853,6984.548637509473
11854,7440.360909722897
11855,6923.716605971778
11856,7166.381823837636
11857,5207.388370975414
11858,7482.259768153702
11859,7742.817561041619
11860,8502.111392450606
11861,7251.137165323192
11862,4982.655907593235
11863,6514.01922162023
11864,8382.643799133046
11865,6499.556495388206
11866,8128.837922721046
11867,7562.790403920062
11868,6939.395850461982
11869,6304.415399681846
11870,5066.080863325461
11871,7268.938080692249
11872,7978.316665683613
11873,7119.861417985232
11874,9002.620802022346
11875,9118.627001077259
11876,6874.261123085224
11877,7844.147018995605
11878,5270.076497913132
11879,4226.034577683168
11880,7312.742539233374
11881,11278.030870243387
11882,7630.04898932954
11883,7410.361733059172
11884,5617.454239575303
11885,7114.524730018396
11886,9310.182426297759
11887,6119.129201509904
11888,7665.730877516661
11889,5979.9035191710445
11890,4979.019490511575
11891,6185.690904528971
11892,7075.50885403265
11893,6867.108802864556
11894,5767.911004359083
11895,7494.05132950405
11896,5200.413918320077
11897,7955.305800628274
11898,7032.271605305715
11899,7052.115775883935
11900,7222.633593201707
11901,7787.79162271472
11902,7058.425740130949
11903,6753.668832232795
11904,7832.989703661519
11905,7308.53605166417
11906,7371.4169697320895
11907,4436.067500309222
11908,10911.657384678936
11909,6846.667317221763
11910,6907.82634549608
11911,7813.427239854583
11912,9187.315307456865
11913,8509.938557837751
11914,7510.0406480529655
11915,7130.972627796815
11916,9536.02690327596
11917,13114.044962687372
11918,6583.864199709083
11919,7367.717882908675
11920,6736.481065691459
11921,8944.480405841252
11922,7289.498687835751
11923,8810.638541213952
11924,8221.967444215135
11925,6406.554408822546
11926,5899.168465491738
11927,6920.297017632293
11928,8246.95335067936
11929,6597.857906043035
11930,6885.84252692454
11931,5936.6795254242315
11932,7213.942967391157
11933,7730.77888487053
11934,7293.27423558548
11935,9460.386057467489
11936,6887.944472404905
11937,6923.205308874617
11938,7741.2688277522475
11939,8452.947583090288
11940,8190.050260693498
11941,7279.781452359181
11942,8235.785888503806
11943,7418.191803941448
11944,8012.144261135495
11945,9848.321784187832
11946,6166.537352113084
11947,8647.472994670277
11948,7541.03394627336
11949,5814.616275598877
11950,8675.625301926118
11951,6831.142453368076
11952,7623.984680789268
11953,8189.347289670563
11954,5674.740665803174
11955,5314.530312093463
11956,7970.846166083104
11957,9486.64833411658
11958,9456.932690567452
11959,6104.875470814633
11960,7258.941827575932
11961,7262.055877988532
11962,7237.160556328932
11963,5839.2693519693585
11964,9496.735190415357
11965,8870.20119307557
11966,11030.112101932818
11967,5501.047982936944
11968,6871.859058161744
11969,9276.410422422186
11970,8579.998183252384
11971,6080.154013404563
11972,9987.88429521697
11973,6673.836670509109
11974,5825.670393872772
11975,6291.78869017207
11976,5864.1891879459245
11977,6127.331858006649
11978,6448.307864169568
11979,5811.434349393965
11980,5250.6636801165205
11981,10142.18140403726
11982,8065.862999522593
11983,23133.494456717148
11984,7092.9726326278205
11985,5801.870175286669
11986,7425.960186458658
11987,9715.207444111202
11988,6766.905206506752
11989,7658.401291570387
11990,6521.20550506817
11991,8402.18895260175
11992,8167.841184106947
11993,5952.492912081307
11994,6294.200393524683
11995,7508.955451154302
11996,8307.283392828274
11997,7410.873380517445
11998,7583.880674789816
11999,7526.275191957952
12000,5978.922777529776
12001,7089.086063931483
12002,9801.242815129572
12003,9885.680039436042
12004,10245.303047665453
12005,8514.893549446017
12006,5902.734669139351
12007,7676.511633545447
12008,5681.163061004726
12009,9031.72733745725
12010,9133.613854595755
12011,8734.198343463979
12012,7154.425386752422
12013,6039.801460654385
12014,5981.7167550453505
12015,6738.144284218442
12016,11466.105653171497
12017,7198.891504234581
12018,6140.223686347582
12019,6137.691214873343
12020,8015.464247680167
12021,6134.824496900812
12022,7813.760903011793
12023,6178.697367283215
12024,7423.489047299997
12025,7593.046591086595
12026,6298.022753710752
12027,8264.27381261742
12028,7162.072410999252
12029,6240.443737343425
12030,6791.742858479251
12031,7567.4960121226695
12032,11316.225254825971
12033,7247.734423109557
12034,9104.501696030648
12035,7768.038534840312
12036,8544.35763542245
12037,8281.575058532146
12038,9585.293954245606
12039,5847.6765650444
12040,7136.31358850577
12041,8251.82802841312
12042,6690.592744082203
12043,9061.317846254073
12044,7962.944958150697
12045,6537.760155734281
12046,7612.296165998853
12047,7264.0452812586045
12048,10368.776704230413
12049,6239.10682196609
12050,11947.711788353277
12051,5607.731618060441
12052,7017.341848401722
12053,8426.93837508304
12054,6586.459146586441
12055,6853.220587825337
12056,7564.844152499804
12057,8183.770599357297
12058,5962.467112134053
12059,6263.136722109193
12060,8166.757646525737
12061,7583.038120406373
12062,7560.932236096904
12063,5925.1083300145265
12064,6994.181277195529
12065,8382.449886536711
12066,7585.152107743617
12067,6463.599225390246
12068,8523.297818585392
12069,6914.195816053545
12070,7759.941900346843
12071,7751.799539407288
12072,6839.127000032492
12073,7959.578587227783
12074,7733.118509623161
12075,6916.70407143258
12076,7536.881567243947
12077,7157.749673859077
12078,6672.634939986824
12079,6183.364150455716
12080,7030.843720100636
12081,7241.962849976178
12082,6030.966484275782
12083,5704.575219015789
12084,6679.6397881060875
12085,6508.78155164555
12086,6913.166482684568
12087,8244.194897752779
12088,6967.276824944772
12089,7179.602700002137
12090,6524.099617805978
12091,6483.180933726844
12092,6782.872199989258
12093,8774.863067042488
12094,8450.334639133165
12095,8461.10136637564
12096,8446.699715840878
12097,6586.906076756711
12098,8849.949696700343
12099,7707.04053010228
12100,7787.076619166813
12101,8972.014892469258
12102,7098.903003623169
12103,8524.283362151577
12104,8629.837594766619
12105,7681.830452096668
12106,7078.072278470678
12107,7852.740015170334
12108,7731.249270250813
12109,6608.212330577638
12110,6239.605487607029
12111,6714.364169448036
12112,7653.596366994523
12113,7257.510558287835
12114,5825.728825372788
12115,7928.35332862459
12116,7593.8638728969
12117,6627.909250126387
12118,7717.5337953813705
12119,7016.2811730301655
12120,8729.48265450951
12121,7467.51081988141
12122,6876.31789245324
12123,6546.826311707927
12124,7469.567875929942
12125,8520.857094345029
12126,5443.511857640253
12127,7580.914842790438
12128,6195.403439956067
12129,8436.834068420278
12130,7243.6176729291365
12131,7089.911858837437
12132,8969.800650576071
12133,7197.940024587734
12134,6617.169375348252
12135,12155.688663480652
12136,7766.3223874270725
12137,7215.158076778808
12138,7366.240888161472
12139,6353.332698128267
12140,7854.296730704632
12141,6117.93734807911
12142,7214.9094377303745
12143,8208.700567072216
12144,6283.701692739753
12145,5349.317681188867
12146,7225.87210838716
12147,8181.805820613739
12148,8589.259891914166
12149,6823.185412888969
12150,7253.470847188385
12151,7151.073451478359
12152,6548.8369091960485
12153,5288.061280500762
12154,6656.665529803166
12155,7072.168144872109
12156,6535.656456316052
12157,7696.645287794667
12158,7376.781056885921
12159,8278.711860949325
12160,9128.15218170554
12161,8009.474917356327
12162,7067.540655081711
12163,8406.979688435353
12164,9071.266064696418
12165,7193.241604582494
12166,8496.719772878647
12167,7824.312452756886
12168,8199.40206547229
12169,6066.233230840736
12170,7099.961300058177
12171,6194.825067957866
12172,9073.991757877211
12173,7550.293674565473
12174,9504.660345219845
12175,8199.37775268185
12176,6594.315037047571
12177,7508.9085686522
12178,15948.566400901822
12179,11834.887270694931
12180,7878.554535526853
12181,4864.210134807403
12182,7464.685787967952
12183,10012.734256900801
12184,6466.521753500538
12185,12329.545765299
12186,14796.577712537537
12187,5855.890142956859
12188,6518.241646661888
12189,7569.900661262029
12190,6710.5800870208
12191,10414.969199201587
12192,7317.004274926273
12193,8268.798509708062
12194,4809.148262968521
12195,7250.699625347607
12196,8546.137026244527
12197,7910.038964592982
12198,8462.143770642908
12199,6672.502864052982
12200,7710.808704701246
12201,7863.957746142928
12202,6799.893410283833
12203,7273.417815834377
12204,7910.332873567998
12205,6744.7718571540045
12206,6526.085625871016
12207,7917.791942840003
12208,7021.711404370458
12209,6202.9260927351825
12210,7471.423729609283
12211,6979.593686678288
12212,7910.05180874082
12213,6721.859874416055
12214,7812.850406021012
12215,6477.1547581777795
12216,5863.4131073188755
12217,7413.2781630852205
12218,7980.475551674517
12219,6196.673102468247
12220,6783.2791053641295
12221,7735.967459648182
12222,7688.699188824416
12223,8176.90158067157
12224,8108.408445089742
12225,7624.95509478654
12226,5929.5227986652835
12227,6328.063819351961
12228,9083.777826586822
12229,6386.3145051560205
12230,7733.227191487464
12231,13932.117931798235
12232,6937.656487153603
12233,8518.811297767432
12234,5557.789163948894
12235,6592.410135448911
12236,6890.123530959876
12237,6234.575122813318
12238,6811.3053831145835
12239,8526.717496051355
12240,6207.471171695166
12241,15263.93529765676
12242,12134.398387893569
12243,6219.044447464445
12244,8671.832342876463
12245,6008.139967094975
12246,8207.119176453727
12247,7993.919374954461
12248,11537.968046060902
12249,7889.715109768532
12250,9317.30473878845
12251,6691.453947772586
12252,8207.119176453727
12253,5841.981413425019
12254,8695.93844883139
12255,7076.432807427769
12256,6618.499860023557
12257,7155.051261637676
12258,6479.663451689021
12259,8628.945166123985
12260,9051.189223996005
12261,6343.033243858745
12262,8729.976692649832
12263,8268.638337675811
12264,9741.00515354708
12265,6057.563996265165
12266,6590.024987822231
12267,7877.687248425423
12268,9234.90810282267
12269,7672.034700387509
12270,7688.9381832195295
12271,7769.215311294283
12272,8477.652151502192
12273,6166.92681303371
12274,8854.895080777864
12275,8017.283880326337
12276,6594.01190169943
12277,12949.478760236085
12278,15012.724069775308
12279,7616.933060726944
12280,7233.282592702161
12281,9149.857616058769
12282,9115.36684597861
12283,9642.266497237213
12284,6362.602875645876
12285,7582.262999828868
12286,7975.074301470631
12287,8436.605733818093
12288,5764.687153585977
12289,6729.480692071826
12290,6056.7027970558
12291,6638.928153486922
12292,8039.953107738184
12293,5677.739454833596
12294,6243.021844920193
12295,6589.36528451783
12296,6140.2487019368655
12297,6235.852388365063
12298,5921.952404508702
12299,7414.7212744985545
12300,8872.351953899335
12301,8796.749326775296
12302,9085.985266839609
12303,6562.2763455073255
12304,7733.944612358155
12305,9988.992410386385
12306,7868.984522566494
12307,6291.320468648276
12308,6872.51163813543
12309,8385.23508692561
12310,7342.238937072658
12311,8040.965591829969
12312,6842.550854299201
12313,7029.898010635923
12314,9213.388419769119
12315,6592.235880821455
12316,6333.177050847749
12317,8236.201882047922
12318,9184.958959717618
12319,10133.61472117602
12320,6454.35964151561
12321,8955.807663808522
12322,6324.982315915192
12323,6575.49783785397
12324,7108.217055914622
12325,6101.543342048484
12326,8069.7689875555825
12327,6332.109651187174
12328,7634.04976636472
12329,8213.303609447057
12330,12539.53085708305
12331,8523.556190541576
12332,6819.837564420008
12333,7297.601861976871
12334,8237.237317115902
12335,7933.411875066015
12336,9457.369415516558
12337,6390.039779253519
12338,7351.481175271974
12339,8029.780853440482
12340,6067.089139014658
12341,7584.903081442459
12342,8145.282388932859
12343,7926.499974256213
12344,12460.757320463743
12345,7921.53159375833
12346,12929.119470742566
12347,7336.633453015944
12348,8247.155493729999
12349,5788.388571681844
12350,8243.483853741187
12351,7039.014697654624
12352,6651.940665923552
12353,8096.080156087281
12354,6837.306852642239
12355,6018.338787265055
12356,7067.765263160935
12357,7810.45407058108
12358,7679.12048135601
12359,6856.112638696518
12360,7128.334268864751
12361,7535.88420783052
12362,7262.480719350763
12363,8868.968168505642
12364,7400.089759624275
12365,6048.106684893439
12366,5993.014912090771
12367,7590.008813661002
12368,10560.192531712699
12369,8135.3761552306
12370,6641.608601534763
12371,7355.77627556098
12372,8501.816463688538
12373,8153.500734059109
12374,7149.0735794414495
12375,8177.091473894047
12376,7054.388898667265
12377,6053.381426920967
12378,7184.899001050981
12379,7738.303887113532
12380,7558.64695664152
12381,7704.132728324761
12382,6872.206218759523
12383,6969.587847026816
12384,6088.320911445918
12385,5706.031838716101
12386,7940.52374602184
12387,8392.779873252408
12388,8667.126855601044
12389,12049.600216616489
12390,8102.837188262282
12391,7210.959744813008
12392,7962.938071614876
12393,10024.429068144847
12394,8457.513265102276
12395,7344.999491097563
12396,7901.127050810169
12397,7214.907868319021
12398,6513.468315033466
12399,6882.020345260615
12400,9643.160467921487
12401,7240.518794925411
12402,8551.013557246302
12403,6643.783838631167
12404,5009.476034325159
12405,11722.57678772672
12406,6912.719630734375
12407,6795.791371082815
12408,6842.389794692811
12409,6734.932349940352
12410,7776.80951076424
12411,7532.3606353714895
12412,6692.965517192143
12413,7359.5656759073045
12414,5606.545417342271
12415,5959.296855786868
12416,6213.343648659109
12417,8550.906006724994
12418,15688.368450622715
12419,6086.343857269042
12420,6255.921162235784
12421,8636.529455997677
12422,6411.44594720158
12423,6498.872121214706
12424,6220.243121005897
12425,6479.387068299367
12426,7797.399824286917
12427,8328.739862966248
12428,5436.286682374783
12429,7731.809942223565
12430,6215.633685338863
12431,6326.738390655852
12432,7800.122367027119
12433,8422.795678500946
12434,10415.031522542055
12435,7272.283921881949
12436,7450.958847606119
12437,6087.246389419341
12438,7820.964193624096
12439,12438.686569199765
12440,8962.536359000922
12441,7848.394224273872
12442,6527.4302313077615
12443,6616.471764220502
12444,6334.676224247359
12445,6759.271167727606
12446,9850.867720695433
12447,6898.080050519966
12448,7066.938685878889
12449,8191.263508128203
12450,6273.605799390302
12451,6457.320691224129
12452,6822.173849388545
12453,7893.988942614716
12454,7225.712365100165
12455,6488.7802629262815
12456,6623.428793717688
12457,7908.2638816722065
12458,8427.183086054763
12459,8280.750029225608
12460,8083.54553509659
12461,6503.564215159085
12462,8111.954648275361
12463,6629.30557100947
12464,5680.738333910269
12465,7354.111389672295
12466,8291.657144403216
12467,7074.040396297924
12468,8128.763984963685
12469,7748.334279026875
12470,7396.8862062052385
12471,6460.337864518758
12472,7002.874021780329
12473,6822.728949466336
12474,6827.892835408525
12475,8761.117291578108
12476,7137.7403311893495
12477,6501.188287124303
12478,9900.523228545604
12479,6646.438473215014
12480,5734.509357248433
12481,8118.256066455854
12482,8071.141383020613
12483,12215.233217454666
12484,6537.579352737457
12485,7493.738161235268
12486,6437.927576160971
12487,8208.357522494933
12488,6825.333336335527
12489,8125.039251657148
12490,5104.910341162405
12491,7362.136241915244
12492,7756.108953245151
12493,7249.350877979703
12494,5856.50008833724
12495,7940.255859988817
12496,8243.426501157941
12497,6940.460932163925
12498,8810.128985018797
12499,7270.422304387341
12500,8742.945703752212
12501,5682.437088473702
12502,7311.621121610046
12503,7080.539811005872
12504,8040.061769637603
12505,8375.278305464932
12506,5516.077249273323
12507,8124.311840108694
12508,7387.924788074922
12509,7799.156090639192
12510,6167.925401652726
12511,5265.626412999102
12512,7057.220490191607
12513,7213.243091138365
12514,8672.37252670911
12515,7434.955461818852
12516,7297.690752096252
12517,8782.248999671607
12518,7871.286447037722
12519,7475.351700535249
12520,8247.609201845518
12521,6441.97392153647
12522,9033.237020343688
12523,10564.417817498017
12524,7717.822955802471
12525,5906.15987092058
12526,6479.343859712606
12527,5934.667909118394
12528,5239.492915972973
12529,8196.387903037885
12530,6926.741832301798
12531,8554.328459059738
12532,6291.549114928254
12533,7987.695825470444
12534,7413.903429585368
12535,10256.037293261646
12536,5606.385493009238
12537,6279.085990730125
12538,7740.314749136782
12539,8605.897672948093
12540,7531.071605255142
12541,7862.384218750513
12542,7841.090761843081
12543,10093.711513463717
12544,6944.736439285597
12545,8020.533150021309
12546,7544.3013927217535
12547,7345.618683223259
12548,6348.2493646069115
12549,8833.053687635538
12550,9511.051174143926
12551,6998.875591121909
12552,13278.837930726271
12553,7491.044423068238
12554,6746.360781394216
12555,6943.768765825608
12556,8417.12989396875
12557,7901.958483766935
12558,7692.837107391056
12559,8074.862714210964
12560,8148.307755231045
12561,6952.52902273894
12562,6939.8398067817525
12563,6211.1708875783315
12564,6565.01525970493
12565,6603.964733926844
12566,6904.40471491869
12567,5781.084267892503
12568,9090.898321873425
12569,17536.555581417044
12570,7796.144950217147
12571,6921.352666362226
12572,7758.09132405817
12573,4988.5516215164325
12574,7004.092043004194
12575,4502.6710803441765
12576,9725.138979451365
12577,7689.244892426369
12578,7918.117664761015
12579,11306.77080601596
12580,10509.84454210958
12581,8231.419507627803
12582,7709.793793983734
12583,6143.208689974284
12584,7753.707704291597
12585,7544.4871427491125
12586,8484.733856864344
12587,6070.588430257402
12588,5001.018383049098
12589,6667.347453658238
12590,6479.96674585879
12591,6878.4875719360325
12592,6538.545866107823
12593,6628.697769236034
12594,7729.38108976292
12595,8373.714738021046
12596,7753.951720751409
12597,6687.239641751306
12598,6270.829503048095
12599,8135.734427024954
12600,5420.8572955798845
12601,8809.316833745821
12602,6695.429224977429
12603,5785.4566854343575
12604,8401.994548441682
12605,6863.331095084095
12606,5839.135728965789
12607,7266.812959602842
12608,7029.974579103632
12609,9198.743830580208
12610,8905.95908094066
12611,7245.788136511091
12612,6557.136793589592
12613,6770.340590056942
12614,8239.215506554568
12615,7548.9808260336085
12616,6498.077632707199
12617,7708.5935506249425
12618,10216.872648271217
12619,8447.072212464145
12620,7492.795152088633
12621,8380.633818268803
12622,6598.049311596704
12623,8432.579587247876
12624,7487.602437575615
12625,9960.560625570854
12626,7451.0983903105025
12627,6604.253295593746
12628,5866.171656128007
12629,5084.474314589018
12630,7873.177569487526
12631,14850.69526926875
12632,5591.453903816068
12633,5936.913640923467
12634,9174.278761463598
12635,7774.414075529144
12636,8310.69709984744
12637,8053.536202687637
12638,6169.837306298046
12639,6693.527524298521
12640,6378.5367251858615
12641,7966.351574710264
12642,6783.498371285877
12643,7276.576107131706
12644,7330.153465088825
12645,5552.457581909694
12646,7804.302081578381
12647,7489.863133743073
12648,4846.667124518769
12649,7924.456261725659
12650,8571.9516569121
12651,5664.273691317225
12652,8097.044415070746
12653,6464.488330427676
12654,6134.883793369256
12655,8375.732765817067
12656,7859.02422562831
12657,8210.592341309442
12658,7113.689743097871
12659,5803.707634746258
12660,7111.402833619919
12661,4705.816225116502
12662,7995.933340390288
12663,6121.453309340869
12664,6717.597635657634
12665,6933.224437734883
12666,7817.590112688117
12667,6750.551427687706
12668,7608.209694125999
12669,7701.567068643352
12670,7555.092196496954
12671,6869.375776628126
12672,8043.403437088296
12673,7194.41509343264
12674,8374.793526380921
12675,8240.731584593383
12676,9448.524784242196
12677,5601.213066020645
12678,7339.938974660163
12679,8143.495192767095
12680,5217.675845601619
12681,8882.55660389429
12682,7165.134100495111
12683,8829.14195970202
12684,9963.346596771957
12685,10091.666591856008
12686,6088.365160206229
12687,9347.846368123288
12688,9220.522756933746
12689,8311.076901642005
12690,8363.337089513409
12691,7939.357358517012
12692,7152.617168229815
12693,6914.063608092492
12694,7243.216507545958
12695,6929.837742534393
12696,6935.119886114159
12697,7604.697414435263
12698,6451.001779133927
12699,6327.662223668935
12700,7677.733989800885
12701,7439.330565779585
12702,7836.492331801508
12703,7697.532388953202
12704,7796.637374247066
12705,6447.410826936688
12706,8381.149452350688
12707,7614.048947897286
12708,6896.829001177664
12709,7277.68638931441
12710,7460.238329231028
12711,7175.038058445892
12712,7272.195649725616
12713,5498.794312864938
12714,7461.362034898669
12715,7771.818630749541
12716,8605.05724932133
12717,7467.793757261828
12718,5259.395147989922
12719,6833.301065905054
12720,8071.619632903819
12721,6763.786835819042
12722,8164.899696360894
12723,7535.604519127485
12724,7167.300968312095
12725,6139.749834712764
12726,5317.402315799574
12727,7323.505529936412
12728,7926.87632820979
12729,7227.921945890048
12730,9142.202240742716
12731,9124.997401449631
12732,7140.249277052172
12733,7843.812736403404
12734,5334.930054609701
12735,4582.673153527514
12736,7378.499235469078
12737,11500.74010541945
12738,7651.796402476799
12739,7536.921221741978
12740,5936.736083860127
12741,7356.858825653171
12742,9506.747568993935
12743,6219.269126941694
12744,7683.639026408042
12745,6120.484046581781
12746,5156.176326769333
12747,6463.156449482973
12748,7227.029236389965
12749,7118.43025533867
12750,6019.232456833196
12751,7336.249182773522
12752,5427.313530812092
12753,7981.115610515961
12754,7228.836748001887
12755,7040.772202334847
12756,7350.499917226849
12757,7793.1652493043985
12758,7093.272021766725
12759,7007.718042562795
12760,7845.058735128875
12761,7499.80274027505
12762,7395.467730484346
12763,4576.648027719959
12764,10838.671629807926
12765,6821.498339592652
12766,6821.135517369985
12767,7786.241355062006
12768,9306.612643417291
12769,8333.797319404624
12770,7360.922494439779
12771,7423.1048742436515
12772,9554.376625638128
12773,13150.331096751943
12774,6665.961570795621
12775,7526.933080676603
12776,6525.796749016321
12777,8924.706713733736
12778,7341.198168062657
12779,8905.33262071607
12780,8524.619792398269
12781,6281.091858418239
12782,5970.789512401396
12783,6900.562561390455
12784,8528.116272015506
12785,6734.711586907516
12786,6835.574313837532
12787,6190.728735754233
12788,7269.21539694379
12789,7858.983156355032
12790,7169.484824544307
12791,9711.707509941605
12792,6840.3486208616505
12793,6808.296230373091
12794,7677.155298812542
12795,8348.621853065337
12796,8278.98775001687
12797,7164.979398157347
12798,8113.63720481227
12799,7350.984758146247
12800,8038.139521966582
12801,9859.888067234258
12802,6344.201826950288
12803,8784.326675534761
12804,7526.819220296609
12805,5657.777562171307
12806,8639.89590536501
12807,7097.130607335024
12808,7731.888201847732
12809,8139.777869423553
12810,5654.9669736956575
12811,5565.8517645675765
12812,7936.199593505238
12813,9636.410902937787
12814,9554.697829957
12815,5917.494153168273
12816,7367.183291142359
12817,7484.765113164591
12818,7173.047027389227
12819,6016.37081364931
12820,9611.353111705173
12821,8891.948606222828
12822,11284.161312262824
12823,5395.765806639932
12824,6856.275743370181
12825,9484.356185742261
12826,8674.692262754503
12827,6258.823993599865
12828,9923.770766277265
12829,6900.736283001123
12830,5754.693446694515
12831,6278.459033084324
12832,5828.459791384818
12833,6118.010218575111
12834,6740.440110616405
12835,5926.052270683778
12836,5436.75249863581
12837,10288.095886981584
12838,8097.899343981069
12839,23008.500478779744
12840,7001.366553155073
12841,6905.006520195498
12842,8362.70854138694
12843,11348.503458575615
12844,8107.913585630404
12845,9374.080555391552
12846,7832.722237032691
12847,9677.911133810638
12848,9288.612453048461
12849,6858.92341889371
12850,7167.554992007284
12851,8707.705450733842
12852,10022.962656649439
12853,8704.900085987676
12854,8505.186925138383
12855,8711.873078017967
12856,7019.001703150417
12857,8360.783381298745
12858,11095.060901001629
12859,11688.520766836351
12860,11330.389666813291
12861,10221.397342596816
12862,6987.753550260134
12863,9238.347576491917
12864,6774.271121652572
12865,10502.898633775805
12866,10487.314766442654
12867,10173.320363690911
12868,8257.561731661246
12869,7134.419835326188
12870,6908.789077481902
12871,8013.86646542733
12872,12650.826353311128
12873,8167.171379131936
12874,7396.850247516679
12875,6989.582272634583
12876,9260.067773794643
12877,7151.71294699297
12878,9442.529937734647
12879,7435.323928452312
12880,8562.541807882373
12881,8907.160413920565
12882,8015.436616603344
12883,9680.9361873643
12884,8515.773322846155
12885,7325.166261557382
12886,8178.07451725547
12887,8794.122620215301
12888,12465.941117346027
12889,8216.014298006914
12890,10736.047456240512
12891,9155.96873583246
12892,9760.196990656488
12893,9952.540064488636
12894,10739.754972235878
12895,6790.472060007858
12896,8421.15708213508
12897,9502.129398635956
12898,8244.342906711878
12899,10958.43936015179
12900,9342.097130620046
12901,7924.0918145105015
12902,9034.19941437474
12903,8276.255968809392
12904,11283.673206000307
12905,7355.718651209698
12906,14462.339588384875
12907,6649.885020485622
12908,8029.552535952502
12909,9738.218988821376
12910,7438.350204347682
12911,7759.65109463774
12912,8433.673185736856
12913,9879.509072481556
12914,7256.470784983788
12915,7712.114339846793
12916,9557.28673787263
12917,9032.015738143971
12918,8805.91117455121
12919,7374.085947752124
12920,8392.359060910861
12921,10152.040822674724
12922,9354.743043881641
12923,8407.09733927235
12924,9844.483775336223
12925,8189.937642597577
12926,9447.594593154308
12927,9077.632213184328
12928,8330.956173734523
12929,9729.169523365801
12930,9502.709445761177
12931,7891.031086365116
12932,9480.379681126056
12933,8469.030287597416
12934,7552.402606261156
12935,7035.255208216957
12936,8384.54463194754
12937,8116.839023248396
12938,6825.856978548465
12939,6992.870717243146
12940,7955.361969314974
12941,7451.908900028792
12942,8294.744003044569
12943,9188.486263612333
12944,7842.1529982169895
12945,8455.324881211032
12946,7973.077235543576
12947,7794.461547465176
12948,8193.603655387918
12949,10470.601540166748
12950,9379.75026145654
12951,9875.56191379764
12952,10216.290651978887
12953,7438.797134517951
12954,10601.075368536916
12955,9018.321143840616
12956,8683.78226091695
12957,10667.753365593522
12958,7950.794061384409
12959,10293.87429828959
12960,9919.202921033373
12961,9086.514767460143
12962,8773.810751594949
12963,9622.330951308348
12964,8929.999269830352
12965,7483.088503849855
12966,7172.594263671634
12967,8121.4784390387385
12968,9067.110573852393
12969,8178.816808636401
12970,6700.604998645006
12971,9362.06989953422
12972,8390.429065389259
12973,7594.021714020607
12974,9052.318255735845
12975,8508.110346732188
12976,10489.926979926118
12977,8872.195135244892
12978,7745.146925690278
12979,7840.8530171781495
12980,8883.082082787812
12981,10290.448030483038
12982,6180.670141870533
12983,9343.586407691095
12984,7018.170542741841
12985,9841.518383783749
12986,8187.909038788675
12987,8034.20322469698
12988,10295.633324353108
12989,8509.220638326075
12990,7939.049656711077
12991,13441.683550824004
12992,9101.106847781542
12993,8664.135694516415
12994,8677.521501899815
12995,7430.801606108728
12996,9623.887666842644
12997,7056.181573903469
12998,8683.974172831717
12999,9636.36999794667
13000,7577.705365589488
13001,6326.36877812038
13002,8921.610581511432
13003,9739.572778893997
13004,9736.453286730753
13005,7659.353298123297
13006,8089.638732422717
13007,8561.80490687701
13008,7899.152397627616
13009,6599.341894239099
13010,7967.946143541503
13011,8767.906617996376
13012,7889.357368162954
13013,9007.925901533003
13014,8810.49762779555
13015,9445.641230044783
13016,10267.20494228791
13017,9779.065853494345
13018,8294.16726317434
13019,9718.260302173687
13020,10406.05052505089
13021,8184.506594990827
13022,9426.13539520202
13023,9584.75677817349
13024,9888.977728050775
13025,6912.0771485667965
13026,8264.501289276133
13027,7086.998992887731
13028,10721.14673684393
13029,8954.977989928948
13030,10836.513193107357
13031,9539.049365088847
13032,8356.986601948222
13033,8544.072268376107
13034,17459.96115359803
13035,12857.528829460713
13036,9095.946608925125
13037,5693.510107224304
13038,8691.312396060584
13039,11688.217673069412
13040,7705.546384666705
13041,13615.540652642354
13042,15877.595026001942
13043,7040.753035343034
13044,7393.494821733397
13045,8980.632116660681
13046,8102.710730700945
13047,12040.824726387042
13048,8185.833308163312
13049,10038.389445846075
13050,6162.849174815423
13051,8109.014824943322
13052,9895.199591508448
13053,9605.777437717248
13054,9910.912768782335
13055,7985.761038822624
13056,9480.399640839263
13057,8745.25806124962
13058,7658.208609879546
13059,8707.134386744005
13060,8768.648073163718
13061,7634.939057317383
13062,7930.769941234488
13063,9275.56151870546
13064,8455.427975280087
13065,7080.901200250343
13066,8346.676904680806
13067,8413.310257587924
13068,9367.513991864094
13069,8665.357988298158
13070,9197.742789467151
13071,8246.7456943158
13072,7157.439812789107
13073,8309.983804835352
13074,9378.653335389841
13075,7645.650720205845
13076,7658.532280435637
13077,8610.843632920405
13078,8684.855672234866
13079,9660.277570632945
13080,9797.984107668233
13081,9015.484186133424
13082,6987.671613900161
13083,8271.561933234067
13084,10488.462141950291
13085,7238.205562917261
13086,9238.493592186403
13087,15218.112819141586
13088,8319.2340075136
13089,9476.459518227115
13090,6528.793120845229
13091,8026.1267063585365
13092,7957.559840779972
13093,7663.623925638365
13094,8187.436352588663
13095,10296.308432189366
13096,7656.448789432764
13097,16010.281789259216
13098,13375.416380053832
13099,7422.188831491466
13100,9870.582342456002
13101,7457.117584832573
13102,9976.71011259174
13103,9234.937367114733
13104,12791.505621337288
13105,8859.309452354812
13106,10406.957352635556
13107,7668.063739648973
13108,9976.71011259174
13109,7231.261792165449
13110,9662.05091272561
13111,7922.27672515383
13112,7612.488932430867
13113,8529.743473692974
13114,7726.261677922441
13115,10276.100145090706
13116,10746.927697120263
13117,7724.610764218738
13118,10163.693263559462
13119,10038.229273813817
13120,11252.399906243292
13121,7351.538081262021
13122,7592.2286112678585
13123,9647.278184563434
13124,10551.282261832157
13125,9441.625636525521
13126,8657.21805811689
13127,9082.45012556784
13128,10023.998447887276
13129,7460.930485883444
13130,10176.632628544161
13131,9786.87481646435
13132,7963.157429868593
13133,14427.184144532903
13134,16524.11882247152
13135,9021.61737609042
13136,8586.98350454907
13137,10004.847608062952
13138,10549.08341688824
13139,11411.857433375222
13140,7454.461115809766
13141,9015.9795707385
13142,9744.665237608642
13143,9827.134825164976
13144,7256.516327287997
13145,8206.169152105485
13146,7410.403708902702
13147,7433.471781041663
13148,9467.622538612643
13149,7126.717072571194
13150,7117.898018192411
13151,8060.690355794683
13152,6876.149937799816
13153,7046.950577852989
13154,7140.674022229031
13155,8463.622656754667
13156,10641.942890037346
13157,9995.499326354831
13158,10775.560929418098
13159,7915.977257354228
13160,9503.535548496164
13161,11758.583346524396
13162,9418.257126394521
13163,7125.403773647179
13164,8165.165133236882
13165,9834.212704663207
13166,9111.829873210669
13167,9334.783677702026
13168,8489.70583326591
13169,8341.178624374259
13170,10465.551777092454
13171,7829.332459668755
13172,7627.180723697485
13173,9931.940355172184
13174,10954.549895855629
13175,11444.895334914356
13176,8397.857755397721
13177,10114.565512240923
13178,7636.262929653523
13179,7433.084989469011
13180,8518.948511313272
13181,6855.640968047853
13182,9381.049601293918
13183,7290.139227381331
13184,9281.204745331443
13185,9982.894545585074
13186,13791.694214406385
13187,9829.470099150823
13188,7694.713737692226
13189,8363.424064182325
13190,10156.99360950614
13191,9703.002811204029
13192,11083.224942702012
13193,7684.043452103252
13194,8762.212630670623
13195,9201.957053659728
13196,7515.858137154085
13197,8942.67265730791
13198,9841.020862057112
13199,9696.090910394225
13200,14365.687953914377
13201,9691.122529896345
13202,14554.97499792802
13203,8340.426147427685
13204,10016.74642986801
13205,7029.406563842108
13206,9484.501845901446
13207,7833.905191927307
13208,8110.14316418953
13209,9791.818629211546
13210,8191.007764489142
13211,6990.4983911944555
13212,8516.534261300363
13213,9580.045006719098
13214,8843.925469823602
13215,8305.09025643412
13216,8195.56195908668
13217,8656.655476772032
13218,8230.760594248122
13219,10516.12314747236
13220,8564.89474809186
13221,7621.673006413846
13222,7287.018584940506
13223,9237.16379262772
13224,11245.60750267998
13225,9789.41303061478
13226,7516.062863616103
13227,8520.858282048177
13228,9823.00242043937
13229,9447.318819931172
13230,8140.338569849789
13231,9946.68241003206
13232,8452.56668238259
13233,7558.647827619897
13234,8460.621182259869
13235,8981.858234114974
13236,8906.087019855555
13237,9255.583391119344
13238,8070.956218339061
13239,8323.288758873721
13240,7463.013123501222
13241,6774.845189684335
13242,9139.27374560138
13243,10336.277987134508
13244,10436.71779173905
13245,13166.801124040474
13246,9798.575661386543
13247,8973.631309713654
13248,9732.529007752883
13249,11593.60531647355
13250,10227.104201240285
13251,8291.958635151332
13252,9392.956224512185
13253,8673.110366585
13254,7428.627355474308
13255,8193.300958998945
13256,10807.965456389065
13257,8674.707913188044
13258,10311.457882662911
13259,7609.896302525388
13260,6297.771532552512
13261,13268.9230841118
13262,8206.74633620461
13263,8565.382307220825
13264,8611.980730830815
13265,8360.787877125811
13266,9546.400446902255
13267,8453.725770770829
13268,7544.856574953384
13269,8928.741924236003
13270,6650.996611651391
13271,7270.577469525201
13272,7647.060219568738
13273,9941.435098071885
13274,17222.005911757104
13275,7140.77794383779
13276,7609.622074082687
13277,10262.384983183132
13278,7536.786240215893
13279,7386.275998490327
13280,7573.944032852799
13281,7720.405060459624
13282,8747.943757263729
13283,9590.228580719911
13284,6408.446286304182
13285,9066.594402578032
13286,7090.509858611081
13287,7775.71600839345
13288,9190.651458374003
13289,9805.238989531039
13290,12040.88704972751
13291,8699.953352756398
13292,8691.976839766372
13293,7034.414153071277
13294,9581.4085190407
13295,13950.081321895977
13296,10052.188972848024
13297,9544.13269739813
13298,7965.7039146611905
13299,7970.172676067404
13300,7783.653841984957
13301,8192.987738637225
13302,11541.785434264753
13303,7728.152485856753
13304,8017.4826188557045
13305,9434.817855129646
13306,7119.449717116363
13307,7524.757001044225
13308,7723.712863198834
13309,9284.518033961594
13310,8193.992239997513
13311,7800.060876664609
13312,7590.9107021703
13313,9229.449838423032
13314,9715.478584282118
13315,9574.77673469584
13316,9779.28400822084
13317,7413.953207945683
13318,9467.025004680643
13319,7870.323563169731
13320,7600.494626300499
13321,8153.040567900336
13322,10061.248080541229
13323,8081.712819741705
13324,9898.354921101693
13325,9482.38642797057
13326,8442.70684507274
13327,7909.315482256357
13328,8436.590592689954
13329,7668.572867192397
13330,7622.783329681208
13331,10127.107595750846
13332,8528.269422536237
13333,7928.857717998758
13334,11670.114164683611
13335,8151.704873913941
13336,7084.824845679996
13337,9055.30789978052
13338,8847.085445737675
13339,12763.048599749392
13340,7848.859966475789
13341,9263.329097373282
13342,7411.456624648763
13343,9449.375514655192
13344,8251.020879505431
13345,9505.26301928511
13346,5958.875875728184
13347,8720.504141452237
13348,9011.147735786015
13349,8537.646376207053
13350,6830.029136825033
13351,9709.846796126823
13352,9629.096861124273
13353,8710.051868301929
13354,9689.455346238003
13355,8564.449009857562
13356,10512.53663989022
13357,6625.564436856945
13358,8344.446071567947
13359,8279.289810585404
13360,9438.567028906411
13361,9637.643742609313
13362,6390.953422545541
13363,9771.466819075413
13364,8275.328665350542
13365,8746.115234692956
13366,7216.826783908831
13367,6588.409674033253
13368,8396.341522161718
13369,8031.118700922026
13370,10441.963462847116
13371,8825.48455316574
13372,8538.70874425651
13373,10103.434956422436
13374,9112.304439197984
13375,8424.385321393553
13376,9715.968904700703
13377,7357.132961977312
13378,10793.681345760297
13379,11435.429966507605
13380,8832.27368391624
13381,7245.280902890694
13382,7331.2349174738465
13383,6961.445719041103
13384,6480.510908133224
13385,9030.829900780313
13386,7911.675134963903
13387,10323.919395197747
13388,7143.440172689495
13389,8833.539743196505
13390,8465.928055568796
13391,11406.374568032059
13392,6900.389165858974
13393,7130.977048491365
13394,8925.0354492764
13395,9917.178286686427
13396,8956.759148425048
13397,9260.889478019322
13398,9290.068379580678
13399,11334.802046731931
13400,8402.938937551571
13401,9790.124086159312
13402,9152.163101233467
13403,8779.335254132882
13404,7194.093282332972
13405,10602.644623773547
13406,10660.074175850381
13407,8918.631883512142
13408,14848.014179054973
13409,8369.0195305834
13410,7945.11078097375
13411,7920.378557701988
13412,10186.720830106755
13413,9100.70848334646
13414,9097.521422754517
13415,9735.062400140907
13416,9917.89869136905
13417,7926.058071226731
13418,8233.86651225198
13419,7063.061945339572
13420,7596.656910985109
13421,7449.808651652905
13422,8215.685328657022
13423,6788.756691336284
13424,10441.213810304991
13425,18516.76322659405
13426,9565.735886355154
13427,8684.024231262867
13428,8722.163966461947
13429,6437.5292392540305
13430,8703.952505576928
13431,6062.498526738751
13432,10978.541916888227
13433,9384.98336555062
13434,9613.85613788527
13435,13076.361742153975
13436,11823.634246122432
13437,9857.275034813258
13438,9115.222220524794
13439,7790.3636689410005
13440,8994.725696451856
13441,9304.931468165718
13442,9683.483856443878
13443,6865.478924530085
13444,6449.996000786696
13445,7640.87650214603
13446,7833.667657705692
13447,7932.921658504784
13448,7918.769633735783
13449,8324.436242360285
13450,9498.972025900925
13451,9801.384168895489
13452,8635.30845799185
13453,8097.97109714995
13454,7160.996703211474
13455,9905.32536316296
13456,6394.386344067677
13457,10578.90776988383
13458,8106.160680376072
13459,7372.480208275243
13460,9570.266840313718
13461,7984.016203748732
13462,7192.836640812691
13463,8243.660481948144
13464,7944.041296917325
13465,10556.513406445654
13466,10319.473287798523
13467,8941.526609635348
13468,7868.417407327926
13469,8081.621203795271
13470,9212.744555042362
13471,9309.425151450214
13472,7447.319873163674
13473,9398.16921320343
13474,11571.943004676508
13475,10082.369058161918
13476,9188.533625212891
13477,9794.148025126671
13478,7571.578360084496
13479,10202.170523385885
13480,8705.635314224894
13481,11271.841239309186
13482,8454.891084722238
13483,7898.280001063971
13484,7009.84188030362
13485,6780.21278771328
13486,9148.919396031542
13487,16685.899969363258
13488,6501.842896602667
13489,6782.757558649528
13490,10495.46471821443
13491,9237.979962551928
13492,9489.51828451442
13493,9787.588351631337
13494,7119.01179471647
13495,8143.874586594505
13496,7173.427219458545
13497,9379.865781568129
13498,7874.435924036158
13499,8710.29267804133
13500,8369.926963921147
13501,6525.986630397487
13502,9158.561510374591
13503,9231.27018764722
13504,6281.064862379579
13505,9123.206261305191
13506,10231.420467485696
13507,6574.662684103823
13508,9838.451468974885
13509,7443.128498325299
13510,7794.352603942849
13511,9811.708160303315
13512,9526.5788165187
13513,9660.939403605427
13514,8483.683644579321
13515,6748.204427687893
13516,9002.97524377629
13517,5814.810621343848
13518,9737.340394294433
13519,7085.52595174465
13520,7930.431745584034
13521,8338.757126410641
13522,9558.99716659226
13523,8033.648159192169
13524,9275.764285016394
13525,8736.780035317091
13526,8523.596395761895
13527,7668.304954856167
13528,9466.250302421995
13529,8148.802999164453
13530,9587.627636307321
13531,9982.138638497529
13532,11046.196429193791
13533,7059.4155642866235
13534,8237.521028103776
13535,9884.902246671241
13536,6191.204894089411
13537,10623.96365779844
13538,8420.172883035975
13539,10041.976069628421
13540,11176.180706698355
13541,11574.87746231836
13542,7085.677290649743
13543,10651.097954121902
13544,10888.077347824144
13545,10052.483955546153
13546,9646.43382101788
13547,9388.3349762546
13548,8620.976871084997
13549,8126.8977180188895
13550,8642.702056186541
13551,7962.662692492288
13552,7908.648934601951
13553,8987.244987600045
13554,7417.114243028147
13555,7409.749419572482
13556,8876.483989380416
13557,8722.427297284054
13558,9216.716099429468
13559,9438.93944285735
13560,9009.471484173457
13561,7801.11173878359
13562,9249.97848558773
13563,8812.79894747682
13564,8556.297811751258
13565,8560.783120818878
13566,8491.687300288802
13567,8545.031959927343
13568,8532.307265719102
13569,6470.953916794337
13570,8660.1120344782
13571,9506.30631341632
13572,9829.630078120515
13573,9135.34834815222
13574,6232.924196477715
13575,7841.089946662396
13576,9690.590729636673
13577,8163.272384459625
13578,9444.137902356162
13579,9277.01157303163
13580,8221.73505488084
13581,7588.72745245036
13582,6227.791308586173
13583,8327.29822434815
13584,9594.430919100181
13585,8488.03356188354
13586,10314.378440961953
13587,10722.669046401224
13588,8423.34600855664
13589,9197.513648250308
13590,6744.919749417935
13591,5400.548763311174
13592,8623.10276158354
13593,12730.729997190765
13594,8790.849163059163
13595,8866.506915373562
13596,6754.6116936437875
13597,8686.444519284758
13598,10585.222402239864
13599,7301.356322845239
13600,9128.591079922586
13601,7094.013095069573
13602,6369.010436695737
13603,7433.100709047717
13604,8510.12596789443
13605,8523.962944014427
13606,6991.392060762596
13607,8657.435139524345
13608,6377.985390767315
13609,9336.18596692125
13610,8205.44653987827
13611,8256.820177167052
13612,8749.985465867432
13613,9534.57230320854
13614,8761.96828911741
13615,7462.238643179901
13616,9148.310321127481
13617,9049.256380208677
13618,8594.217730063872
13619,5527.319887675182
13620,11905.925259556523
13621,8055.827806065711
13622,8171.451005801546
13623,8984.991354641537
13624,10519.446753343693
13625,9952.76841613748
13626,9102.329548343923
13627,8706.20160574812
13628,10826.808613724896
13629,14449.512571380817
13630,7642.571362672006
13631,8787.044696670093
13632,7819.800421866054
13633,10522.37835868533
13634,8703.543377175682
13635,10407.72359619747
13636,9603.742939095726
13637,7231.635791395054
13638,7036.574538637563
13639,7827.166428676745
13640,10300.837802106435
13641,7825.6491396577985
13642,8284.343311976952
13643,6932.38674766401
13644,8503.544863416848
13645,8790.385946575876
13646,8627.687322810287
13647,10959.265454251768
13648,8238.853880130464
13649,8087.711736537693
13650,9418.562352716684
13651,9696.06191627937
13652,9661.53532318166
13653,8623.181896423324
13654,9855.044258716414
13655,8292.072285039045
13656,9779.546575870727
13657,11592.148510417006
13658,7314.354706113201
13659,10189.859364210526
13660,9194.373811186999
13661,7011.478474018209
13662,10336.617561353449
13663,8107.566353666563
13664,9035.139787846349
13665,9588.546867562984
13666,6873.297484328179
13667,6594.117246522877
13668,9286.306462338629
13669,10627.67589334612
13670,10528.226878444792
13671,7315.999412437085
13672,8246.50965236156
13673,8351.554324911187
13674,8878.915294099057
13675,6912.5834225345325
13676,10987.85354483478
13677,10559.503197113228
13678,12257.690360750616
13679,6346.309739616747
13680,8303.50854482527
13681,11145.747966086888
13682,10081.806532345203
13683,7076.699603383526
13684,11665.177820181418
13685,7912.521577421517
13686,7212.895944960494
13687,7157.012931383636
13688,7122.476842689074
13689,7471.711130422009
13690,7615.316283888623
13691,6933.339361894588
13692,6408.912102565211
13693,11864.760528233062
13694,9723.147479390087
13695,25043.030252402594
13696,8814.332846137202
13697,6684.465017701441
13698,8539.724995300743
13699,11309.813145264565
13700,8210.575819492342
13701,8974.780483444945
13702,7691.616465442174
13703,9042.679931944589
13704,8590.584636347874
13705,5985.655943833115
13706,6896.869404893234
13707,8020.102849752466
13708,9451.085241896215
13709,8070.254163843817
13710,8364.020681140095
13711,8061.846262305552
13712,6730.983837609628
13713,8045.18870529365
13714,10456.547084345151
13715,11296.091699506462
13716,11591.593938688276
13717,9637.388289041035
13718,7334.401185547797
13719,8836.860148735888
13720,6835.800703469556
13721,10130.26089828711
13722,9430.553044831477
13723,9493.202522199494
13724,7963.7095597689795
13725,7320.469625626612
13726,6504.502015686827
13727,6837.310187603042
13728,12024.362828351092
13729,8202.531328073312
13730,7420.591997742601
13731,6869.582038175842
13732,8949.35134132318
13733,6841.378650134754
13734,9049.922896755137
13735,7382.452319735064
13736,7892.2193254040585
13737,8359.587574767666
13738,7294.723419906137
13739,8725.366152678434
13740,7692.956641038679
13741,7148.996868595879
13742,8043.888464415552
13743,8213.275969142906
13744,11379.831310206535
13745,8176.9520990013325
13746,10245.34597003897
13747,8926.106500899843
13748,8839.429148439087
13749,9291.01727572981
13750,10719.188058423508
13751,6765.34184798155
13752,8320.459775548641
13753,9821.814567149679
13754,8009.109749205262
13755,10565.83231917228
13756,8773.747611249846
13757,7712.392026467537
13758,8695.174244983311
13759,8074.022184438135
13760,11709.53046554168
13761,7074.901074597945
13762,14645.376495892004
13763,6151.170825186703
13764,7924.714328408352
13765,10245.372588369455
13766,7134.433309940971
13767,7546.5576009953165
13768,8514.908968073041
13769,9358.28884517904
13770,7130.180079526355
13771,7053.8072262316055
13772,9304.655690460764
13773,8122.698681031076
13774,9157.587621818888
13775,6645.45569273078
13776,8368.127703902253
13777,9655.700885268532
13778,8968.212931847123
13779,7699.154102487231
13780,9159.380294363793
13781,8165.706285588969
13782,9054.987552174798
13783,8440.414647443993
13784,8384.238551928956
13785,9310.343321162654
13786,9116.179333726659
13787,8019.0593286170915
13788,8957.968120632297
13789,8435.336788432664
13790,7328.327410986345
13791,6950.23470861642
13792,7637.954411376352
13793,8219.572457858447
13794,6583.245982244587
13795,6711.610077161187
13796,7444.97525310629
13797,6843.522597695693
13798,7888.834490888035
13799,9078.333480641813
13800,7765.412599353052
13801,7887.17229151558
13802,7328.188901671488
13803,7557.778482932522
13804,8156.764347976092
13805,10128.472766503366
13806,9414.524772306195
13807,9363.087015017336
13808,9635.373185679202
13809,7228.515215754224
13810,10199.587940780888
13811,8957.78632332626
13812,8788.718367019463
13813,10155.413525067524
13814,7708.183065080531
13815,9978.231506456092
13816,9293.796679058112
13817,8741.153158715308
13818,8381.203710615438
13819,9306.68815947485
13820,8229.280419004857
13821,7531.609524149108
13822,7157.159762910529
13823,8039.133671728148
13824,8878.608331558165
13825,7956.865009878924
13826,6490.344571119411
13827,9301.535079019863
13828,8712.228227587488
13829,7443.311896685923
13830,8787.715234291367
13831,8447.575526217828
13832,9939.628646697547
13833,8820.05741190924
13834,7513.143994051853
13835,6905.1810338288105
13836,8694.579840493585
13837,9706.438976927257
13838,6094.723248345251
13839,8992.577247251194
13840,6714.2536483351305
13841,9496.156775038913
13842,8085.512665409127
13843,7924.050441726466
13844,9567.990636417446
13845,8371.172082608673
13846,7642.807531759648
13847,13625.393580320684
13848,8830.167386983656
13849,7814.293323721904
13850,8801.691200295276
13851,7167.525528013902
13852,8888.06643105347
13853,6903.331513947098
13854,8488.61188779952
13855,9525.381490855487
13856,7270.870880870919
13857,6064.324644883772
13858,8665.665028675103
13859,9140.578505728465
13860,9408.562864761181
13861,7485.269425724937
13862,8195.559745639459
13863,8347.655572009355
13864,7186.829317692532
13865,6672.788376383252
13866,8036.344610846745
13867,8532.673460489761
13868,7235.877178125657
13869,9028.734646801066
13870,8749.962807281192
13871,8720.642672410557
13872,9450.761465226076
13873,9484.135456990562
13874,7583.807017829616
13875,9580.211746456285
13876,10141.447503606412
13877,8292.74945445048
13878,10092.701165901251
13879,8861.155790826208
13880,9165.376740703492
13881,6672.9385997365525
13882,8018.179479484129
13883,6785.657995747707
13884,10149.10589950253
13885,8729.488580937208
13886,10602.921960309088
13887,9133.975463545261
13888,8121.753444441602
13889,8240.155373969392
13890,17008.36441488769
13891,12613.741912408219
13892,9126.566180539676
13893,4448.732963468874
13894,8003.709795079207
13895,11763.137742085892
13896,7981.511686554463
13897,14569.394630765404
13898,16729.181890371336
13899,6662.834067241053
13900,7285.57451591952
13901,8886.215581339515
13902,8098.643477642046
13903,12120.729835269998
13904,8235.694279981984
13905,9627.683046409005
13906,5826.311300580537
13907,7924.258637421165
13908,9210.096110536018
13909,9349.83188488092
13910,9225.300443969028
13911,7707.329637854757
13912,9019.214974086066
13913,8687.791442012569
13914,7355.0722702502735
13915,8569.085831026601
13916,8601.155665920798
13917,7250.06985328293
13918,7801.11848269579
13919,9044.195998686193
13920,8197.002406634601
13921,7249.0277324132685
13922,8262.272330760841
13923,8459.966220780336
13924,9019.175123467061
13925,8263.870560542116
13926,9134.500334667706
13927,7938.681511642782
13928,6399.223507784029
13929,8414.919910937868
13930,9159.14546179929
13931,6705.690050422011
13932,7574.127706515685
13933,8591.696281614799
13934,8646.527358610881
13935,9359.041386898978
13936,9321.006877930406
13937,8580.751195756828
13938,6847.2718600487015
13939,7499.84776726099
13940,10131.24288677674
13941,6872.661111379046
13942,8738.714704776372
13943,15792.608797080062
13944,7634.655949202446
13945,9430.498103338115
13946,6120.890204756964
13947,7845.2148729161
13948,7704.6166013785705
13949,7032.150532418662
13950,7943.188051315053
13951,9980.665640355868
13952,6638.275254959576
13953,17470.040826284825
13954,13429.340144404425
13955,7128.5040103285555
13956,9206.89326324496
13957,6799.374650012249
13958,9566.00371315467
13959,9493.762467929897
13960,12478.545134835278
13961,8767.179564467935
13962,10191.927701653149
13963,7954.493309490745
13964,9566.00371315467
13965,6705.925044339518
13966,9688.396152650359
13967,7570.99773142639
13968,7473.6353510718645
13969,7976.710424290783
13970,7856.904194674846
13971,9930.275147075843
13972,10657.236414533349
13973,7370.448149281219
13974,10198.452086237232
13975,9376.70648505499
13976,11432.791809287448
13977,7122.5038445999735
13978,7523.748661761554
13979,9228.451982360288
13980,9901.255446119745
13981,9069.181504818693
13982,8641.619313672412
13983,8514.10060619764
13984,9471.319406030085
13985,7103.351039205818
13986,10177.817796521764
13987,9471.232024630852
13988,7624.13226047716
13989,14368.551687903138
13990,16050.779579648352
13991,8844.913506384086
13992,8046.696070303331
13993,10599.90366947505
13994,10488.548596373881
13995,11096.214641541725
13996,7218.74533362684
13997,8955.444750224142
13998,9280.388983599349
13999,9488.109655773547
14000,7329.962809432147
14001,8235.588497768927
14002,6977.530727897066
14003,7332.822200012852
14004,9325.628400225136
14005,6468.97413775087
14006,7062.900123441304
14007,7411.445973353482
14008,6723.500497701724
14009,6978.470628346685
14010,6394.083801657845
14011,8747.45451571642
14012,9983.511688534616
14013,9191.50410536713
14014,10464.837969929684
14015,7172.478624039136
14016,8964.837146539921
14017,11609.194824940312
14018,9195.751329233743
14019,7070.405878896072
14020,7437.478889746812
14021,9395.545859162074
14022,8701.1234737736
14023,8435.75833959745
14024,7978.697983898415
14025,8379.0267247518
14026,10444.994440957229
14027,7775.315404056374
14028,7273.566900654066
14029,9452.93919221311
14030,10370.540842299848
14031,11247.129965436634
14032,8141.912202561376
14033,10030.160938320965
14034,7519.956878048952
14035,7407.786329028867
14036,8304.799176445618
14037,6787.161018541548
14038,9418.89770167146
14039,7084.52410318191
14040,9204.817427935643
14041,9667.251753751576
14042,14248.736871692025
14043,9335.138455401915
14044,7679.279236931121
14045,7794.575358023008
14046,9805.98444906624
14047,9164.304409247787
14048,10889.56895285396
14049,6915.034892458497
14050,8470.549560599922
14051,9546.387901048762
14052,6876.793148683059
14053,8831.684150216728
14054,9362.019699098038
14055,9380.448118560727
14056,14189.308555290065
14057,9229.937863143148
14058,14361.319008079969
14059,8224.584098600653
14060,9358.438929281881
14061,6996.562480120638
14062,9485.064565214332
14063,7736.929030335693
14064,7517.640869910109
14065,9535.873076375217
14066,7680.621048280458
14067,6731.552491277139
14068,8034.908824681679
14069,9430.656485135014
14070,8733.772686853084
14071,7660.201922562028
14072,8118.82156022274
14073,7757.63013866746
14074,8114.918545421089
14075,9814.639906825118
14076,8507.428128854806
14077,6995.568554671925
14078,6756.349704637652
14079,9142.610030951346
14080,12525.091602845865
14081,9044.069539154669
14082,7269.741053824103
14083,8340.913730955464
14084,9445.25193475801
14085,8757.70859727679
14086,8248.581429309435
14087,9535.97601059499
14088,8409.811769857315
14089,7492.633851918025
14090,7901.482010438135
14091,8256.859676480746
14092,8754.569640202171
14093,8913.454617455962
14094,7533.400050506885
14095,7789.663463185753
14096,7206.322045570924
14097,6547.180098770826
14098,8377.24899667305
14099,10146.086594078743
14100,9975.533124985854
14101,13175.021436880465
14102,9397.088233630515
14103,8622.622149273753
14104,9321.822608315813
14105,11138.37059084855
14106,9738.88406660017
14107,8291.658306630681
14108,9212.044391069743
14109,8309.443251173203
14110,7232.535566858109
14111,8172.058514997949
14112,10092.432151689802
14113,7989.095588374741
14114,9856.223157037912
14115,7273.0432171340735
14116,6171.521349423004
14117,13086.717771102562
14118,7467.47746475231
14119,8023.592318008484
14120,8201.274331393746
14121,7871.347206447098
14122,9397.011925318171
14123,8561.968630230473
14124,7370.425199635159
14125,8205.14093688872
14126,6495.1691835040265
14127,7308.425569902743
14128,7681.58900665795
14129,9796.757043682266
14130,18249.84382097943
14131,6998.736138755471
14132,7033.655619248437
14133,10163.792600938652
14134,7277.840340298576
14135,7224.2810882513795
14136,6827.353812281613
14137,7979.230161274794
14138,8422.594988266706
14139,9090.520997784533
14140,6122.0468874896915
14141,8841.311025729274
14142,7075.075357849976
14143,7601.896113113712
14144,9105.356828158607
14145,9780.523770276464
14146,11942.29466748303
14147,8761.835998813687
14148,8705.177039748201
14149,6710.850847139656
14150,9306.07803309423
14151,14009.786987273526
14152,9198.54647523806
14153,9259.478649440867
14154,7562.948366333535
14155,7060.986883123855
14156,7362.114411527135
14157,8012.075905194796
14158,11285.839881428425
14159,7882.968804961222
14160,7927.075921999025
14161,8609.493991291294
14162,6890.289761699055
14163,7250.071257529994
14164,7583.1164876467465
14165,9121.709668543153
14166,8126.335115007322
14167,7778.818432663611
14168,7348.649766496241
14169,8634.88974583749
14170,9490.391124831162
14171,9610.868745235679
14172,9297.383425514045
14173,7572.64975398215
14174,8827.293778644236
14175,7525.919298505225
14176,7113.595701708089
14177,8216.665974834734
14178,9745.605288707731
14179,8078.714784059878
14180,9473.398311688119
14181,8994.166293330456
14182,8471.113483763364
14183,7353.1908455980665
14184,8471.119379779168
14185,7365.478797301796
14186,7448.351954362983
14187,9501.701353775585
14188,8426.04046807862
14189,7913.162854099705
14190,11206.030078182692
14191,7591.122257678578
14192,6325.8362401892955
14193,9486.49999992972
14194,8560.894485739791
14195,13150.574405896792
14196,7910.742612533083
14197,9113.940575789198
14198,7271.649234620808
14199,9516.308074260442
14200,7857.870327822299
14201,8852.148616042969
14202,5578.223388192578
14203,8308.837133586496
14204,8289.228448543447
14205,8267.108864949947
14206,6638.221887727797
14207,9496.59450876881
14208,9517.560919801579
14209,8316.895341265386
14210,10116.10508803458
14211,7712.59772920951
14212,10210.54381748584
14213,6263.321919863275
14214,8479.626885710482
14215,7881.115062870178
14216,9142.324903954983
14217,9371.918515406765
14218,6415.20718678112
14219,9539.523926298012
14220,8518.14434721312
14221,8519.712075489291
14222,7102.078408616557
14223,5909.541146210126
14224,7885.954805953038
14225,8278.437578788806
14226,9974.7877890901
14227,8597.930125357037
14228,8573.651448351167
14229,9492.753623396955
14230,9123.469028382342
14231,8279.32572797231
14232,9379.403734932497
14233,7234.783536543223
14234,10402.240313517192
14235,11158.573120727122
14236,9129.789305025455
14237,6722.039585733775
14238,7164.404448383542
14239,6918.907750492341
14240,6491.675497317587
14241,9127.392352539293
14242,7755.694004978015
14243,10008.27660336425
14244,6782.377425917354
14245,8649.45523891591
14246,8423.390087020032
14247,11985.994765907086
14248,6369.72028555612
14249,6875.245077921493
14250,8346.644706561183
14251,9940.715029876917
14252,8271.65566745262
14253,8947.771594334232
14254,9004.631193744748
14255,11348.00224671376
14256,7519.880589817959
14257,9326.039999658393
14258,8867.509053276204
14259,8520.909685487395
14260,6842.814288605532
14261,10258.293336819115
14262,10699.424736276267
14263,8580.398453138829
14264,14864.071610833656
14265,8864.676983374136
14266,7079.809661883214
14267,8348.665261568305
14268,9842.369543152323
14269,8329.042339898917
14270,8934.713057336076
14271,9253.161817434111
14272,9450.723017612034
14273,7660.925207847694
14274,7773.503340050308
14275,6936.843569042027
14276,7614.70588271126
14277,7146.714581762303
14278,8069.347446893493
14279,6757.239224481646
14280,10025.528389423836
14281,18889.693957497697
14282,9077.515751715038
14283,8436.959065203058
14284,8999.669842319849
14285,5556.437401019441
14286,8157.12728855233
14287,5902.993367750208
14288,10603.087517588077
14289,8665.618562227404
14290,9262.846977445372
14291,12760.718950320477
14292,11805.410709332564
14293,9600.006991479853
14294,8983.082270051176
14295,7234.837444217226
14296,9039.915751944278
14297,9015.951012790132
14298,8869.459248446276
14299,6676.939509879188
14300,5725.12826382327
14301,7438.97422849111
14302,7153.660580444545
14303,7759.45041516631
14304,7300.988906363595
14305,7990.976954320915
14306,8839.642783127025
14307,9570.018648876223
14308,8349.608230575754
14309,7712.933152285619
14310,6859.175901392683
14311,9589.682571329462
14312,6129.253480688639
14313,10168.20137044676
14314,7748.246558891261
14315,7222.3549679602265
14316,8894.590405623407
14317,7621.0327069919285
14318,6446.246420241505
14319,8092.361747647859
14320,8195.398382251233
14321,10247.634151223343
14322,10319.950401520655
14323,8508.14887610803
14324,7696.43426445709
14325,8119.5720236863235
14326,9178.793667699232
14327,8465.193323285273
14328,7123.756567232053
14329,9109.188757827844
14330,11311.424932762558
14331,9455.889342495273
14332,8932.588072376562
14333,9683.159518035489
14334,7589.627331810647
14335,9886.527731552387
14336,8198.122203929872
14337,11035.158174776527
14338,8141.926202062277
14339,7201.369594161732
14340,7092.185047359082
14341,6454.332108834389
14342,9186.870215922589
14343,16126.632816758798
14344,6801.968141928389
14345,6804.529273879305
14346,10290.603858461423
14347,8995.527963403782
14348,8583.938610730489
14349,9146.959050375539
14350,6694.268875703069
14351,7553.0257262539835
14352,6963.145300694818
14353,9191.363539273902
14354,8009.6167381787045
14355,8744.821465130544
14356,7911.677060901068
14357,6606.986785874914
14358,8986.207374639976
14359,8790.979008397051
14360,5399.973024144989
14361,8634.28337179517
14362,9975.474914649367
14363,6980.711280057624
14364,9275.335902922132
14365,6955.227964821464
14366,7413.758663689848
14367,9330.692175872346
14368,8948.738341516168
14369,9417.426549788108
14370,8345.635088861918
14371,6405.728078305727
14372,8565.654953828514
14373,5522.298352804446
14374,9249.120259654319
14375,7545.802511121556
14376,7600.207133118357
14377,8157.845292968206
14378,8921.459452592559
14379,8093.341483196048
14380,9019.818732180065
14381,8707.33210846962
14382,8485.732365583646
14383,7517.595137521483
14384,9263.213415491873
14385,8414.328764763073
14386,9927.158469538805
14387,9493.918503857414
14388,10788.167645988146
14389,6481.49603638154
14390,8153.116454183824
14391,9735.513725087158
14392,6092.7088649802545
14393,10272.41301359464
14394,7565.11405888154
14395,10023.513802656526
14396,11165.602791769885
14397,11443.727596524252
14398,7244.373836686211
14399,10345.207627271926
14400,10537.068187384244
14401,9654.551240846034
14402,9662.539417282593
14403,9023.712268777621
14404,8132.356117499887
14405,8434.438695739778
14406,8626.77715669893
14407,8097.843506634828
14408,7926.697906328101
14409,8698.281319250249
14410,7300.0823621074505
14411,7108.710197274501
14412,8327.32301178213
14413,8606.12124567948
14414,8511.172681219903
14415,9289.550921273267
14416,9044.414188268114
14417,7416.944730739894
14418,9337.629623615312
14419,8248.360467003598
14420,8300.352258914929
14421,8539.540676817876
14422,8283.700251183895
14423,8582.982779818387
14424,8283.280187264258
14425,6457.36192255451
14426,7871.946640667915
14427,9005.979573616833
14428,9613.240284956388
14429,8879.402795315891
14430,6365.924211024422
14431,7982.292863553138
14432,9363.5842292557
14433,8150.769517773848
14434,8619.15670227574
14435,8925.46092882783
14436,8178.1408353076295
14437,6758.441172760643
14438,6499.397122739084
14439,8285.500313545273
14440,9094.104179300693
14441,8366.483388597111
14442,10521.503704740628
14443,10507.270552440345
14444,8402.103564555639
14445,8834.304775852503
14446,6138.140408768857
14447,6024.258014990869
14448,7939.18818880448
14449,13990.26621723681
14450,8286.10792158311
14451,8755.51840828238
14452,6986.529242800015
14453,8751.455387802023
14454,10459.2650134299
14455,6836.118761969853
14456,8436.808249475154
14457,7431.697826800176
14458,6120.181060481207
14459,7356.36031018378
14460,8393.819916289856
14461,8343.051110571989
14462,6924.813866418724
14463,8094.560720412911
14464,6432.87930628747
14465,9080.021945180539
14466,8717.12948473166
14467,7395.1923318418685
14468,8638.99695877625
14469,9136.639588508422
14470,7930.714776543169
14471,7637.703012846814
14472,8641.507808079245
14473,8449.095536481567
14474,7915.5431581932635
14475,5495.802420820543
14476,13189.74454500809
14477,7440.994272601189
14478,7392.8715626920175
14479,8566.929376639662
14480,10744.55209867646
14481,9670.834451978912
14482,8658.946781837658
14483,8744.152425639166
14484,11016.528478042872
14485,15071.508563691345
14486,7437.270204700608
14487,8487.759849036227
14488,7202.3497354485
14489,9847.324042234975
14490,8943.552649031099
14491,10388.276442563762
14492,9615.919950612726
14493,7240.728587219859
14494,6898.114407549511
14495,7950.6613756851
14496,10327.13353857302
14497,8154.330708056884
14498,7876.762013382429
14499,6675.969740994641
14500,8100.088838843299
14501,8829.851053174989
14502,8286.175739045331
14503,10921.464463242346
14504,8047.057978640472
14505,7105.498994433017
14506,9136.616657070066
14507,9351.288863725034
14508,9638.646284274078
14509,8281.670312658369
14510,9333.493563770213
14511,8897.569828933807
14512,9484.827195487158
14513,11316.694497227401
14514,7133.146265727599
14515,10245.311562749666
14516,8852.253154784454
14517,5983.025608105858
14518,10180.478269109131
14519,8197.92629887471
14520,8615.101405599644
14521,9362.753019331272
14522,5699.480734476696
14523,6827.3778072571395
14524,8277.707221356894
14525,10914.784161944903
14526,10470.760259207738
14527,6754.87083146189
14528,8083.530751111631
14529,9126.861233101157
14530,8519.455863249394
14531,6626.699567934315
14532,10767.514796217754
14533,10324.481055726828
14534,12725.092685335841
14535,6148.0769468469225
14536,7946.501130001095
14537,11376.486714521016
14538,10485.829138541201
14539,6998.185976738496
14540,11472.626668622932
14541,8045.521591968224
14542,6485.541314711143
14543,6730.258085430909
14544,6152.3470669687895
14545,7020.322442703881
14546,7651.881642196799
14547,6687.225903435811
14548,6433.165866800789
14549,11582.814832586444
14550,9488.125338003687
14551,24883.753060055646
14552,8084.704700756882
14553,7956.298603675027
14554,11836.525605817633
14555,13134.788715887096
14556,10183.338246920552
14557,10554.408659189166
14558,9195.659161862879
14559,11890.32615929925
14560,12499.844654130175
14561,8777.008431146809
14562,10279.985693586608
14563,12018.972821703019
14564,11054.24662764113
14565,10441.362263540881
14566,10734.85076005394
14567,10934.49709430427
14568,9663.448485593872
14569,10055.504615942295
14570,14095.456666383834
14571,13308.037722212937
14572,15950.296776292604
14573,11443.981043606469
14574,9713.500794459025
14575,10550.865176082423
14576,8870.152506328923
14577,11584.069321757985
14578,13131.19569401639
14579,12004.470393849815
14580,10067.71737748435
14581,10188.596817222073
14582,9420.219558981602
14583,10121.933660924835
14584,15845.677939386409
14585,10526.938883342511
14586,9600.367389580715
14587,10514.30247348832
14588,11971.237989633153
14589,8712.042334668356
14590,10810.311441760003
14591,9781.445223927767
14592,11693.26083108966
14593,12226.89335003026
14594,8678.365562095294
14595,10256.860093407917
14596,11197.620919944437
14597,10692.094988690853
14598,9685.33924753691
14599,12046.597026906386
14600,14786.666541239174
14601,10630.684954155633
14602,12647.80454892014
14603,10576.805379131407
14604,12757.525416129996
14605,11141.184487421548
14606,12384.157797011421
14607,10079.352635339103
14608,9922.566207677473
14609,11072.042240762381
14610,10042.27359895812
14611,12374.998507592476
14612,11653.082963048593
14613,9603.31402062183
14614,10836.117885789463
14615,10499.923075380924
14616,14625.3932310505
14617,8766.882465572695
14618,14466.162899562289
14619,8909.253491139872
14620,10129.778105577878
14621,11312.602519744813
14622,10939.322472860453
14623,10281.428831860849
14624,11804.675659269207
14625,11043.902155387646
14626,9766.128763575129
14627,9282.173651872727
14628,11311.383029076653
14629,10060.80848659349
14630,11752.054371854276
14631,8185.408409808228
14632,10086.121839076892
14633,11692.550406515871
14634,10691.947832778964
14635,8876.047120000274
14636,12067.278330788602
14637,9767.38945443182
14638,11405.222857966308
14639,11063.771301479906
14640,9701.37849693326
14641,11033.704069917425
14642,10732.349956840344
14643,10659.829701823583
14644,10134.861138145328
14645,9876.54462535374
14646,11134.45480302664
14647,10307.877279081787
14648,10589.992972396416
14649,11543.705804903531
14650,10160.299376341258
14651,8479.087344384661
14652,11177.137111057253
14653,9445.812804788227
14654,11147.642639675845
14655,11269.956885657468
14656,11448.31917709975
14657,10623.551996091815
14658,9626.267310919657
14659,9204.10230823807
14660,10055.045862454828
14661,11762.669135201277
14662,11519.995829937521
14663,12719.212373988366
14664,11391.08816829416
14665,10884.949505420009
14666,12485.643914512748
14667,10583.728416605332
14668,12440.452155765684
14669,12048.190930191466
14670,10919.668701683999
14671,11511.106933439729
14672,11975.975979157678
14673,11125.283368375442
14674,9799.58850698786
14675,10837.437163441917
14676,12112.347827193673
14677,10736.013644941657
14678,10090.053836729936
14679,11444.297277990217
14680,10612.317278187416
14681,10350.474432715217
14682,9876.402818744926
14683,10747.866870353537
14684,10924.644512059787
14685,10512.301946990132
14686,10687.861139148486
14687,9606.10564977852
14688,11480.034666538397
14689,10664.263681829509
14690,11128.72813585282
14691,10023.122186667071
14692,10332.24534162274
14693,11182.979518934066
14694,8553.49826723682
14695,10447.705433906653
14696,10621.18568233534
14697,11354.432202718981
14698,10243.92835852731
14699,10316.917709295569
14700,12373.039868191407
14701,9967.023354880794
14702,9872.309200253372
14703,15723.949593406134
14704,10841.36101811407
14705,10354.241066980509
14706,10528.856216230366
14707,8567.912297953853
14708,10680.786227777531
14709,9150.298115739726
14710,11533.667924506359
14711,11146.5024004095
14712,9595.207426687168
14713,8659.393233689132
14714,9517.365507490927
14715,12248.591756698113
14716,12241.157969051214
14717,10793.168337862373
14718,11775.646174920897
14719,9783.41437521961
14720,10063.141100315297
14721,8347.97844259722
14722,9364.44276904353
14723,10236.814756507181
14724,10137.747144686848
14725,10643.241792292083
14726,10053.630080849998
14727,12609.360698708177
14728,13258.77202190427
14729,11199.04701360071
14730,11450.406465396216
14731,11547.327087277601
14732,12334.413092823435
14733,10606.652306570539
14734,12096.758069076357
14735,10651.170569276834
14736,11067.02500072508
14737,10497.012492996566
14738,10227.438519288497
14739,9950.579192270947
14740,11643.54740945657
14741,10812.041502605349
14742,14745.063354643788
14743,12751.251582783932
14744,9635.63321759467
14745,11632.175176026252
14746,18486.931413093935
14747,16784.71459972363
14748,11590.938437647654
14749,6874.318850938105
14750,12160.863805996258
14751,13759.79728804022
14752,9826.179827737229
14753,14191.262436643112
14754,16151.039517066318
14755,9310.887742105151
14756,9784.842665104597
14757,10763.923689959372
14758,9732.17738689161
14759,14983.071754450124
14760,11657.749543955724
14761,11177.04933072665
14762,7806.927482484961
14763,10246.205662223418
14764,11962.866660240636
14765,10730.467879331245
14766,11901.226184549601
14767,8902.842615243517
14768,10738.896019489861
14769,10464.34969607823
14770,9649.333863659047
14771,10157.038944648937
14772,10929.078392813339
14773,10300.343184661551
14774,9823.793521439944
14775,10911.482285890868
14776,9626.24149702177
14777,9740.09243425461
14778,10666.088976735893
14779,10036.858607638105
14780,11161.683746515786
14781,10166.361528201287
14782,11839.178223333209
14783,9836.674504323839
14784,9169.317722701504
14785,11499.584795530036
14786,10749.60903492299
14787,8534.317043849893
14788,9522.155375844413
14789,11857.608761474297
14790,10972.254531520563
14791,10524.065309078132
14792,10937.625072193603
14793,10786.70258447052
14794,9237.941448239657
14795,8674.453704158956
14796,12253.684447119458
14797,10624.235895036836
14798,10657.833531178609
14799,18382.146862428875
14800,10570.153733879435
14801,13311.367768856355
14802,9555.62771983628
14803,9240.316037336761
14804,9691.391482817051
14805,9113.909975506083
14806,10440.244843391723
14807,11562.8272234286
14808,8291.12340467922
14809,19208.00224263979
14810,15422.96636393582
14811,9777.997859746038
14812,11939.787845840696
14813,8160.662573294738
14814,11059.340001308481
14815,12025.926591984204
14816,14736.010016019183
14817,11193.148124559195
14818,13820.468715186613
14819,10842.203252649282
14820,11059.340001308481
14821,8680.786057566746
14822,12668.66139242803
14823,11511.185477469855
14824,10079.27174068372
14825,9586.546105947058
14826,10007.604690994593
14827,11720.161958190203
14828,11829.838131337057
14829,10797.834415587717
14830,12129.296718261376
14831,11016.125281774486
14832,13310.845716101185
14833,8160.814993752417
14834,10117.021759306988
14835,11100.79139554588
14836,12888.571098402459
14837,11019.325135553674
14838,11059.022962493133
14839,11601.389177427864
14840,12224.719110779044
14841,10303.906554178027
14842,13395.645944780446
14843,11095.208262906663
14844,9537.043120283028
14845,15150.04931809042
14846,17430.390905503038
14847,10943.218420169424
14848,10928.642922850866
14849,13613.107036485082
14850,12000.327467758929
14851,12652.05150217741
14852,10043.853257883846
14853,10467.223621609188
14854,11143.865829821863
14855,11400.556030257292
14856,8592.81072736605
14857,11277.657038952984
14858,10299.722678131933
14859,10973.679532619568
14860,11276.19033524135
14861,7830.262061033355
14862,10577.00604806967
14863,10576.017819620547
14864,10712.94608528488
14865,9565.872980515456
14866,9564.46672394307
14867,10799.391297900464
14868,11738.959295870161
14869,12605.914665639764
14870,12223.862075866335
14871,9948.016151189166
14872,10779.615100339857
14873,13266.639834317471
14874,11554.954418424526
14875,10870.400472099891
14876,9974.240674535791
14877,11579.593321794224
14878,10178.22130628867
14879,11749.710708823226
14880,9898.12249463898
14881,9983.594756244811
14882,14108.004227203995
14883,9142.29303417617
14884,10156.97203876469
14885,11347.29186606891
14886,11982.40897503511
14887,12689.592070322089
14888,9530.2529171716
14889,12143.585859209841
14890,9234.352254226604
14891,10382.468367924503
14892,10027.131777076263
14893,9644.933393303036
14894,11023.46573316447
14895,10136.900538737353
14896,10581.48227921916
14897,11164.508096272726
14898,17521.479439018196
14899,10370.247374113203
14900,11019.644589706992
14901,11683.40285912745
14902,11565.98634190799
14903,11117.43719114801
14904,12060.660357200808
14905,9736.498732371556
14906,10652.882353228515
14907,12229.183633209104
14908,10036.618196612575
14909,10837.256416409353
14910,11155.593208028835
14911,10907.442812495816
14912,15863.054432786344
14913,11007.793545430766
14914,15802.064325933894
14915,10872.151300929432
14916,10788.18982474975
14917,8614.730078916944
14918,11667.954349311132
14919,11428.737363872757
14920,10748.815749434638
14921,11046.253742019346
14922,10978.427267371695
14923,9326.865529748742
14924,11168.279399164428
14925,10978.934191868548
14926,10960.33572801407
14927,9872.878834101737
14928,10966.253891812392
14929,12148.4449980997
14930,10704.833187298029
14931,11290.375177660191
14932,10200.20569373957
14933,9889.482188659278
14934,9597.454299416004
14935,10521.502487087211
14936,16903.812952169024
14937,11101.106244687162
14938,9861.97364296008
14939,11582.725465902873
14940,12093.447283198853
14941,12048.939699771972
14942,10658.798647525804
14943,11167.773986997652
14944,10102.497033305994
14945,8061.122870586231
14946,11496.394204361502
14947,12218.70453022934
14948,9916.714143268886
14949,10825.062921970823
14950,11454.667477195348
14951,11101.111855495112
14952,8964.30222385105
14953,9103.90681251282
14954,12184.477810218914
14955,11722.591197329219
14956,11399.353756712902
14957,16564.976944679693
14958,11088.124492261677
14959,10160.182028014226
14960,10574.104280835169
14961,12811.346774001577
14962,11438.38641416188
14963,10784.412499268874
14964,10549.863757517043
14965,11396.056633826918
14966,10346.094764764364
14967,9767.523237350808
14968,12340.023214784971
14969,11003.407709652942
14970,11446.421416582485
14971,9904.05821589249
14972,8098.92543118265
14973,15984.636467873579
14974,10300.533074415258
14975,9797.711893952825
14976,9660.331376021359
14977,9592.969586446705
14978,10931.985970739936
14979,11014.189974765117
14980,10839.560180171631
14981,10278.778969702544
14982,8152.649356538786
14983,9115.773957153979
14984,9018.247071150257
14985,11661.143350881992
14986,17543.414476954382
14987,9261.86562354282
14988,9863.235890324551
14989,12159.040054365507
14990,8798.458025612044
14991,10838.931897098595
14992,9649.955157359347
14993,10362.626037305698
14994,10658.625671538799
14995,11870.418979757847
14996,8724.171821260523
14997,10918.953688023592
14998,10303.366889282497
14999,9177.137216125464
15000,10970.800554429952
15001,11800.272014800072
15002,13723.310319581618
15003,10546.934044205136
15004,10279.580020405498
15005,9475.366221661629
15006,10783.89538945379
15007,16503.909061419687
15008,13719.885756703252
15009,10861.338516413849
15010,10158.596925867501
15011,10178.591412793856
15012,9297.24327355562
15013,9572.704367039349
15014,13046.406382468282
15015,9688.072892861428
15016,10453.377423835354
15017,12353.81776626307
15018,10690.728184355086
15019,9315.592094962994
15020,10311.781990044135
15021,10906.491183089453
15022,10794.128659727596
15023,9378.5360980202
15024,9650.750773302836
15025,11504.710472364006
15026,11128.849943836729
15027,11901.889986381524
15028,10809.083815278906
15029,9801.01292515144
15030,10951.31806367478
15031,8797.069198438745
15032,8391.23202418165
15033,11526.138496187972
15034,11215.166194724343
15035,11054.428918149408
15036,11366.503892285873
15037,10673.05349477406
15038,9884.561904378485
15039,9308.061738961433
15040,9941.10851863297
15041,11299.50938427818
15042,10960.081360930752
15043,11941.143643451118
15044,10179.172694940107
15045,9593.210190140077
15046,13010.42008762794
15047,8909.088473031048
15048,8690.924073808595
15049,12043.566357778966
15050,12675.76255747653
15051,16427.10887796942
15052,9528.421269605979
15053,10460.924113729221
15054,9511.149155834495
15055,10930.26633036834
15056,10627.827804397573
15057,11713.636170414979
15058,8518.355529111595
15059,12849.968666206507
15060,11182.89014681775
15061,9899.11967715084
15062,8851.53936427719
15063,11354.332260359466
15064,11456.035240817666
15065,9571.823543363635
15066,14040.254714597495
15067,10688.60840341859
15068,11939.403765226629
15069,9078.38230237976
15070,10835.923974453337
15071,11359.275235071344
15072,11257.08066529043
15073,12021.019190001321
15074,9599.512279228717
15075,10664.502277943602
15076,11658.21115444433
15077,11698.541434120858
15078,8499.382103865571
15079,7193.277928710282
15080,11504.771223935428
15081,10799.062245724928
15082,11484.335108508807
15083,10596.030602375477
15084,9966.654220053251
15085,12272.856179046987
15086,11002.195146556556
15087,11430.966030455587
15088,11841.214771642248
15089,10136.60870612365
15090,11989.55802511472
15091,14880.443076929478
15092,12308.770225429871
15093,9724.895219571707
15094,10992.515956149282
15095,9279.725934591987
15096,8064.268407013586
15097,13215.217156270313
15098,9277.477702693994
15099,11757.811594074532
15100,10618.90244895229
15101,11612.926148020259
15102,10829.253197383538
15103,16475.960637547843
15104,9063.494414166747
15105,10610.995775219171
15106,12359.03678293732
15107,11804.83348856875
15108,11218.006817294452
15109,11185.176674970442
15110,11047.04950252955
15111,12924.796403776623
15112,10586.344727574266
15113,10983.058407969664
15114,10149.90750413392
15115,10335.125430496568
15116,10826.223153988127
15117,12056.51761394773
15118,12614.268489970604
15119,9977.553378525245
15120,14893.643579194239
15121,10830.146013622521
15122,11403.967723172012
15123,12160.803461984213
15124,11546.983112234135
15125,12608.39444492595
15126,11061.300839065705
15127,10982.194500236697
15128,11151.561347166386
15129,10034.049778308496
15130,10668.392951387557
15131,10743.876193057655
15132,9578.960650955574
15133,11165.665784932744
15134,9570.25290922805
15135,9471.995024069425
15136,13185.060243303886
15137,23507.437506886872
15138,10795.725778554299
15139,9644.311538145874
15140,12579.081919877364
15141,7194.652521612758
15142,9903.502576799012
15143,6564.078169464148
15144,13396.93729735822
15145,10448.320357512526
15146,10745.69858241051
15147,14848.92764962578
15148,13871.686370402878
15149,11647.409868091394
15150,10996.790546266422
15151,9693.56613311303
15152,10341.582589994037
15153,10564.57021013723
15154,12806.13155068523
15155,10386.355221673432
15156,7187.1295564254
15157,9709.15522932468
15158,10486.00338630974
15159,10041.59823446081
15160,10525.200603524121
15161,9376.788689297127
15162,10983.887078749725
15163,11423.045506338334
15164,12280.81906032434
15165,9624.580551288744
15166,9527.069927152748
15167,11086.414661561765
15168,8400.807410873595
15169,11773.358874888669
15170,9946.477232300396
15171,8625.14318432902
15172,12875.899677595116
15173,9157.374944797106
15174,9560.984433650765
15175,9826.584205599906
15176,11054.457823836417
15177,12270.859261202677
15178,12269.129585342638
15179,10374.263950068751
15180,9209.6916285117
15181,9601.664857487576
15182,11336.916668664879
15183,10691.37560079481
15184,9783.479123207571
15185,10684.713616831263
15186,13128.415665559372
15187,11987.303757621545
15188,10223.529789843495
15189,11513.642560191192
15190,9886.349687607013
15191,11538.220201297941
15192,9860.989398909469
15193,12780.898168336429
15194,11041.105439095909
15195,10032.969858139273
15196,8444.582538572871
15197,8329.56885080584
15198,10822.320806660391
15199,17820.803366034048
15200,10301.881951228377
15201,10551.96569070264
15202,12705.088539686783
15203,13291.201533733798
15204,12228.464948007886
15205,11213.72976288179
15206,9615.43950802022
15207,8801.216680752344
15208,10866.7371120728
15209,11114.164521740893
15210,10078.112159148572
15211,10154.08969112171
15212,9541.493038243056
15213,8729.669277681456
15214,11296.121790396719
15215,10481.121405873948
15216,7154.490106837982
15217,12407.117483385007
15218,11803.708620263986
15219,9317.708295797986
15220,11066.581706529223
15221,9749.576397500476
15222,9277.154529711333
15223,12178.400214792304
15224,10731.910047644073
15225,10294.599446377144
15226,10015.070373309087
15227,9374.976595428174
15228,9820.153696301428
15229,7827.466341480898
15230,11085.93754885224
15231,11005.800820766983
15232,9106.165252987927
15233,9739.261725402392
15234,10892.040758900814
15235,9608.786453465164
15236,10461.691648473807
15237,11248.948593048726
15238,11092.233835677875
15239,11376.282073147448
15240,11941.214899575267
15241,11717.16793358188
15242,11854.909066117516
15243,11332.042628397672
15244,12298.276106270147
15245,9320.658830977276
15246,10742.261851854846
15247,11460.949443898618
15248,8214.111741539762
15249,12204.345324966342
15250,11754.944985717764
15251,12229.137201813099
15252,13227.412600992478
15253,13179.158897589756
15254,9532.51215897155
15255,12781.91159537022
15256,12176.377030952071
15257,11546.550475466816
15258,11253.263884126287
15259,10988.165917126062
15260,11203.95406403537
15261,9935.373491147906
15262,10393.093246360668
15263,10454.140595377685
15264,10081.368472732014
15265,10606.189195811216
15266,10126.748645544314
15267,10097.555980329256
15268,12096.687483941696
15269,10455.165541390885
15270,11369.334196699505
15271,11143.826661317897
15272,10659.103493686915
15273,10510.17343715789
15274,12355.42278629763
15275,11974.691208075697
15276,10037.277015933576
15277,10049.981721219057
15278,10786.041066220652
15279,10634.691335614145
15280,10067.534955249954
15281,9284.689201576379
15282,11889.97843549075
15283,10734.119087068308
15284,11504.547639567374
15285,10385.809507057964
15286,8553.964428779807
15287,11192.099617863165
15288,10537.423709978846
15289,10169.041368067594
15290,12474.466887566561
15291,10981.718954310787
15292,10316.971951908168
15293,8290.07647704336
15294,10152.941744962054
15295,10803.684739395077
15296,10748.330951818874
15297,9877.81065210676
15298,12405.277964179295
15299,11835.109174729661
15300,9943.121601187555
15301,11372.70316388539
15302,8794.397765326636
15303,8545.53772188595
15304,11565.802389138144
15305,16401.40199384371
15306,12019.568069207511
15307,10902.713965434916
15308,10215.810465828523
15309,10761.891928118095
15310,13840.689009839443
15311,9131.683850452442
15312,12495.988818044189
15313,9805.457588195379
15314,6760.383774828702
15315,10598.593211649184
15316,10106.9620742973
15317,10036.527625120547
15318,9649.672618956152
15319,11035.69099337508
15320,9157.351598298817
15321,11482.176517090966
15322,12208.604584278168
15323,10481.257854430534
15324,10543.011368332487
15325,11033.06232075058
15326,8647.931067193444
15327,10625.842044067014
15328,12805.063273534168
15329,12343.446081893306
15330,11826.467026462622
15331,8436.536243315868
15332,18214.394796873774
15333,10060.869397749331
15334,10292.607355842129
15335,12347.15851348833
15336,12543.391976635838
15337,11189.76075457733
15338,10192.629481452243
15339,10383.256636211301
15340,13687.627594065234
15341,19885.919225500184
15342,10922.286720596428
15343,10044.816327885128
15344,9887.670914773935
15345,11271.777613284767
15346,10644.34214023338
15347,12130.677011467347
15348,12087.867568693713
15349,9853.852256878321
15350,9157.68337146761
15351,10778.510904112967
15352,11876.927709537766
15353,10109.773606629404
15354,10995.178635223652
15355,9562.023998292885
15356,10712.464064705386
15357,11481.254383790114
15358,10766.696441880356
15359,12561.308300829314
15360,10001.87405145037
15361,10504.778060624973
15362,11112.399470152119
15363,11096.04543640035
15364,11559.333403446797
15365,10686.292231243258
15366,11289.441018787176
15367,11875.627657592833
15368,10927.889925845016
15369,12674.858732035646
15370,9697.11213979968
15371,11715.975684470515
15372,10634.510816206106
15373,9244.524881493731
15374,11577.520499008333
15375,10248.620565051555
15376,12129.099395906052
15377,11335.263601699806
15378,9773.496750869665
15379,9168.735063306058
15380,11834.897370789837
15381,13435.167323986012
15382,12018.343037277142
15383,9506.686799518859
15384,11154.695951301572
15385,12024.164259493997
15386,10729.243845418634
15387,9631.024684481887
15388,13031.221260653556
15389,11471.98900104412
15390,14614.103330083335
15391,8793.980454124005
15392,9437.251544695
15393,12085.927824731229
15394,13974.238151653575
15395,10651.47246394164
15396,13833.32843201698
15397,10216.942130085012
15398,9737.100367525398
15399,9968.586406221995
15400,9902.938328593333
15401,9371.733922083089
15402,11124.296532112594
15403,10036.571668923596
15404,9183.355334079728
15405,14570.917876062344
15406,10494.282947674652
15407,23686.996663375692
15408,10216.153015413656
15500,3304.1712675848225
15568,4159.5139197680155
15609,12732.785517011374
15610,25575.52448790559
15618,6085.011539788943
15637,5360.911334421265
15647,4758.360227071249
15665,9140.370584318565
15682,6586.479163605105
15744,2377.507625940243
15758,4945.161807958323
15801,5960.932645392716
15811,3069.67844618228
15815,3341.009870648806
15842,18022.87734002101
15856,6529.230930152364
15931,9947.123450641811
15975,3623.549624233919
15976,14326.311359258756
16004,10405.70611924256
16074,3516.483181450368
16078,4335.727655830795
16129,4569.601984006091
16144,9154.134918238124
16208,3478.8190581166377
16249,10716.575775776984
16250,5548.125709982528
16265,5145.799305223979
16266,4910.509504403577
16267,5915.442779857162
16268,4020.105087798016
16269,5612.22674131989
16270,4070.52942583854
16271,6451.195623294361
16272,6530.891950522318
16273,4490.88469100354
16274,4352.57212322807
16275,6882.883112310945
16276,6093.142473655606
16277,5605.34708622057
16278,7320.650308112171
16279,5808.498995434296
16280,3764.624051516203
16281,5722.47314071716
16282,7503.4566246083805
16283,8798.043912948031
16284,7696.9035430493295
16285,7055.0688465285275
16286,4464.173448070228
16287,6590.241043204202
16288,3681.2152166828528
16289,8019.967780396463
16290,7666.984952542289
16291,8050.884166911171
16292,5835.844483451102
16293,3357.489883456543
16294,4984.974290532472
16295,6150.2902423144815
16296,9134.468807919848
16297,6070.392317176502
16298,5456.938242671958
16299,4861.7286182844655
16300,6851.49419602342
16301,4685.511640746662
16302,7216.041599720164
16303,5360.2455330277835
16304,5769.774600507919
16305,7009.579555916019
16306,4445.286558051823
16307,7251.152390656691
16308,5175.207894566063
16309,5346.741687108404
16310,4670.086589698055
16311,6847.371717418507
16312,8887.236983031607
16313,6154.774023245786
16314,6938.266035618339
16315,7360.079088696728
16316,7931.375898819743
16317,7053.924083313451
16318,6317.5855948335675
16319,3670.8842842808735
16320,5702.5423758477855
16321,6116.27867201709
16322,5993.984309523623
16323,7814.191222803858
16324,7901.534095670523
16325,4322.093905686151
16326,6404.242569928926
16327,6538.630082716479
16328,5577.077837611522
16329,4475.634466218075
16330,8249.101600543794
16331,3755.082746755618
16332,6174.967416573471
16333,5818.002483889255
16334,5634.744200960003
16335,5685.681689707481
16336,4298.325972509973
16337,6510.052478990054
16338,5012.845363305754
16339,5955.048241725323
16340,7191.946070449258
16341,6671.033496398815
16342,5457.739915963141
16343,4476.999671511752
16344,4992.004321660839
16345,7190.615199285912
16346,5607.882214238286
16347,4285.7067694161815
16348,7274.655103622822
16349,4990.982255762753
16350,6707.4430562592925
16351,7769.085734021831
16352,4723.718533570117
16353,6960.6278772112
16354,5728.215457897166
16355,5993.011563952
16356,5190.912930736723
16357,4740.220895677224
16358,5501.286037831259
16359,5097.763724216259
16360,6398.471214973379
16361,5195.218745496238
16362,4924.575256171064
16363,5228.17043264596
16364,6216.16593165475
16365,5914.323592023346
16366,4883.474215970144
16367,7277.728771019356
16368,4684.805258727675
16369,5470.035724936592
16370,5794.131483384479
16371,4298.0075712322505
16372,5954.3710344730225
16373,5894.17730351151
16374,6442.709046739513
16375,7533.650045969024
16376,7156.734884117324
16377,5704.389590047398
16378,7630.216084480841
16379,5233.145086666501
16380,4756.521817674304
16381,7505.644040287333
16382,6031.246249635571
16383,6292.483130645142
16384,7427.562956796541
16385,6397.078301830766
16386,5804.86138302193
16387,5837.963479004957
16388,7147.723330356959
16389,4211.522298135145
16390,4175.025555989943
16391,5518.349288067828
16392,5225.817529282507
16393,6719.622291107099
16394,4059.793385130204
16395,5506.39265427691
16396,7040.5432660184215
16397,4610.29137077989
16398,6314.4597166606145
16399,4572.6136318812
16400,6955.887172388605
16401,6386.136696483126
16402,4748.436943874266
16403,5877.944583497671
16404,4966.649415231437
16405,7148.554744892006
16406,4627.413443485179
16407,4686.932005016541
16408,5119.642952629096
16409,7839.011376060435
16410,5976.453324688537
16411,6778.548638815812
16412,9012.950770028792
16413,5214.900525918803
16414,5687.5672939406795
16415,11528.449617064196
16416,5676.6713624662025
16417,6409.6314533927125
16418,5384.4358274317365
16419,5860.962959573058
16420,6925.790431748205
16421,4791.923724265196
16422,5752.463642989294
16423,5670.2433191794025
16424,4604.3702533183505
16425,4625.309905113371
16426,4610.375264786137
16427,7729.686349942094
16428,8219.81729331081
16429,5702.492321443462
16430,6012.453165297709
16431,5865.227961147799
16432,4525.956280260513
16433,3418.9561385942
16434,4270.374650333059
16435,5952.180944461361
16436,6286.538279030717
16437,5764.4561401256615
16438,4812.1558647733755
16439,7513.572363826365
16440,7953.577117323579
16441,7147.635042500404
16442,6450.657728667634
16443,6485.15198314605
16444,7878.903630025423
16445,4823.770635393677
16446,6236.335274700679
16447,6284.647899261058
16448,6843.242010250058
16449,5103.564263631229
16450,5750.0474168563505
16451,5046.903653820797
16452,7387.461952657107
16453,6322.070209893227
16454,7879.569016841718
16455,7991.288667207459
16456,5367.095764319202
16457,6591.456951085992
16458,14378.090611167987
16459,8855.002962544957
16460,5701.127875013316
16461,4062.2776907834177
16462,6962.597476676277
16463,8690.421703069147
16464,4321.63932759525
16465,10714.85186021666
16466,16708.925741251605
16467,6153.331171377897
16468,4198.608121468821
16469,7118.119067852592
16470,4260.531180686708
16471,7955.053653297922
16472,4612.934109290178
16473,6025.371159693857
16474,4780.914197238932
16475,7092.68459907875
16476,7206.615298792728
16477,5918.244672374045
16478,7447.020009102406
16479,6392.388512899252
16480,6902.126787686491
16481,6573.434158932484
16482,6020.815288037714
16483,4915.564728572313
16484,7425.102744939617
16485,5197.866236485412
16486,5878.0412163334995
16487,4905.61537200389
16488,4559.374066403178
16489,4932.840657148442
16490,5977.862381860484
16491,4639.365507199787
16492,7114.516380513369
16493,6287.4779459285855
16494,6815.859008886467
16495,5141.245824896196
16496,5514.17002963089
16497,4342.605296431294
16498,5445.440929798732
16499,5835.318650130343
16500,5775.267472136089
16501,5937.929739006736
16502,6141.040046975133
16503,6233.963206287074
16504,6569.078311772638
16505,6468.471766524747
16506,3895.0450847817146
16507,4078.3317431931364
16508,7351.734063300529
16509,6023.915327745011
16510,5827.819915334455
16511,12550.539496852009
16512,6830.437913850683
16513,6787.661274623632
16514,4703.647581655322
16515,3975.052471226645
16516,4613.569363877781
16517,4656.839035502822
16518,5183.335661434022
16519,6635.522313589839
16520,5635.410814683244
16521,9678.48420204374
16522,10534.262697037766
16523,6126.88477959277
16524,6377.537012816542
16525,4660.623208637325
16526,6123.677393348658
16527,5879.4744359971455
16528,9846.806917030719
16529,6774.314159590325
16530,7082.835660977505
16531,5093.523056768137
16532,6123.677393348658
16533,5838.463455340985
16534,6163.818363867451
16535,6230.358698568396
16536,5188.25212184568
16537,6668.111407168809
16538,6173.697438217796
16539,7568.223532921029
16540,7263.744621440177
16541,6363.342246487362
16542,6578.094997677519
16543,6948.639769820107
16544,9845.93589701103
16545,3909.2318676211316
16546,5299.0800449446
16547,7060.463111725475
16548,7652.698742501592
16549,6820.140022047726
16550,6436.960909820337
16551,7232.02359376545
16552,7639.636664965369
16553,5805.010769393463
16554,6755.2509907966805
16555,6433.892387237596
16556,5360.99556650682
16557,11418.80510662567
16558,13843.13605431024
16559,6374.553128377582
16560,6581.86630989346
16561,7229.506105802163
16562,6451.427131051459
16563,7338.422209500033
16564,4160.453271621526
16565,5329.41038948815
16566,7018.3921350637365
16567,7146.197743717086
16568,3852.748522685706
16569,5283.334743190274
16570,5576.11323921249
16571,4732.377976528776
16572,5758.012558214809
16573,4250.852117369347
16574,4041.4519210989547
16575,6400.08080927988
16576,4061.4397467937024
16577,4616.3009269840295
16578,5528.990227600293
16579,5662.88232505164
16580,7591.316769722645
16581,9004.361601491495
16582,7233.48068682329
16583,6194.685126972984
16584,6749.684560978921
16585,8358.619831122369
16586,6310.459678849427
16587,4385.3344125716485
16588,6271.847641783694
16589,9520.249357262413
16590,5391.029686232466
16591,7080.75199672159
16592,5997.32782665846
16593,5190.981737797551
16594,6865.051129638175
16595,5828.0899655660005
16596,5949.30707402418
16597,7355.277739980467
16598,8020.881455916828
16599,9430.412405967538
16600,4446.793040935497
16601,7838.07629777161
16602,4264.631241631233
16603,5281.653866314388
16604,5957.115140959787
16605,4672.194858702054
16606,6669.299635458124
16607,4609.341513367632
16608,6387.792925904095
16609,6135.432902865442
16610,9530.640939160889
16611,7984.222012058551
16612,4928.566842056079
16613,5420.479529434347
16614,6561.721618716997
16615,7041.626100026887
16616,7819.8056525027105
16617,5687.782387343023
16618,6317.534046910263
16619,6347.599563673928
16620,5897.971869596933
16621,5331.800811387755
16622,6974.66142215977
16623,6059.435274231279
16624,9941.757088876595
16625,6994.207031524893
16626,11791.703595266938
16627,5938.991202131208
16628,7273.790088819311
16629,4004.45342558236
16630,5907.951229129721
16631,5989.466672571328
16632,6066.128782771977
16633,6121.1516997808685
16634,6370.464628340942
16635,4141.668150141033
16636,6684.016392168015
16637,5644.533130702245
16638,7799.490845100041
16639,6399.076251352203
16640,5430.5657066875165
16641,7012.102891955073
16642,6237.6905248358025
16643,6962.560019228505
16644,6678.624239965958
16645,5627.365950513277
16646,5883.255544787686
16647,6080.248952423372
16648,8730.22479168371
16649,7582.646807509935
16650,5228.097661705299
16651,5091.775438154622
16652,6380.111547353572
16653,6269.964409068595
16654,5017.341553606847
16655,6208.574823358232
16656,5131.770671196327
16657,5466.848811184847
16658,6825.0951581941645
16659,7106.40115897483
16660,5730.229543979665
16661,5221.973039212872
16662,6507.017403601636
16663,6512.479796863229
16664,5006.621209904549
16665,4989.349816879738
16666,7227.704260353894
16667,5978.172229759604
16668,7341.852823146361
16669,8302.013651051535
16670,7150.807852923235
16671,4591.887606517497
16672,6022.02301295636
16673,8587.999543665605
16674,6550.830158295732
16675,6175.955664955186
16676,5572.385965073367
16677,5609.867998145862
16678,4760.881343992359
16679,5049.957936539624
16680,9449.103933573568
16681,6367.190883172361
16682,6725.337813490508
16683,4953.157189144065
16684,3510.2513239254563
16685,8642.583738390262
16686,6355.099779155813
16687,5783.369048235959
16688,4521.1377249210045
16689,6721.8892423127845
16690,5626.711722406528
16691,5099.429050247086
16692,6407.451226598584
16693,6956.754335694363
16694,4867.537400534043
16695,4280.742776077832
16696,3977.590324520624
16697,7173.295740461283
16698,14228.920279959008
16699,4973.21014786738
16700,5948.840266909436
16701,7107.314218279917
16702,4487.966651907132
16703,5321.285661871251
16704,5823.546860965559
16705,4379.4327070296185
16706,7793.4783315452005
16707,7048.271123505877
16708,3430.721043229992
16709,6419.959521953763
16710,4265.227743624566
16711,4766.094133594754
16712,6642.2242138732745
16713,6906.011934004442
16714,9016.224855797758
16715,4916.299391255955
16716,5505.78978193428
16717,4991.07999163117
16718,6678.6576660089195
16719,13257.520720965213
16720,7902.03290165346
16721,6638.596057620008
16722,4653.268763443275
16723,6028.56501254904
16724,5016.379358322406
16725,4492.096259439131
16726,6904.380319054813
16727,5013.577084813331
16728,6436.705685944988
16729,6955.734825070848
16730,5693.927023843567
16731,4520.8413062837935
16732,4995.411681306038
16733,6569.187318266908
16734,6092.935007371055
16735,4580.499134767617
16736,5317.806622425112
16737,6866.728208348325
16738,7142.443627825404
16739,6685.1848361105895
16740,7009.141814800227
16741,4033.4913874426907
16742,7727.846946319265
16743,5365.121786605731
16744,3863.937105599803
16745,5147.341446817936
16746,6217.925350287743
16747,5081.147468328038
16748,7267.115687849199
16749,5611.653738985875
16750,6586.067575078756
16751,6047.062824339565
16752,5047.732850982889
16753,5922.8793734935225
16754,5229.984664189322
16755,7005.395931364569
16756,5836.125005866312
16757,3974.0218975629055
16758,7963.508199555701
16759,4588.482694236644
16760,5159.062604486707
16761,6151.9853996986185
16762,8015.653246045112
16763,9209.310746675917
16764,4851.967527792358
16765,5782.271648668846
16766,5647.328084944527
16767,6323.678882308314
16768,5907.626454759927
16769,7682.474407274542
16770,4150.2502008875035
16771,6115.833720579559
16772,5728.497926109034
16773,5123.670449006979
16774,4399.650992382239
16775,6682.246166418103
16776,6376.832349750149
16777,5590.907015245997
16778,6318.66814621345
16779,6829.833751202869
16780,8100.104838864822
16781,5013.71446655096
16782,5045.638235259816
16783,5575.705281003704
16784,6437.8901681338875
16785,6450.001791628569
16786,3629.2526999957836
16787,8131.144281388975
16788,6651.573607884398
16789,6602.623651809427
16790,5669.470498576004
16791,3938.8185594885726
16792,6218.182810324085
16793,4685.772788675774
16794,7333.972974937973
16795,5670.55720134607
16796,5315.646759820648
16797,7415.14761660802
16798,5255.655571804331
16799,6055.6864202116385
16800,7344.349384010588
16801,4917.225113254697
16802,7267.7715677419155
16803,8502.169939598109
16804,6356.505384523167
16805,4295.189224174843
16806,5117.416590957943
16807,3740.2593744055234
16808,3637.065116464481
16809,5328.905977744084
16810,6272.021253947681
16811,6413.44633712336
16812,4951.469662397408
16813,5830.988583053931
16814,5157.618021361186
16815,9655.458194967503
16816,5446.895787510997
16817,5625.336605876124
16818,6298.034296923442
16819,6568.113085651336
16820,6358.761908570603
16821,5744.291850647786
16822,6331.835692100495
16823,8158.865646705711
16824,6487.0436536581765
16825,6927.63145619659
16826,6311.369829752389
16827,5110.3948586989545
16828,5492.2247757249115
16829,7984.064642410087
16830,7096.536386787812
16831,5275.709464769852
16832,12836.2188408575
16833,5246.076990148124
16834,5974.192402035105
16835,5008.200022291242
16836,7592.2138911470065
16837,7390.954561255739
16838,6583.792813578874
16839,7196.478958771137
16840,6971.50885294602
16841,6097.9436108192085
16842,6666.321269202548
16843,5332.480750047798
16844,4580.663388223945
16845,5860.215154644532
16846,4442.455241435112
16847,4021.947907354092
16848,8062.072607544657
16849,18939.602805555656
16850,5872.2047366375655
16851,4318.270064989507
16852,5295.217475949864
16853,4621.554847589228
16854,6111.421476446128
16855,2883.432455638
16856,6865.277147356669
16857,6619.039993376073
16858,5904.379583510047
16859,8698.92403743424
16860,9977.63698934268
16861,6182.4795810740425
16862,4418.497452574382
16863,5425.068296539287
16864,5590.948172378056
16865,6085.726266313526
16866,7816.250026137013
16867,4692.151272228626
16868,4806.675735381762
16869,5713.9168257031315
16870,5781.505121962423
16871,5138.8343255268455
16872,6213.5602729299435
16873,4916.237248822233
16874,7140.923090377004
16875,5987.365911368444
16876,5966.980294045604
16877,4941.663419561683
16878,4969.412763675543
16879,6031.7925251877605
16880,4442.173170491243
16881,6758.3131888455355
16882,5569.490157456429
16883,4217.733012559273
16884,6697.126611166737
16885,5630.147129608728
16886,5403.888638637026
16887,5213.002339161654
16888,6035.310230818067
16889,6604.554619770273
16890,5997.33104328871
16891,6201.590986750309
16892,4938.870018185371
16893,4604.327325999001
16894,7337.92977417503
16895,6514.3686431522065
16896,5232.1996805289555
16897,5908.791407114067
16898,9463.241096121264
16899,7322.870469437108
16900,4999.533709539608
16901,5293.81507449859
16902,6221.0713835512215
16903,6684.5802796397675
16904,6199.888759176691
16905,7549.382674285841
16906,6008.0715597756525
16907,5951.070203622634
16908,4412.622247714357
16909,3073.5158761627567
16910,5240.653532584367
16911,16340.631281415075
16912,3519.8752184220602
16913,4934.755780507372
16914,6958.44800302636
16915,7515.305626476142
16916,5993.242216884474
16917,6966.821222360637
16918,5131.421517550348
16919,6324.035700272894
16920,5316.687202349404
16921,5785.394008595524
16922,4609.040129062046
16923,5321.434936334266
16924,6330.905950673965
16925,4632.517584123866
16926,7231.48086961014
16927,6750.353358919321
16928,4684.419912508702
16929,6230.845463200682
16930,5637.739106668568
16931,3562.0573686995067
16932,6920.67203390965
16933,5831.698344723606
16934,5267.004618517518
16935,8146.213621108941
16936,6754.65388490615
16937,6480.002135052781
16938,5117.6550465148875
16939,4880.507093867652
16940,5159.141542078036
16941,3875.0435109724654
16942,6142.144448113664
16943,4121.47571754262
16944,6149.0998528808905
16945,4727.213493910028
16946,6783.330219759
16947,4789.19860691786
16948,5591.353266991764
16949,5745.434669191849
16950,7148.761724915295
16951,5079.861413962533
16952,6989.516726694046
16953,5719.04342334491
16954,5739.507254334139
16955,6327.085563195478
16956,7325.673487770649
16957,5643.145682610191
16958,6558.609233503586
16959,6210.221960265332
16960,5190.8199348881335
16961,8317.443592006905
16962,6585.377331043221
16963,7213.785579619825
16964,7852.317467284127
16965,8118.044543568452
16966,3904.5881766384746
16967,7372.398039144883
16968,6653.060767580216
16969,7247.508894028443
16970,6317.980374232942
16971,7089.927757421647
16972,7096.57825393938
16973,4672.448806263486
16974,5193.285630004672
16975,4663.854856184163
16976,6182.014827081685
16977,6396.998163704402
16978,4894.353738504097
16979,5452.041418682135
16980,6878.300628132852
16981,5835.943597384233
16982,6819.0890469225005
16983,5817.832419911373
16984,7135.522635200138
16985,4706.626902939604
16986,5306.175691750236
16987,5940.04517312847
16988,4411.823592678622
16989,5843.506864862988
16990,7052.887190853798
16991,5565.701367170966
16992,5821.55077069392
16993,3519.6781131681896
16994,6721.885079444354
16995,5966.074261332939
16996,7837.846306412073
16997,5429.374654983575
16998,3211.631974707701
16999,5635.355417469901
17000,7654.5865483656025
17002,6981.607564040285
17003,6673.760658615711
17004,6454.80718488842
17005,5475.7096890767125
17006,3232.4844483957904
17007,5865.412737903278
17008,6623.761126329426
17009,6176.975893623087
17010,6719.775665100093
17011,7114.550777235982
17012,5148.052120490699
17013,6316.945748046059
17014,3749.361883935022
17015,2541.4023475590707
17016,6579.313627381674
17017,9564.696391725387
17018,5951.49787117302
17019,5294.70616098036
17020,4073.8861555053036
17021,5102.7314224928205
17022,8301.354544093669
17023,5245.328465436223
17024,6879.24254792828
17025,4468.0841738490135
17026,4378.454228967829
17027,4705.043771843953
17028,5074.401938156832
17029,4621.348804510053
17030,4371.678317746886
17031,6379.668330543871
17032,3909.409432844136
17033,6976.125051745259
17034,5395.751061842421
17035,6238.5010876489605
17036,5224.806305971363
17037,6773.309819736326
17038,5262.782653025187
17039,4703.335276521208
17040,6985.513116518658
17041,5814.728877725395
17042,6957.577063883556
17043,2905.0336064080666
17044,8509.473243914317
17045,6283.773070101177
17046,5759.355239648733
17047,6920.940794817025
17048,8792.021721276382
17049,6507.9300618795705
17050,6319.115687585255
17051,5536.348965865333
17052,7791.564872985237
17053,10920.15764066732
17054,4544.857663512736
17055,5861.585868275129
17056,5927.558177967913
17057,7090.633664936997
17058,6229.651298781513
17059,8036.811083999965
17060,6961.311184161007
17061,6402.9279082053845
17062,4116.551683709343
17063,6639.357476690936
17064,5944.2552352409175
17065,4524.714557489377
17066,6600.734922424906
17067,4194.123387317351
17068,6556.550904784296
17069,6086.431056326889
17070,5435.719390380272
17071,7047.718814722403
17072,4875.291679171396
17073,6066.703824365955
17074,6857.693598650498
17075,6437.664743401078
17076,7541.951948522783
17077,5422.2266071539725
17078,6951.518723362729
17079,5871.976813239794
17080,6011.440009655371
17081,7368.434205456538
17082,4014.2537097132163
17083,6992.870787395593
17084,6614.097411119537
17085,5462.95627901192
17086,7098.805626665567
17087,4676.499616060015
17088,5520.774847070422
17089,5949.949507372978
17090,3586.8371034677307
17091,3313.456684191471
17092,6467.621566105313
17093,6375.933519124545
17094,8649.688768425813
17095,5411.7281368681815
17096,5465.54915062759
17097,5107.019751344136
17098,6578.678756311048
17099,4390.599486083441
17100,9286.336624557583
17101,6731.605633559252
17102,12476.650380520947
17103,6161.698434176328
17104,4969.307608564787
17105,8876.62357628597
17106,7281.667054797484
17107,4336.323044624127
17108,8299.287080927954
17109,6462.167811407888
17110,5451.099315707343
17111,5329.0505171012865
17112,4913.06453583425
17113,4148.202823099072
17114,4649.192589584317
17115,5249.549536622777
17116,3705.3730267185956
17117,8569.075153667063
17118,5974.4168836827075
17119,22596.675254893777
17120,7690.241263220353
17121,4986.768103225215
17122,6378.1739452709335
17123,7852.459432884119
17124,5562.655296418714
17125,6354.239432735486
17126,5301.471609861212
17127,7055.633456115753
17128,7180.06928002078
17129,4459.961758222275
17130,5397.395780484838
17131,6856.540947689831
17132,6898.957349072634
17133,6531.992905655876
17134,7311.857566098716
17135,5778.915349832305
17136,4786.566645705506
17137,5742.343603854915
17138,8443.961207535012
17139,8787.269596305487
17140,8042.235623719594
17141,7178.220831076902
17142,4682.635154189907
17143,6563.898878583088
17144,4486.937270242132
17145,8603.70650020023
17146,7790.136937090663
17147,8008.4157318254875
17148,5976.545890607135
17149,4452.769770187397
17150,4801.118492760174
17151,6062.022792423549
17152,9153.494009053225
17153,6211.093724332535
17154,5448.145500658503
17155,4930.888612709939
17156,7400.611344099506
17157,5587.490295387474
17158,6799.773838524986
17159,5222.924405261674
17160,6492.898515096558
17161,6983.237391294905
17162,5701.241232825678
17163,6992.845440351198
17164,6008.557203258582
17165,5798.659376571889
17166,5632.656079976253
17167,6795.097800976304
17168,9252.850039252973
17169,6174.644486383541
17170,7070.9362081626105
17171,7388.992363495327
17172,7933.696939349839
17173,7056.245123843547
17174,8036.780127727392
17175,4771.32780714826
17176,6526.376952920068
17177,6197.421950172086
17178,6173.853734375778
17179,7939.993466695088
17180,7640.064284440171
17181,5406.43635495544
17182,6424.113033066681
17183,6674.8429449123705
17184,7796.247943907628
17185,5512.623424049769
17186,9533.162216169283
17187,4572.520810522029
17188,6339.843483920574
17189,6739.117917396136
17190,5654.614664097758
17191,5709.364338793109
17192,6341.665379431808
17193,6776.657080997649
17194,5326.557766203466
17195,5957.369282255419
17196,7133.02965186518
17197,6673.354536928911
17198,6353.159265803156
17199,5331.372544196712
17200,6060.83257918475
17201,7192.936239816008
17202,6511.485777252388
17203,5544.887053910408
17204,7276.976144152918
17205,6059.810513286664
17206,6915.975686262656
17207,7498.463237632779
17208,6048.13973646172
17209,6934.285712590086
17210,6517.076330400195
17211,6033.508353226263
17212,6383.034669112355
17213,5795.719296148137
17214,5636.6820193027115
17215,5166.923718641732
17216,6400.792255503475
17217,6206.457877787932
17218,4944.445719308819
17219,5185.57381855175
17220,6218.486972184846
17221,5934.194055161101
17222,5737.248013941176
17223,7604.866965842118
17224,5737.208310061188
17225,6294.972013120389
17226,5796.452523914575
17227,5280.9873971760535
17228,6023.531028898496
17229,7230.023870958305
17230,6494.009242388236
17231,7662.09537135856
17232,7279.886868665699
17233,5724.260053185153
17234,7774.96993342157
17235,6343.6846725547475
17236,6341.320124741672
17237,7714.176670290697
17238,6051.116712773326
17239,7345.580842828734
17240,7251.370239942309
17241,6388.285559817311
17242,6013.394013025294
17243,6853.1097270372275
17244,7121.381165735846
17245,5160.912175499707
17246,5320.03802457544
17247,5992.170129064174
17248,6350.288172501888
17249,6647.253337693449
17250,5065.7125186934745
17251,6638.4627305868835
17252,7102.524854772934
17253,5790.498573356585
17254,6455.161123816648
17255,5695.104214943539
17256,7345.628189279058
17257,6547.464429775668
17258,5722.536612329947
17259,5739.861627806135
17260,5968.309054275499
17261,7271.7067294403805
17262,5176.602605077799
17263,6017.116772553831
17264,5113.581663945762
17265,7830.218634046981
17266,6297.2817994544475
17267,6664.793786232834
17268,8672.561389595952
17269,5813.979107185586
17270,5771.40500876403
17271,11537.60686191941
17272,6331.584023844584
17273,6383.289288771599
17274,6635.390990810019
17275,5986.151672753613
17276,6899.448267127092
17277,5375.152743235971
17278,6377.00825100343
17279,6944.999387736455
17280,5517.955638599155
17281,4668.538147717756
17282,5752.623136444878
17283,7736.075836307884
17284,8149.19668400064
17285,5719.030021451715
17286,6036.135814383337
17287,6005.929368303832
17288,5425.299162622779
17289,4379.124749718747
17290,5334.73294514782
17291,6116.399198189584
17292,6288.859319560813
17293,6443.116282140643
17294,6072.980875999294
17295,7610.792596553651
17296,8063.346583968018
17297,7121.29287787929
17298,6427.047017376641
17299,7625.14605035369
17300,8019.605037181456
17301,5797.870303849359
17302,6558.751839705352
17303,6407.799883809433
17304,6966.393994798433
17305,5172.724258056702
17306,6113.096067014587
17307,5158.941855825621
17308,8259.14661949946
17309,6434.108411898051
17310,7910.461980374399
17311,8243.76047246875
17312,5708.201753040058
17313,6585.395662402658
17314,14603.876603966806
17315,9194.684266945234
17316,5927.39234758544
17317,4136.651828744845
17318,7031.154504252353
17319,8606.635594481146
17320,5642.8506245490435
17321,10796.704872507575
17322,16834.157784661118
17323,5299.294975227485
17324,5683.536157352864
17325,6783.763058167676
17326,5234.630849142391
17327,8427.964908309219
17328,5891.821547180301
17329,6987.940144732546
17330,4796.429079173723
17331,7185.410690959519
17332,7183.004587501735
17333,6641.647176258224
17334,7449.341049632502
17335,6400.61311576752
17336,6875.784623065378
17337,6727.627864723617
17338,5814.367781263206
17339,5894.768423236541
17340,7416.310002926162
17341,5217.736699623167
17342,5947.201210758973
17343,6128.586693048426
17344,5562.136940010069
17345,5350.626728513589
17346,6270.707955835139
17347,5650.728725384942
17348,7231.803809896648
17349,6720.374416950924
17350,6862.4599882503235
17351,5864.648328780373
17352,5516.491070160986
17353,5861.817184374811
17354,6651.473892846514
17355,5911.152454122357
17356,5974.550847291612
17357,7055.18124695927
17358,6255.809702310077
17359,7136.5369793854115
17360,7201.790157383751
17361,6459.6790245112925
17362,5242.982712944449
17363,5128.203886590163
17364,7492.435470456562
17365,6015.122585731557
17366,6404.037055676262
17367,12783.270430946543
17368,6778.16399740848
17369,7314.169775676912
17370,4668.923087820778
17371,5378.592893451973
17372,5647.6254032048155
17373,5167.032310874006
17374,5966.139936053403
17375,7477.758214191426
17376,5758.562799231619
17377,11216.40902659947
17378,10922.033014200464
17379,5989.076229506849
17380,7106.074684129335
17381,5368.033387810519
17382,6873.745555083177
17383,6550.0565965155865
17384,9851.75164775849
17385,7154.776063103387
17386,7687.712230751771
17387,5810.062995990382
17388,6994.576499101456
17389,5812.1212907198715
17390,7384.723161179884
17391,6250.229161706151
17392,6248.709222502514
17393,6670.432447698905
17394,6163.280568331498
17395,7691.375517469403
17396,7963.466541328865
17397,6339.731535196369
17398,7693.147055306652
17399,6950.960810350203
17400,9789.074617423901
17401,4723.507536057076
17402,5261.114070129179
17403,7034.120947104361
17404,7597.1833450785125
17405,6793.797857426613
17406,6626.951848264089
17407,7074.963332566198
17408,7734.125444362534
17409,5807.331809923559
17410,7052.606001853764
17411,6855.179575215749
17412,5477.422398957565
17413,11403.676550294216
17414,13922.84645846698
17415,6443.713122803055
17416,6676.355089290625
17417,7311.025192840966
17418,7457.707702819828
17419,8158.975073406999
17420,5356.3245837607865
17421,6335.690961256519
17422,7141.544119612111
17423,7166.068206854841
17424,4851.896379724591
17425,5745.60473242662
17426,5578.434279742586
17427,5671.84129645992
17428,7039.07115555536
17429,4882.123741204068
17430,4899.630907556764
17431,6376.470097988887
17432,5116.576576151844
17433,4578.334952168609
17434,5531.311268130389
17435,5897.523666990681
17436,7593.6378102527415
17437,7699.115894935022
17438,7874.506598579042
17439,6197.00616750308
17440,6752.005601509017
17441,9080.954939654745
17442,7105.057770140628
17443,5292.751165669679
17444,6328.672357137463
17445,8182.2237402598785
17446,6119.414811272363
17447,7203.903981269965
17448,6120.479811206835
17449,5681.61123305474
17450,7067.085330623829
17451,5926.958959535799
17452,6059.0765406686205
17453,7357.598780510563
17454,8045.8156850906125
17455,10461.970079458608
17456,5652.780176359524
17457,8033.156935485191
17458,5122.8102280890425
17459,5243.6878914989675
17460,6097.81654811582
17461,4634.228883886633
17462,6841.441860860674
17463,5597.398522958964
17464,6769.617824283188
17465,6993.937230923727
17466,9976.848926885687
17467,7555.339115406766
17468,5806.883755076687
17469,6072.739207080218
17470,8288.821044902754
17471,7015.283935405773
17472,8076.814682247108
17473,5880.6638462224555
17474,6337.404510048018
17475,6910.106207726072
17476,5871.62970497582
17477,6359.61187357785
17478,6976.982462689866
17479,6908.651343289455
17480,10172.795723449897
17481,6967.864866903779
17482,10728.15843527384
17483,5901.025227315788
17484,7368.2788682164755
17485,4721.228175881336
17486,6552.280244171023
17487,5980.673930557873
17488,6010.613385348897
17489,6876.610179026871
17490,6372.785668871038
17491,5147.948721909402
17492,6657.674227546901
17493,6344.255050590933
17494,6931.9671351090865
17495,6401.397291882299
17496,6203.073278340731
17497,7135.254876503447
17498,6257.5609879735575
17499,7669.414653846676
17500,6277.644905080178
17501,5603.755239222284
17502,5885.576585317782
17503,6825.055051192862
17504,9019.353913590277
17505,7584.967848040031
17506,5580.437104403945
17507,6335.126691293545
17508,7200.664411260538
17509,6909.124920824718
17510,5924.3216717786645
17511,7057.790892416407
17512,6075.798089234246
17513,5482.363693119639
17514,6798.752993573051
17515,7203.621391702115
17516,5982.3364544844235
17517,6276.827803765618
17518,6480.675238980522
17519,6486.137632242116
17520,5622.06427884757
17521,5171.251578260716
17522,7201.362095732781
17523,7280.694150646878
17524,7465.004807694735
17525,9194.75295726088
17526,7124.465688302122
17527,5899.495024622126
17528,6871.239082014536
17529,9311.438906367397
17530,7279.215283335629
17531,6184.547768097363
17532,6600.197027263462
17533,6471.103779534266
17534,5564.865474389165
17535,5758.642773827945
17536,8529.636378249796
17537,6374.805264543619
17538,7453.49608409275
17539,6005.5625651720875
17540,3613.442162622641
17541,9669.924703633886
17542,6445.07874242897
17543,5757.026883614845
17544,5348.823303557454
17545,5875.2950520175455
17546,6459.175743919079
17547,6035.133122921042
17548,5988.701221432435
17549,7079.906320242738
17550,4792.504679368668
17551,4771.372271335021
17552,4976.738181559509
17553,7612.351981703638
17554,14626.317326808503
17555,5452.411491119511
17556,6071.99225145781
17557,7364.323248024315
17558,5402.835658000351
17559,5456.681643342704
17560,5825.867901495655
17561,5150.527715310347
17562,7084.500656515672
17563,7171.423108054251
17564,4226.6468759573545
17565,6439.829985091518
17566,5002.575786064097
17567,5472.948768212925
17568,6633.43147185982
17569,7273.551256770251
17570,9152.40294152388
17571,6021.597980421749
17572,5875.58833317319
17573,5010.950454768925
17574,6652.315501387806
17575,13552.481214860934
17576,7958.857617007229
17577,6818.465482472162
17578,5105.806030994242
17579,6002.2228479279265
17580,5744.764483362303
17581,5519.907321629226
17582,8064.537915806743
17583,5602.015480686563
17584,6301.786576531285
17585,6968.245001377418
17586,5685.134281830113
17587,5427.821424455611
17588,5308.742550975564
17589,6560.394576253453
17590,6112.80547050881
17591,5505.314209182701
17592,5739.86893628388
17593,6840.3860437272115
17594,7162.314090963159
17595,7505.737700017555
17596,7011.462855330323
17597,4748.162521142731
17598,7450.073208471618
17599,5754.057778664751
17600,5044.5141586233
17601,6146.4893038568225
17602,7163.277145914404
17603,5884.731497813548
17604,7240.773523228086
17605,6318.508373604046
17606,6591.625036344416
17607,6049.383864869661
17608,6046.880708021775
17609,5942.7498366312775
17610,5299.144658614795
17611,6981.785220073576
17612,5905.285000291785
17613,5175.921422760416
17614,8086.660184104076
17615,5407.485642127979
17616,5282.214589035081
17617,6563.857194552151
17618,8084.813240470585
17619,9119.156633564451
17620,5780.987972822068
17621,6481.993568557533
17622,5398.938859110029
17623,6500.68869864427
17624,5944.278796203916
17625,7751.031434850617
17626,4224.624338848932
17627,6155.743069057679
17628,6346.126149492756
17629,5190.792296307298
17630,4695.473698176824
17631,6655.904001796989
17632,6396.702812887904
17633,6319.292140285895
17634,7455.448002829084
17635,6832.154791732965
17636,7737.519575282495
17637,5069.705817286278
17638,5760.309368959854
17639,6282.559915621875
17640,6613.703706830208
17641,7622.0687758928325
17642,4606.870066612946
17643,8146.659163323773
17644,6493.648142736352
17645,6743.325058965461
17646,5437.005232867693
17647,4329.575678416143
17648,6220.503850854181
17649,5861.113279660936
17650,7457.1249594863475
17651,6008.658915167938
17652,5806.276255077837
17653,7538.299601156395
17654,5746.28506706152
17655,6075.5568833493935
17656,7135.42580605635
17657,5640.361235523522
17658,7579.411138249827
17659,8642.871346754144
17660,6708.253549565224
17661,4823.094153317966
17662,5096.5563202465955
17663,4680.60292685315
17664,4159.510435224729
17665,6991.279541987652
17666,6312.518043221945
17667,7472.99954298373
17668,5020.629656822881
17669,6171.421526206203
17670,6037.045858061525
17671,9891.679170302448
17672,5449.216828041093
17673,5645.207069013879
17674,6475.6899562954895
17675,7413.790202526961
17676,6303.246511147523
17677,6608.866646052952
17678,7099.5625414589485
17679,8242.341766822048
17680,6463.432942367183
17681,7050.7834407449645
17682,6478.918948086884
17683,5995.844486449045
17684,5702.6556572120035
17685,8078.553421807252
17686,7994.461107947403
17687,6572.425110147505
17688,12972.564666810575
17689,5796.744691015883
17690,5976.513442565201
17691,5730.0222288614705
17692,7715.365875695381
17693,7393.275601785835
17694,6575.00007156542
17695,7046.217993737994
17696,7094.660837494394
17697,5943.090803684561
17698,6639.9791045814345
17699,5444.518952052622
17700,5821.397782935022
17701,5880.085617782287
17702,5520.96983563431
17703,4825.531936839603
17704,8156.561386941822
17705,15900.280043961222
17706,6630.643326995911
17707,5752.998167757822
17708,6282.777290647198
17709,4623.875888119324
17710,6262.570051831725
17711,3901.1506893565206
17712,7922.808517063743
17713,6621.361033906169
17714,6718.5547332257065
17715,9466.650886792699
17716,10337.195863073204
17717,6874.506456254296
17718,6090.155811624043
17719,5548.220281087662
17720,5960.746723616967
17721,6736.867247475755
17722,7818.571066667109
17723,4804.18947423345
17724,4808.996775911858
17725,5940.254890589844
17726,5783.826162492519
17727,6014.527758256107
17728,6310.780505657229
17729,5674.675839180578
17730,6802.9614171809235
17731,7045.230438876987
17732,6382.730729055244
17733,5082.364826717717
17734,5110.114170831576
17735,7007.197786132869
17736,4580.503609429659
17737,7637.582723222159
17738,5560.6974154429745
17739,4749.401599367847
17740,7302.466483180369
17741,5650.017592746483
17742,5406.209679167122
17743,5872.570691730466
17744,6051.8479308263195
17745,7541.588203260538
17746,7229.284033804666
17747,6175.248822129195
17748,5405.90040763901
17749,5577.017949188128
17750,7355.0353211838365
17751,6637.520627700581
17752,5252.0701436667105
17753,6445.984595257299
17754,9359.509009788992
17755,6913.038695125805
17756,6316.181115265356
17757,7083.767491907904
17758,6242.82778483976
17759,7563.849814016391
17760,6160.5769021972155
17761,8662.337193075293
17762,5970.105584960232
17763,5953.39124415273
17764,5239.5496542271885
17765,4514.9790976446575
17766,6036.579365311725
17767,16342.95232194518
17768,4558.801828657168
17769,5124.7467189511235
17770,7837.717537402984
17771,7553.343539086197
17772,6471.71123625653
17773,6969.142262890733
17774,5272.122924706381
17775,6248.54923933116
17776,5336.557665487159
17777,6778.164151443104
17778,5375.29521850226
17779,6350.636258691599
17780,6350.77641381172
17781,4903.98839709144
17782,7306.170669625024
17783,6844.842138316486
17784,4686.740953038798
17785,6960.620848407817
17786,7258.211795741218
17787,4187.204707376812
17788,7043.8240184580245
17789,5825.637056040272
17790,5446.874043369673
17791,8148.534661639037
17792,6756.974925436246
17793,7140.24621149228
17794,6054.688630005153
17795,5038.493282808993
17796,6360.090847332419
17797,4359.886303838843
17798,6900.583038472008
17799,4817.3661722917595
17800,6418.327654640692
17801,5785.078021418571
17802,6785.651260289096
17803,5615.901466884207
17804,6595.421733088082
17805,6211.783597937497
17806,7139.968982901841
17807,6016.894997452798
17808,7451.786715930394
17809,6153.7822994340295
17810,6510.602262614868
17811,7085.5241535538225
17812,7499.803037648087
17813,5619.534971319198
17814,6689.945837894349
17815,6939.997345472468
17816,4948.351800014069
17817,8291.101427385795
17818,6559.035166422107
17819,7547.848711117318
17820,8222.116018523036
17821,8280.84411661594
17822,4761.374599237359
17823,7908.474179713001
17824,7873.572446737479
17825,7221.1667294073295
17826,6687.778925471853
17827,7063.585592800533
17828,6822.359906566321
17829,5443.543814544215
17830,6222.486952362006
17831,5430.1099456243755
17832,6010.486396397112
17833,6537.699570860435
17834,5923.55506086143
17835,5471.91188181989
17836,6972.789407530016
17837,6329.287731189267
17838,6916.309279649785
17839,6585.5592692698265
17840,6291.101619233547
17841,5347.186785774435
17842,6696.507095958095
17843,6819.314707505094
17844,5636.173429842976
17845,6247.264489338548
17846,6792.66287561381
17847,6561.312740949058
17848,5962.252177849953
17849,4368.497159033322
17850,6724.20611997445
17851,6564.358798258506
17852,7829.053564398619
17853,6159.15004019071
17854,4407.1620510443745
17855,5822.639038345752
17856,7670.101430300394
17857,5659.879231635887
17858,7104.7595485886595
17859,6647.418493994597
17860,6772.325491527432
17861,5570.198468473877
17862,4271.4110586309
17863,5859.351449219944
17864,6746.9131108778
17865,6258.494980661891
17866,7261.945346651938
17867,7250.728862962102
17868,5993.444797464942
17869,7429.949127842442
17870,4394.640674670307
17871,3390.2213934242013
17872,6756.969286753722
17873,9953.54152114066
17874,6830.767405549644
17875,6352.570688488903
17876,4793.613733840965
17877,6247.836945440401
17878,8040.664747545262
17879,5386.029872592257
17880,6881.563588458376
17881,5210.731899928417
17882,4923.595748257127
17883,5477.551343497168
17884,5932.580924614642
17885,5679.213332018597
17886,5349.295684364046
17887,6353.326165922757
17888,4761.7389337631275
17889,7116.026488431841
17890,5961.006904652954
17891,6240.822128179057
17892,6282.670833479907
17893,6746.967655115212
17894,5563.375644388593
17895,5359.063930722257
17896,6933.239200076455
17897,6489.293193181105
17898,6959.898104413652
17899,4047.52111736715
17900,9292.109623791272
17901,6257.430905480063
17902,5882.5072241971075
17903,6894.598630195911
17904,8011.51886034649
17905,7166.473660935367
17906,6292.773522964141
17907,6418.672538223328
17908,7908.896415831223
17909,11018.380439089635
17910,5299.405394852088
17911,6002.287275431162
17912,6050.710162516288
17913,7380.36821945052
17914,6433.695344163473
17915,7733.2833125572415
17916,7619.4411769458175
17917,6176.547990740349
17918,5148.484459396797
17919,5995.115529042103
17920,7698.158921043021
17921,5411.800590947866
17922,6574.392757803792
17923,4827.840174638426
17924,6720.769158512519
17925,6047.119199347414
17926,6289.057172935806
17927,7981.356256480324
17928,5518.688334837004
17929,6069.0248648960505
17930,6831.351434029384
17931,6722.497178674962
17932,7653.990150527607
17933,6275.564389709507
17934,6953.839763892825
17935,5969.708730667852
17936,6890.7095440319945
17937,7712.7993007335745
17938,4784.327276921874
17939,8050.735314904136
17940,6587.755246498424
17941,5465.277319542016
17942,7041.944347078433
17943,5672.685510449103
17944,6878.2508611059875
17945,6674.940927877892
17946,3941.5119828314623
17947,4458.562207139052
17948,6469.942606635409
17949,7626.891781755426
17950,8668.860158816915
17951,5388.117425577188
17952,5868.073226635625
17953,5926.173651219751
17954,6552.336591689935
17955,5419.800808440775
17956,9398.374826562413
17957,7577.370577220748
17958,10747.628006727064
17959,5476.381455577163
17960,5676.768815899754
17961,8892.138458220767
17962,7739.983984668081
17963,5172.1628229188345
17964,8355.912176507287
17965,6032.390005240252
17966,5249.501469231642
17967,5199.599152128776
17968,4789.249857200594
17969,5208.543631870373
17970,5363.736822567184
17971,5240.756794609322
17972,4682.990393335757
17973,8634.434521622648
17974,6846.160733826673
17975,21783.779632718113
17976,6654.238167228773
17977,4375.669375333852
17978,5531.045020646819
17979,7324.573890614917
17980,5166.9587782037925
17981,5790.537972512314
17982,4830.908156178955
17983,6729.166892798138
17984,6609.215297903151
17985,3959.6519308541524
17986,4879.86545321754
17987,5774.246322941317
17988,6434.556342446013
17989,5984.49114868738
17990,6649.296690167521
17991,5006.882050208873
17992,4340.268084692632
17993,5124.576354530709
17994,7927.382903994143
17995,8091.12189959799
17996,7636.002227283881
17997,6232.752108328844
17998,3913.3471110834403
17999,5729.935723651536
18000,4028.271982190116
18001,7947.656337928882
18002,6920.84461742294
18003,7729.534558342254
18004,5170.7073409762515
18005,3805.294371307988
18006,4310.737969567829
18007,5212.976031514336
18008,8030.3041775383135
18009,5429.4343172668305
18010,4604.961322851471
18011,4201.123904422594
18012,6372.665723438274
18013,4893.956413278176
18014,5954.479951802095
18015,4232.195207964107
18016,5585.094567510537
18017,6033.347578139619
18018,4956.179316491403
18019,5820.456306031634
18020,5380.439527013737
18021,4692.280767867968
18022,4910.488632335121
18023,5850.7188765806295
18024,8233.233601427548
18025,5513.816023336115
18026,6394.663926697293
18027,6515.584408171051
18028,7040.46628696822
18029,6231.607345113767
18030,7149.732973880503
18031,4087.824471074765
18032,5738.571650854838
18033,5530.67284220367
18034,5196.8161347704645
18035,7065.319104011802
18036,6521.00908099389
18037,4783.56936091086
18038,5825.2493759358385
18039,6200.916134059081
18040,7033.540861897758
18041,4710.417089103815
18042,9469.051798826407
18043,4023.154551441378
18044,5908.181948404193
18045,6194.415742087849
18046,4985.995239914059
18047,5058.226398296546
18048,5431.511150401192
18049,5928.924122213585
18050,4044.727792138056
18051,4688.422223582207
18052,6390.959014932099
18053,5664.265465943813
18054,5818.401869696424
18055,4743.123991845955
18056,5617.291055623969
18057,6497.7965137570845
18058,5908.6169660949045
18059,4925.483152361958
18060,6368.569942514362
18061,5616.268989725883
18062,5997.654814640327
18063,6622.023509104513
18064,5462.236778460932
18065,6125.063322394558
18066,5935.738009664439
18067,5307.47027894471
18068,5763.630767563905
18069,5306.929839352527
18070,4833.096964737597
18071,4395.528100833328
18072,5315.4281755274305
18073,5664.656075881296
18074,4242.913212632652
18075,4149.645478144561
18076,5364.402673309002
18077,5141.2119473441535
18078,5224.00621254519
18079,7207.187092392696
18080,5336.642454079333
18081,5798.78848292215
18082,4970.456603164837
18083,4792.197940380444
18084,5277.687664360054
18085,6704.901362505819
18086,5907.320302336831
18087,6693.819506371375
18088,6418.664452123877
18089,4959.205642130583
18090,7020.609604678667
18091,5826.261650227302
18092,5695.9947785123795
18093,6987.274655524912
18094,5328.57382246674
18095,6621.8810876529715
18096,6317.020569092003
18097,5719.223026662915
18098,5048.12369615135
18099,6129.409971861467
18100,6061.837416944427
18101,4673.155608934968
18102,4731.286777417186
18103,5079.3661882505
18104,5949.473003466621
18105,5835.589947029345
18106,4167.741144481354
18107,6099.509217837713
18108,6584.126234758255
18109,5266.004171145574
18110,5735.466522667527
18111,5156.150702194367
18112,6801.941390376551
18113,5816.540693609974
18114,5127.843334095382
18115,4601.110685741861
18116,5567.49388524023
18117,6293.029606633195
18118,4882.536913452995
18119,5491.994264101344
18120,4323.7479391550105
18121,7173.73271777213
18122,6009.528176755354
18123,6302.587435339243
18124,7633.675187294425
18125,5437.057321147191
18126,4735.4443521799985
18127,10339.356720186388
18128,5215.017230602247
18129,5275.059090583262
18130,6048.228259901126
18131,4866.718420917315
18132,6076.473542838498
18133,4981.298262492363
18134,5884.1636558075825
18135,6544.184218701186
18136,5086.262404455446
18137,3764.7739841074313
18138,5180.551182740777
18139,6285.593336825704
18140,7163.068546798201
18141,5167.007755132157
18142,5170.670434603533
18143,5332.953828925839
18144,4805.653465459834
18145,3822.0105303965615
18146,4988.608006117076
18147,5211.0768390482235
18148,5267.030505053705
18149,6208.859013867114
18150,5698.222371436715
18151,6344.877702278094
18152,6910.887169427977
18153,6169.921549597917
18154,5485.810828218532
18155,6847.624574224191
18156,6911.339017689117
18157,5295.242133136206
18158,5856.580690014885
18159,5444.690904487911
18160,6003.285015476912
18161,4303.0009742399525
18162,5365.643171815727
18163,4139.434272028075
18164,7753.0887410343585
18165,5520.784520202045
18166,6658.8862484471365
18167,7463.646898881708
18168,4802.879393898697
18169,5843.020490392044
18170,13431.67546007456
18171,8309.708567753247
18172,4949.855617165991
18173,3351.6587171640826
18174,5557.328172386608
18175,7692.474445502198
18176,5166.517210370853
18177,10555.425194359923
18178,16168.396356039557
18179,5062.446594660432
18180,4966.23304663652
18181,6166.9075280102315
18182,4596.596408921245
18183,7449.118231261898
18184,5291.808899826368
18185,6328.497234504023
18186,3952.5000792225273
18187,6663.798871326023
18188,6134.089291338471
18189,6056.085764796365
18190,6516.649562445634
18191,5221.693819779268
18192,5923.495787466959
18193,6164.521834444084
18194,5072.492484688913
18195,5448.07705461434
18196,6765.429863178972
18197,4408.068475772117
18198,5152.529105297285
18199,5503.820742974659
18200,5068.496126136256
18201,4761.019812740853
18202,5742.567167768978
18203,5178.618401932855
18204,6497.923858789788
18205,5781.575039110264
18206,6009.916264281969
18207,4704.518946863902
18208,4179.121537353016
18209,5140.973593002597
18210,6105.530184923001
18211,4818.874970991518
18212,5420.1153026904885
18213,6482.531265882453
18214,5499.904280746763
18215,6433.801053029641
18216,6752.149528358641
18217,5724.190646599763
18218,4520.530282557342
18219,4508.799985041712
18220,6683.08456579757
18221,5173.811561307375
18222,5985.073959247079
18223,11658.901787980183
18224,5776.719570676377
18225,6202.524197750546
18226,3547.203503166438
18227,4589.256697638145
18228,5057.418537982105
18229,4674.187715678158
18230,5449.416776657938
18231,7025.125964397904
18232,4591.219883175504
18233,10776.337029475219
18234,10755.013356011023
18235,5046.012141355454
18236,6457.787767758744
18237,4863.128960837325
18238,6305.003970895262
18239,5950.3987804278595
18240,8911.837422895096
18241,6180.343309176672
18242,6540.388525110216
18243,5308.181125887665
18244,6305.003970895262
18245,4906.052321592214
18246,6728.289965780261
18247,5477.7243717178635
18248,5534.089262550009
18249,5738.063130562914
18250,5607.064519585002
18251,6710.372060177282
18252,7428.201975840247
18253,5248.321164281974
18254,7095.4951246885
18255,6079.3635522937875
18256,8808.328658429755
18257,4197.5123041565585
18258,4581.836725288084
18259,6054.511065167636
18260,6880.312625822567
18261,5907.751501185356
18262,5607.97349908534
18263,6004.264821615115
18264,6487.561343936986
18265,4926.601794550669
18266,6327.01595680256
18267,6169.830137735656
18268,4828.596842145021
18269,11235.39850048677
18270,13122.415568079616
18271,5946.929772079582
18272,6013.782040320636
18273,6702.67854779887
18274,7162.655190087675
18275,7750.471472665077
18276,4771.256939962799
18277,5755.791361122676
18278,6125.989409705778
18279,6513.464490104879
18280,4115.060019661029
18281,4974.608473953973
18282,4504.247680489905
18283,5203.956414483342
18284,6376.521945089078
18285,4398.9818783423525
18286,4297.217885819015
18287,5448.064036432327
18288,4525.012460999522
18289,3940.4970297582836
18290,4544.167484331446
18291,5098.502809220603
18292,6802.508698465143
18293,6739.9720540324115
18294,7460.526765607552
18295,5143.161047065737
18296,6077.856830093603
18297,8383.928623693264
18298,6359.261624091478
18299,4690.338143931929
18300,5346.748231884883
18301,7238.050942117943
18302,5529.587667451405
18303,6092.274418867297
18304,5151.551432096329
18305,5095.332927350891
18306,6454.595296626444
18307,5133.149277616397
18308,4972.558544563282
18309,6453.542691406478
18310,7033.230784368336
18311,10191.944667971855
18312,5115.451511391998
18313,7539.759436155607
18314,4618.493638738648
18315,4555.712126968438
18316,5219.6999131665625
18317,3968.302583350203
18318,6135.20390427055
18319,4954.771343389264
18320,6378.555790186429
18321,6421.544294148379
18322,9429.58112089006
18323,6786.329806823498
18324,5224.306996763701
18325,5414.249799674682
18326,7729.7907585351695
18327,6118.478348090952
18328,7323.361380196359
18329,5049.30946438994
18330,5661.378190986474
18331,6455.005585406675
18332,4816.482755324253
18333,5747.887590840605
18334,6323.573650821475
18335,6219.694876850269
18336,9514.636114464089
18337,6071.059279588958
18338,9974.705133223088
18339,5201.695909225466
18340,6395.05595252804
18341,4166.666755634086
18342,5970.545889545928
18343,5153.540827460716
18344,4975.696051386901
18345,6339.281514059344
18346,5289.536356310304
18347,4513.991915403432
18348,5676.43810188163
18349,5696.2380689434185
18350,6399.20326651378
18351,5318.147979321565
18352,5765.706243625216
18353,5910.856446030341
18354,5505.214746629636
18355,7053.865986683042
18356,5842.351885860095
18357,4576.431109780785
18358,4901.373524292058
18359,6278.460019193681
18360,8447.228772951132
18361,6684.980227889303
18362,5036.939247452474
18363,5779.196523941565
18364,6445.246921608198
18365,6231.935792501034
18366,5456.436789802086
18367,6364.440204272793
18368,5638.431054518732
18369,5215.833569110364
18370,5879.664634412319
18371,5770.253845726478
18372,5119.899467396537
18373,5717.797517398039
18374,4923.951971034778
18375,5408.567558806996
18376,5172.932778451903
18377,4384.359805108428
18378,6287.693649629842
18379,6776.842504378653
18380,6876.85386647641
18381,8219.820982526511
18382,6284.6392104265315
18383,5340.464738254548
18384,6150.286801993623
18385,8672.343927368984
18386,6680.40078267533
18387,5488.218280895588
18388,6020.468558107944
18389,5835.955904841282
18390,4987.36035666636
18391,5375.15712849583
18392,8328.634536893354
18393,5490.038855597169
18394,6857.592807184547
18395,5455.991767235457
18396,3067.8371187254456
18397,8892.95348977174
18398,5374.776290651947
18399,4805.21194005583
18400,4659.695706139942
18401,4789.38338623806
18402,5913.49821923694
18403,5692.799127447642
18404,5169.322782760073
18405,6070.797595489674
18406,3843.492824840602
18407,4185.093965631172
18408,4375.308091003941
18409,6746.099256660052
18410,15234.042575219113
18411,4473.059184462743
18412,4861.60347094665
18413,6583.697011595721
18414,4817.104128125511
18415,4542.883092500461
18416,4695.58325549313
18417,4568.793360685253
18418,6311.192728731854
18419,6162.0015050330785
18420,3760.7633589186094
18421,5710.786742776374
18422,4520.993708344625
18423,4958.284591490502
18424,5956.289962857328
18425,6414.96213657875
18426,8470.906027713512
18427,5702.073720149355
18428,5441.85785694422
18429,4184.023742005784
18430,5789.536984655768
18431,12342.024916612876
18432,6760.088208006761
18433,6005.579055551689
18434,4762.971539933201
18435,4957.5382741317235
18436,5154.646350095268
18437,4940.178852473709
18438,7717.695923802374
18439,5129.757188045868
18440,5808.28958037737
18441,5829.143208917238
18442,4884.3135396518755
18443,4845.244666142627
18444,4771.247754743413
18445,5917.955806391367
18446,5420.151951184266
18447,4905.074579828974
18448,5378.483700920506
18449,5804.794717661374
18450,6664.152897216802
18451,6693.102000402625
18452,6143.894217977543
18453,4310.795486427217
18454,6335.446805666712
18455,4947.033503693014
18456,4485.483872255723
18457,5559.645131189398
18458,6491.628079170841
18459,5282.318476075799
18460,6278.107076795389
18461,5750.211720204812
18462,5953.737518727952
18463,4889.814630026549
18464,5445.4506174662065
18465,5190.858957191421
18466,4731.5792271554
18467,6362.683737058292
18468,5209.585794795167
18469,4613.500353300523
18470,7537.796874444869
18471,4990.017836355561
18472,4177.878121953368
18473,6108.756572232752
18474,7265.434801798222
18475,8515.691517771365
18476,5380.840444658382
18477,5997.676211779286
18478,5052.853395858695
18479,5946.12727839702
18480,4863.695392876199
18481,6626.81437230839
18482,3712.9136447620704
18483,5113.244400469658
18484,5441.427486067476
18485,5161.615757110389
18486,4349.388234925489
18487,5896.857239217769
18488,5730.758198141142
18489,5768.47401756061
18490,7047.696039585897
18491,5576.288762824313
18492,6884.203639649146
18493,4161.264887391605
18494,5301.24071284429
18495,5630.494839313864
18496,6009.448335379011
18497,6968.812498321361
18498,3986.4335698634554
18499,7628.9925702961
18500,5746.57332215973
18501,5946.583508077329
18502,4887.217933535063
18503,3747.8021784754787
18504,5379.515979227916
18505,5340.134807478971
18506,6460.914706383121
18507,5312.9597096713205
18508,5251.714834830587
18509,6435.017926115614
18510,5164.550712436424
18511,5552.770672585136
18512,6859.773585582311
18513,4982.035495273093
18514,7001.816561432227
18515,7877.789545964804
18516,6066.176308671427
18517,4500.424333367656
18518,4501.3846222834245
18519,4208.959336093087
18520,3577.7760805996345
18521,6374.381904001782
18522,5473.211334466884
18523,6753.989611226096
18524,4369.966633060393
18525,5796.315482537383
18526,5539.107510766498
18527,8824.54910098984
18528,4521.9928764546
18529,4727.7240570484355
18530,5344.107145497282
18531,7082.576989959991
18532,5259.521382643007
18533,6076.659164517839
18534,6501.092564273517
18535,7709.375703734293
18536,5431.647304290326
18537,5944.718200791553
18538,5768.406581521119
18539,5558.477451733531
18540,4832.8923680551625
18541,7034.51094857721
18542,7204.798344705297
18543,5983.34135846148
18544,12962.831332335567
18545,5169.97885843654
18546,4987.335176169831
18547,5076.358320425213
18548,6542.009291155513
18549,6200.849610484137
18550,5915.234720444459
18551,6174.812232884098
18552,5988.309829948061
18553,5661.511669830737
18554,5386.846694543696
18555,4539.913268672117
18556,5156.960185415622
18557,5023.164321045332
18558,4942.431827680633
18559,4329.40075880203
18560,7003.878802756161
18561,13765.494967070612
18562,6010.7627178565035
18563,5185.616037471847
18564,5629.1133822109405
18565,3679.7268847746896
18566,5427.368503481443
18567,3222.63030363285
18568,7271.657963868994
18569,5749.593575307322
18570,6129.470981539682
18571,8868.47189905334
18572,9855.237785086743
18573,5545.607005906051
18574,5618.5122208639805
18575,4926.879419621712
18576,5527.0162473879955
18577,6262.712421902874
18578,6661.783184639977
18579,4148.343437118375
18580,3973.1809871533405
18581,5470.750774257132
18582,4975.893294492098
18583,5429.460114458119
18584,5228.899233801934
18585,5093.804251136846
18586,6003.076490543098
18587,6426.461147563683
18588,5398.978389344079
18589,4628.270059403269
18590,4260.529266344667
18591,6305.49525407086
18592,4158.835135394876
18593,6896.871170064473
18594,5275.691234662239
18595,4310.383540344426
18596,6626.310245087557
18597,4934.228430082891
18598,4412.621464331633
18599,5214.1960355369165
18600,5334.464388533932
18601,7169.20074246869
18602,6636.809499026325
18603,5468.155615610974
18604,4988.203665194267
18605,5139.650914472614
18606,6863.8295834510745
18607,5751.652283851399
18608,4539.694721908244
18609,6032.004762285808
18610,8835.864198981883
18611,6477.976683726536
18612,5748.798984979383
18613,6590.422279747789
18614,5773.323668507048
18615,6862.147281954381
18616,5717.0773226556985
18617,8143.974177723005
18618,5327.04805581311
18619,5120.264234773519
18620,4586.293376655718
18621,3431.883264821287
18622,5674.795341379661
18623,12941.353586021783
18624,3880.8057961359655
18625,4199.9065937603555
18626,7052.246582432196
18627,6340.713189660429
18628,5995.635192735817
18629,6056.413648672904
18630,4562.946369990053
18631,5108.931975852765
18632,4699.94495590267
18633,6284.81893928299
18634,4864.642606646521
18635,5719.152702817582
18636,5572.130551816252
18637,4495.24229671399
18638,6716.317621826973
18639,5718.480439024883
18640,3689.4425897823476
18641,6175.118085803095
18642,6690.829665455243
18643,3825.4206834447455
18644,5998.210454251379
18645,5079.74372611953
18646,4638.7953617041185
18647,7059.341904155541
18648,5980.536872972882
18649,6459.689926131913
18650,5544.0360181494125
18651,4266.561201027397
18652,5771.007095646394
18653,3609.487919847859
18654,6271.715072493263
18655,4163.702263855499
18656,5698.311126110815
18657,5175.296086944606
18658,5924.966901619496
18659,5141.880109818696
18660,5907.208658783829
18661,5550.567941482989
18662,6329.703594645148
18663,5373.575795581976
18664,6459.784372554921
18665,5708.69694117118
18666,5928.867907989774
18667,6455.349352232741
18668,6840.007745237771
18669,4404.193329503925
18670,6138.893281369018
18671,6375.759612297893
18672,4501.04254473439
18673,7140.723919808864
18674,5519.216563041047
18675,7023.673892263934
18676,7761.212607916222
18677,6873.335736612862
18678,4324.007564521845
18679,7256.409103404992
18680,7284.488695051454
18681,6528.9127012938425
18682,6162.275697716141
18683,6272.771349306236
18684,5636.253827756148
18685,4861.809459919119
18686,5608.310796183614
18687,4919.457333768636
18688,5575.193377177027
18689,5769.0505516588455
18690,5181.106536372381
18691,4835.988715261875
18692,5793.412162274531
18693,5769.058423326194
18694,6067.367321362955
18695,5979.310432008176
18696,5736.540198986298
18697,4822.659606281154
18698,6079.482650622236
18699,5882.292022642702
18700,5068.791299557
18701,5687.035181475474
18702,6040.45871302223
18703,6072.36175049337
18704,5332.169207923659
18705,3967.1199713920873
18706,5553.232785528104
18707,5725.39582272232
18708,7216.402569197791
18709,5591.767909904736
18710,3930.20185261969
18711,5375.727525133048
18712,7054.261551037198
18713,5188.235640875824
18714,6074.104543483446
18715,5826.76786188833
18716,6018.917200272377
18717,4410.991169266366
18718,3701.016848615959
18719,5158.954660516334
18720,5894.460677583856
18721,5641.75397074037
18722,6785.1431029324895
18723,6618.106504929631
18724,5453.380160712605
18725,6774.652651987391
18726,3976.3921352988496
18727,3150.5032346613566
18728,5812.086066138444
18729,9304.272092178919
18730,5920.039477222215
18731,5710.792940433212
18732,4256.118937608815
18733,5629.067654127096
18734,7470.652859337036
18735,4683.31776493181
18736,5893.119697039672
18737,4585.653934639775
18738,4123.290580368957
18739,5040.184308781654
18740,5428.264335264247
18741,5069.431397544631
18742,4721.341938577398
18743,5440.782534216475
18744,4260.1073693224425
18745,6614.083299024789
18746,5364.902531988406
18747,5159.58426575051
18748,5642.199920766549
18749,5925.3995156919
18750,4691.704511539753
18751,4836.457373834159
18752,6033.537515878447
18753,5859.660680872988
18754,6195.85738267629
18755,3021.072606508513
18756,8273.502697101414
18757,5091.041763071112
18758,4809.854394273006
18759,6022.469045951136
18760,7424.929027649109
18761,6599.236029334107
18762,5419.085512206185
18763,5988.414942120195
18764,7114.006801899935
18765,9985.314870988112
18766,4640.188896024549
18767,5348.263136905638
18768,5073.954258484758
18769,6766.844514340916
18770,5801.623038682163
18771,7075.043716647893
18772,6907.460987955321
18773,5474.1287607357035
18774,4409.020231027766
18775,5135.115171755206
18776,7228.760138853857
18777,4780.317035073849
18778,5566.036593717266
18779,4257.61985363715
18780,5662.138646915454
18781,5541.3046761797195
18782,5602.154211524322
18783,7582.975860864953
18784,5207.151993644872
18785,5114.752203798247
18786,5940.296139076688
18787,6037.043919754194
18788,6985.219668798095
18789,5597.64878513736
18790,6167.888467109609
18791,5207.48912715283
18792,6141.010634034969
18793,7102.47919914685
18794,4248.318053033226
18795,7419.2517590301195
18796,5770.9815636583135
18797,4416.610014109055
18798,6098.791300661698
18799,5122.629860558561
18800,5995.741165440139
18801,6109.2015741900495
18802,3371.0199930772424
18803,3725.10103948934
18804,5505.788738040925
18805,7133.546569595311
18806,8106.400173073204
18807,4514.76865508307
18808,5390.262343603651
18809,5478.749369581642
18810,5661.281296737238
18811,4693.050844632457
18812,8336.575087309213
18813,6974.797367776965
18814,10093.673327653836
18815,4764.026051022563
18816,4898.24714508148
18817,9053.071791191738
18818,7146.482512509845
18819,4459.409936499229
18820,7464.85688155459
18821,5653.579017219794
18822,4171.852741033091
18823,4516.366774156137
18824,3687.5324076512125
18825,4664.17323587722
18826,4849.429220078588
18827,4520.613711379501
18828,4078.252457266996
18829,7868.442336350741
18830,6253.876455694109
18831,18849.286196169534
18832,5599.589271984002
18833,4184.820756645845
18834,5269.89593571795
18835,7063.424805686049
18836,4905.809693274924
18837,5529.3888875834455
18838,4569.759071250087
18839,6468.01780786927
18840,6348.066212974282
18841,3698.5028459252826
18842,4618.716368288671
18843,5513.0972380124485
18844,6173.407257517145
18845,5723.342063758511
18846,6407.107021171891
18847,4745.732965280004
18848,4079.118999763764
18849,4863.427269601841
18850,7666.2338190652745
18851,7829.972814669121
18852,7374.853142355013
18853,5971.603023399975
18854,3671.1574420878105
18855,5468.786638722668
18856,3767.1228972612475
18857,7686.507253000017
18858,6659.695532494072
18859,7487.344889346623
18860,4909.558256047383
18861,3544.1452863791187
18862,4049.588884638961
18863,4951.826946585468
18864,7769.155092609445
18865,5168.285232337962
18866,4343.812237922602
18867,3939.974819493723
18868,6111.5166385094035
18869,4632.807328349308
18870,5693.330866873227
18871,3971.0461230352385
18872,5323.945482581668
18873,5772.198493210751
18874,4695.030231562535
18875,5578.266637036004
18876,5119.290442084868
18877,4431.1316829391
18878,4649.339547406253
18879,5589.569791651761
18880,7972.084516498676
18881,5252.666938407247
18882,6133.514841768425
18883,6254.435323242183
18884,6779.317202039351
18885,5970.458260184899
18886,6888.583888951634
18887,3826.675386145896
18888,5477.422565925969
18889,5269.523757274802
18890,4935.667049841595
18891,6804.170019082933
18892,6278.81941199826
18893,4522.420275981992
18894,5564.10029100697
18895,5958.7264650634515
18896,6772.39177696889
18897,4471.374351157545
18898,9207.90271389753
18899,3762.0054665125103
18900,5665.992279408561
18901,5933.266657158981
18902,4724.846154985191
18903,4797.077313367678
18904,5170.362065472324
18905,5667.775037284717
18906,3783.5787072091857
18907,4427.273138653339
18908,6129.809930003231
18909,5403.116381014945
18910,5576.212200700793
18911,4481.974906917085
18912,5356.141970695101
18913,6236.647428828216
18914,5647.467881166036
18915,4664.334067433089
18916,6107.420857585494
18917,5355.119904797015
18918,5736.505729711458
18919,6379.833840108883
18920,5201.087693532064
18921,5863.914237465689
18922,5674.588924735571
18923,5046.321194015842
18924,5502.481682635036
18925,5045.780754423658
18926,4571.947879808728
18927,4134.379015904459
18928,5054.279090598563
18929,5403.506990952427
18930,3981.7641277037815
18931,3888.496393215691
18932,5103.253588380134
18933,4880.062862415286
18934,4962.857127616321
18935,6964.997423397065
18936,5075.493369150465
18937,5537.639397993284
18938,4709.307518235969
18939,4531.048855451576
18940,5016.538579431186
18941,6443.75227757695
18942,5646.171217407963
18943,6432.670421442506
18944,6157.515367195008
18945,4698.056557201715
18946,6713.77688418827
18947,5565.112565298434
18948,5434.845693583511
18949,6726.125570596044
18950,5067.424737537872
18951,6360.732002724103
18952,6055.8714841631345
18953,5458.0739417340465
18954,4786.974611222481
18955,5868.260886932599
18956,5800.688332015558
18957,4412.006524006099
18958,4470.13769248832
18959,4818.217103321634
18960,5688.323918537752
18961,5593.400278033715
18962,3906.592059552485
18963,5838.360132908844
18964,6341.936565762626
18965,5004.855086216706
18966,5474.317437738659
18967,4895.001617265499
18968,6540.792305447682
18969,5555.391608681106
18970,4866.694249166513
18971,4339.961600812993
18972,5306.344800311362
18973,6031.880521704326
18974,4640.347244457365
18975,5230.845179172476
18976,4062.5988542261434
18977,6912.5836328432615
18978,5767.338507759725
18979,6060.3977663436135
18980,7391.485518298795
18981,5175.908236218323
18982,4474.29526725113
18983,10078.207635257517
18984,4970.246684383543
18985,5013.910005654394
18986,5787.0791749722575
18987,4624.5287519216845
18988,5815.32445790963
18989,4739.108593496732
18990,5623.014570878714
18991,6283.035133772318
18992,4825.113319526576
18993,3503.624899178563
18994,4919.402097811909
18995,6043.403667830074
18996,6920.878877802571
18997,4905.858670203289
18998,4909.521349674665
18999,5088.183282707135
19000,4544.504380530965
19001,3560.861445467693
19002,4727.458921188208
19003,4949.927754119355
19004,5005.881420124836
19005,5947.709928938246
19006,5437.073286507846
19007,6083.728617349226
19008,6649.7380844991085
19009,5908.7724646690485
19010,5224.661743289664
19011,6586.475489295322
19012,6650.189932760249
19013,5034.093048207337
19014,5595.431605086016
19015,5183.541819559043
19016,5742.135930548044
19017,4041.851889311083
19018,5104.494086886861
19019,3878.2851870992054
19020,7491.93965610549
19021,5276.013973983341
19022,6397.737163518269
19023,7202.497813952839
19024,4541.730308969829
19025,5581.871405463175
19026,13170.52637514569
19027,8048.559482824375
19028,4688.706532237121
19029,3090.5096322352147
19030,5296.179087457739
19031,7450.284776506567
19032,4905.368125441984
19033,10294.276109431052
19034,15907.247271110686
19035,4820.256925664803
19036,4724.043377640891
19037,5905.758443081363
19038,4335.447323992376
19039,7187.969146333029
19040,5030.6598148975
19041,6067.348149575155
19042,3691.350994293656
19043,6421.609202330393
19044,5872.940206409603
19045,5794.936679867496
19046,6255.500477516765
19047,4931.855148780039
19048,5662.3467025380905
19049,5922.3321654484525
19050,4830.302815693282
19051,5186.927969685472
19052,6523.240194183341
19053,4146.919390843249
19054,4891.380020368417
19055,5242.6716580457905
19056,4807.3470412073875
19057,4499.870727811986
19058,5500.377498773347
19059,4917.469317003986
19060,6236.77477386092
19061,5520.425954181395
19062,5748.767179353101
19063,4443.369861935033
19064,3917.9724524241474
19065,4879.824508073729
19066,5844.3810999941325
19067,4557.725886062651
19068,5177.925633694859
19069,6221.382180953585
19070,5238.755195817895
19071,6191.611384034011
19072,6491.0004434297725
19073,5463.041561670894
19074,4259.381197628473
19075,4247.650900112843
19076,6421.935480868701
19077,4912.662476378507
19078,5723.924874318211
19079,11397.752703051312
19080,5515.570485747509
19081,5941.375112821677
19082,3286.0544182375706
19083,4328.1076127092765
19084,4796.269453053236
19085,4413.03863074929
19086,5207.227107662308
19087,6763.976879469035
19088,4330.0707982466365
19089,10515.187944546347
19090,10493.864271082151
19091,4803.822472359824
19092,6196.6386828298755
19093,4601.979875908457
19094,6043.854885966393
19095,5689.249695498991
19096,8669.647753899464
19097,5938.153640181042
19098,6279.239440181347
19099,5047.032040958797
19100,6043.854885966393
19101,4644.9032366633455
19102,6467.1408808513925
19103,5216.575286788995
19104,5272.9401776211425
19105,5476.914045634046
19106,5345.915434656133
19107,6449.222975248414
19108,7167.052890911378
19109,4987.172079353106
19110,6834.346039759632
19111,5818.214467364919
19112,8547.179573500884
19113,3955.3226351609283
19114,4320.687640359216
19115,5793.3619802387675
19116,6619.163540893698
19117,5646.602416256487
19118,5346.824414156472
19119,5762.0751526194845
19120,6245.371674941356
19121,4665.452709621801
19122,6065.866871873692
19123,5908.681052806787
19124,4567.447757216152
19125,10993.208831491136
19126,12861.266483150745
19127,5685.780687150714
19128,5752.6329553917685
19129,6441.529462870002
19130,6901.506105158806
19131,7489.322387736209
19132,4510.107855033931
19133,5494.642276193807
19134,5864.840324776909
19135,6252.31540517601
19136,3853.910934732161
19137,4713.459389025104
19138,4243.098595561037
19139,4942.807329554474
19140,6115.37286016021
19141,4137.832793413486
19142,4036.0688008901443
19143,5186.91495150346
19144,4263.863376070653
19145,3679.347944829415
19146,4283.018399402578
19147,4837.353724291735
19148,6541.359613536275
19149,6478.822969103543
19150,7199.377680678684
19151,4882.011962136869
19152,5816.707745164735
19153,8122.77953876439
19154,6117.071955095848
19155,4429.189059003061
19156,5085.599146956015
19157,6976.901857189075
19158,5268.438582522536
19159,5831.125333938428
19160,4890.402347167461
19161,4834.183842422022
19162,6193.446211697576
19163,4890.959608620767
19164,4711.409459634413
19165,6192.39360647761
19166,6772.081699439467
19167,9930.795583042984
19168,4854.302426463129
19169,7297.569767159977
19170,4357.344553809779
19171,4294.563042039569
19172,4958.550828237694
19173,3707.1534984213336
19174,5874.054819341682
19175,4693.6222584603975
19176,6117.40670525756
19177,6160.39520921951
19178,9168.432035961188
19179,6544.140137827868
19180,4963.157911834833
19181,5153.100714745814
19182,7468.641673606301
19183,5857.329263162083
19184,7062.212295267491
19185,4788.160379461073
19186,5400.229106057605
19187,6193.856500477805
19188,4555.3336703953855
19189,5486.738505911737
19190,6062.424565892607
19191,5958.5457919214
19192,9253.48702953522
19193,5809.9101946600895
19194,9713.556048294216
19195,4940.546824296597
19196,6150.2854063093355
19197,3905.517670705215
19198,5709.396804617059
19199,4892.391742531848
19200,4714.546966458032
19201,6078.132429130475
19202,5028.387271381435
19203,4252.842830474564
19204,5415.289016952762
19205,5435.08898401455
19206,6157.013597518151
19207,5056.9988943926965
19208,5504.557158696348
19209,5649.707361101473
19210,5244.065661700767
19211,6792.716901754174
19212,5600.1622168644635
19213,4315.282024851916
19214,4640.224439363191
19215,6017.310934264812
19216,8186.07968802226
19217,6423.831142960435
19218,4775.790162523605
19219,5518.0474390126965
19220,6184.09783667933
19221,5970.786707572165
19222,5195.287704873218
19223,6103.291119343925
19224,5377.281969589863
19225,4954.684484181496
19226,5618.515549483451
19227,5509.10476079761
19228,4800.5562463251
19229,5456.648432469173
19230,4662.802886105909
19231,5147.418473878128
19232,4911.783693523034
19233,4123.21072017956
19234,6026.544564700974
19235,6515.693419449784
19236,6615.704781547542
19237,7958.671897597641
19238,6023.490125497663
19239,5079.31565332568
19240,5889.137717064755
19241,8411.194842440113
19242,6419.251697746462
19243,5227.069195966719
19244,5759.319473179075
19245,5574.806819912414
19246,4726.211271737491
19247,5114.0080435669615
19248,8086.444867897723
19249,5228.8897706683
19250,6596.443722255679
19251,5194.842682306588
19252,2806.6880337965763
19253,8650.763820776107
19254,5113.627205723079
19255,4544.062855126962
19256,4398.546621211073
19257,4528.234301309191
19258,5652.349134308071
19259,5431.650042518773
19260,4908.173697831205
19261,5826.02704927097
19262,3582.343739911734
19263,3923.9448807023036
19264,4114.159006075072
19265,6484.950171731183
19266,14972.89349029024
19267,4230.869515467112
19268,4600.454386017781
19269,6322.547926666853
19270,4555.955043196643
19271,4281.734007571593
19272,4434.434170564261
19273,4307.644275756385
19274,6069.003059736225
19275,5900.85242010421
19276,3499.61427398974
19277,5449.637657847506
19278,4259.844623415756
19279,4697.1355065616335
19280,5695.140877928459
19281,6153.813051649881
19282,8209.75694278464
19283,5440.924635220486
19284,5180.708772015351
19285,3922.874657076913
19286,5528.387899726899
19287,12080.875831684005
19288,6498.939123077893
19289,5744.42997062282
19290,4501.822455004331
19291,4696.389189202856
19292,4893.497265166399
19293,4679.029767544841
19294,7396.338880606252
19295,4868.608103117
19296,5566.09991138174
19297,5567.994123988369
19298,4623.164454723007
19299,4584.095581213758
19300,4510.098669814544
19301,5656.806721462499
19302,5159.002866255398
19303,4643.925494900105
19304,5136.294031924875
19305,5543.645632732506
19306,6403.003812287933
19307,6431.952915473757
19308,5882.745133048675
19309,4049.646401498347
19310,6093.257136671082
19311,4685.884418764145
19312,4224.334787326855
19313,5298.4960462605295
19314,6230.478994241973
19315,5021.16939114693
19316,6016.95799186652
19317,5489.062635275944
19318,5711.547849732322
19319,4628.6655450976805
19320,5184.301532537338
19321,4929.709872262552
19322,4470.430142226532
19323,6101.534652129423
19324,4948.436709866299
19325,4352.351268371654
19326,7276.647789516001
19327,4728.868751426694
19328,3916.7290370244987
19329,5847.607487303883
19330,7004.285716869354
19331,8254.542432842494
19332,5119.691359729513
19333,5736.5271268504175
19334,4810.663726863064
19335,5684.978193468151
19336,4602.54630794733
19337,6365.665287379521
19338,3451.764559833202
19339,4871.054731474028
19340,5180.2784011386075
19341,4900.46667218152
19342,4107.19856592986
19343,5635.708154288901
19344,5469.609113212274
19345,5507.324932631742
19346,6786.546954657028
19347,5315.139677895445
19348,6623.054554720277
19349,3900.1158024627343
19350,5040.091627915422
19351,5369.345754384995
19352,5748.2992504501435
19353,6707.6634133924945
19354,3725.284484934585
19355,7367.843485367238
19356,5485.424237230862
19357,5685.43442314846
19358,4626.0688486061945
19359,3505.6125094798463
19360,5118.366894299048
19361,5078.985722550103
19362,6199.765621454252
19363,5051.810624742452
19364,4990.565749901719
19365,6173.868841186745
19366,4903.4016275075555
19367,5291.621587656267
19368,6617.58391658668
19369,4720.886410344225
19370,6740.667476503359
19371,7616.640461035935
19372,5805.027223742561
19373,4239.275248438789
19374,4240.235537354556
19375,3947.8102511642173
19376,3316.6269956707647
19377,6113.232819072913
19378,5231.021665471254
19379,6492.840526297227
19380,4108.817548131525
19381,5535.166397608515
19382,5277.95842583763
19383,8582.359431994206
19384,4260.843791525733
19385,4466.574972119567
19386,5082.958060568413
19387,6821.4279050311225
19388,4998.372297714139
19389,5815.510079588972
19390,6239.943479344649
19391,7448.226618805425
19392,5170.498219361457
19393,5683.569115862684
19394,5507.25749659225
19395,5297.328366804662
19396,4571.743283126294
19397,6773.361863648342
19398,6962.6086757096655
19399,5722.192273532612
19400,12701.682247406696
19401,4908.829773507671
19402,4726.186091240963
19403,4815.209235496342
19404,6280.860206226645
19405,5939.7005255552685
19406,5654.08563551559
19407,5913.66314795523
19408,5727.160745019192
19409,5419.322000835106
19410,5125.697609614827
19411,4278.764183743248
19412,4914.770516419992
19413,4762.015236116464
19414,4681.282742751765
19415,4068.251673873161
19416,6742.729717827293
19417,13504.34588214174
19418,5749.613632927635
19419,4924.466952542979
19420,5367.96429728207
19421,3418.57779984582
19422,5166.219418552575
19423,2980.44063463722
19424,7010.508878940125
19425,5488.444490378453
19426,5868.321896610813
19427,8607.322814124469
19428,9594.088700157874
19429,5284.457920977183
19430,5357.363135935112
19431,4682.108873403008
19432,5265.867162459127
19433,6001.563336974005
19434,6400.634099711108
19435,3887.194352189504
19436,3712.0319022244694
19437,5228.561105261501
19438,4714.74420956323
19439,5187.270445462488
19440,4967.750148873067
19441,4832.655166207977
19442,5741.927405614229
19443,6165.3120626348145
19444,5137.829304415211
19445,4367.120974474401
19446,3999.380181415796
19447,6044.346169141992
19448,3916.645466399242
19449,6635.722085135604
19450,5014.542149733371
19451,4049.2344554155557
19452,6365.161160158688
19453,4692.03876108726
19454,4151.472379402764
19455,4972.006366541286
19456,5073.3153036050635
19457,6908.0516575398215
19458,6375.660414097457
19459,5207.006530682105
19460,4727.054580265399
19461,4878.501829543746
19462,6621.639914455443
19463,5490.503198922531
19464,4278.545636979376
19465,5770.85567735694
19466,8593.67452998625
19467,6216.827598797668
19468,5487.649900050515
19469,6329.27319481892
19470,5531.133999511419
19471,6600.998197025512
19472,5455.92823772683
19473,7882.825092794136
19474,5065.898970884242
19475,4859.115149844651
19476,4344.103707660087
19477,3170.734179892419
19478,5413.646256450793
19479,12680.204501092912
19480,3619.656711207097
19481,3938.7575088314848
19482,6791.097497503328
19483,6079.564104731559
19484,5734.486107806949
19485,5795.2645637440355
19486,4301.797285061184
19487,4866.742306857135
19488,4438.795870973801
19489,6023.6698543541215
19490,4603.493521717651
19491,5458.003617888714
19492,5329.9408828206215
19493,4253.052627718361
19494,6455.168536898104
19495,5473.709892806179
19496,3428.293504853479
19497,5913.969000874226
19498,6429.680580526375
19499,3564.271598515878
19500,5737.0613693225105
19501,4818.594641190661
19502,4377.646276775251
19503,6817.152235159911
19504,5719.387788044013
19505,6217.500257136284
19506,5282.886933220544
19507,4024.371532031765
19508,5509.858010717526
19509,3241.866843412888
19510,6010.565987564394
19511,3902.553178926632
19512,5437.162041181947
19513,4914.147002015738
19514,5663.817816690627
19515,4880.7310248898275
19516,5646.059573854961
19517,5289.418856554121
19518,6068.554509716279
19519,5112.426710653108
19520,6198.635287626054
19521,5447.547856242311
19522,5667.718823060905
19523,6194.200267303872
19524,6578.8586603089025
19525,4143.044244575058
19526,5896.703612373387
19527,6114.610527369025
19528,4258.8528757387585
19529,6879.574834879995
19530,5258.067478112179
19531,6762.524807335066
19532,7500.063522987353
19533,6612.186651683994
19534,4062.8584795929737
19535,6995.260018476123
19536,7023.339610122585
19537,6267.763616364974
19538,5901.126612787272
19539,6011.622264377367
19540,5394.064158760518
19541,4600.660374990251
19542,5347.161711254746
19543,4658.308248839768
19544,5333.003708181396
19545,5507.901466729977
19546,4919.957451443513
19547,4574.839630333006
19548,5532.263077345662
19549,5507.909338397326
19550,5806.218236434087
19551,5718.161347079307
19552,5475.391114057429
19553,4561.510521352286
19554,5818.333565693368
19555,5621.142937713834
19556,4807.642214628133
19557,5425.886096546606
19558,5798.2690440266
19559,5811.212665564502
19560,5071.020122994791
19561,3705.9708864632207
19562,5292.083700599235
19563,5464.246737793452
19564,6955.253484268923
19565,5330.618824975868
19566,3688.012183624059
19567,5114.57844020418
19568,6793.1124661083295
19569,4927.086555946956
19570,5812.9554585545775
19571,5565.618776959462
19572,5776.727531276748
19573,4149.842084337497
19574,3439.8677636870916
19575,4897.805575587466
19576,5633.311592654987
19577,5380.604885811502
19578,6523.994018003619
19579,6356.957420000763
19580,5192.231075783737
19581,6513.503567058523
19582,3715.24305036998
19583,2889.354149732488
19584,5550.936981209576
19585,9062.082423183287
19586,5658.890392293347
19587,5449.643855504343
19588,3994.9698526799443
19589,5367.9185691982275
19590,7228.4631903414065
19591,4422.168680002941
19592,5631.970612110804
19593,4343.464265644144
19594,3862.1414954400875
19595,4779.035223852786
19596,5167.115250335379
19597,4808.282312615763
19598,4460.192853648529
19599,5179.633449287607
19600,3998.9582843935696
19601,6371.893630029158
19602,5103.753447059537
19603,4898.435180821642
19604,5381.050835837681
19605,5664.2504307630315
19606,4481.173776169484
19607,4594.267704838528
19608,5772.388430949579
19609,5598.51159594412
19610,5934.708297747422
19611,2759.9235215796457
19612,8012.353612172543
19613,4829.892678142243
19614,4548.705309344137
19615,5761.319961022267
19616,7163.779942720241
19617,6338.086944405239
19618,5157.936427277316
19619,5727.265857191326
19620,6852.857716971067
19621,9724.16578605924
19622,4379.03981109568
19623,5087.11405197677
19624,4812.80517355589
19625,6505.695429412048
19626,5540.473953753294
19627,6813.894631719025
19628,6665.27131895969
19629,5231.939091740073
19630,4147.871146098898
19631,4873.966086826337
19632,6967.6110539249885
19633,4519.167950144983
19634,5304.887508788398
19635,3996.4707687082796
19636,5400.989561986586
19637,5280.155591250851
19638,5341.0051265954535
19639,7321.826775936084
19640,4946.002908716004
19641,4853.603118869379
19642,5679.147054147819
19643,5775.894834825325
19644,6740.449122579391
19645,5336.499700208494
19646,5906.739382180741
19647,4946.340042223962
19648,5879.861549106101
19649,6841.330114217982
19650,3987.1689681043545
19651,7158.102674101251
19652,5509.832478729445
19653,4155.460929180187
19654,5837.64221573283
19655,4861.480775629692
19656,5734.592080511271
19657,5848.052489261181
19658,3109.870908148372
19659,3463.9519545604717
19660,5244.639653112056
19661,6872.397484666442
19662,7864.210504077573
19663,4253.619570154204
19664,5129.113258674783
19665,5217.600284652774
19666,5400.13221180837
19667,4431.901759703588
19668,8075.426002380343
19669,6713.648282848097
19670,9851.483658658204
19671,4521.836382026932
19672,4656.057476085849
19673,8791.922706262867
19674,6885.333427580977
19675,4198.2608515703605
19676,7203.707796625721
19677,5411.389348224163
19678,3910.70365610422
19679,4255.217689227268
19680,3426.383322722342
19681,4403.024150948351
19682,4588.280135149719
19683,4259.464626450634
19684,3817.103372338126
19685,7564.986795940492
19686,5950.420915283859
19687,18636.619880068036
19688,5312.246430503884
19689,4209.924329097489
19690,5321.003204018277
19691,7114.532073986375
19692,4956.916961575251
19693,5580.496155883771
19694,4620.866339550413
19695,6519.125076169596
19696,6399.173481274608
19697,3733.7185115739208
19698,4669.823636588998
19699,5548.312903661085
19700,6224.514525817472
19701,5774.449332058837
19702,6442.322686820527
19703,4780.94863092864
19704,4130.226268064091
19705,4898.642935250477
19706,7717.341087365601
19707,7841.962982539214
19708,7425.96041065534
19709,5983.593191270068
19710,3722.264710388138
19711,5504.0023043713045
19712,3818.2301655615747
19713,7737.614521300343
19714,6671.685700364164
19715,7538.45215764695
19716,4921.548423917476
19717,3595.2525546794463
19718,4100.696152939287
19719,4987.042612234105
19720,7820.262360909771
19721,5180.275400208055
19722,4379.027903571239
19723,3975.1904851423615
19724,6162.62390680973
19725,4683.914596649634
19726,5728.546532521864
19727,4006.261788683876
19728,5375.052750881994
19729,5807.4141588593875
19730,4746.137499862861
19731,5613.482302684641
19732,5170.397710385195
19733,4482.238951239426
19734,4700.446815706579
19735,5624.785457300398
19736,7984.074684368768
19737,5287.882604055883
19738,6184.622110068751
19739,6305.542591542509
19740,6814.532867687988
19741,6005.673925833536
19742,6939.691157251961
19743,3877.7826544462237
19744,5528.529834226296
19745,5320.631025575128
19746,4970.882715490232
19747,6839.38568473157
19748,6314.035077646897
19749,4573.527544282319
19750,5599.315956655607
19751,6009.833733363777
19752,6823.4990452692155
19753,4522.481619457871
19754,9259.00998219786
19755,3825.882694724929
19756,5729.86950762098
19757,5997.143885371398
19758,4760.061820633828
19759,4809.06748123777
19760,5234.239293684741
19761,5679.765205154809
19762,3795.568875079279
19763,4462.4888043019755
19764,6165.025595651868
19765,5438.332046663581
19766,5640.089428913211
19767,4545.852135129503
19768,5420.019198907518
19769,6271.863094476853
19770,5711.345109378454
19771,4728.211295645507
19772,6142.63652323413
19773,5418.997133009433
19774,5771.721395360095
19775,6415.04950575752
19776,5264.964921744482
19777,5899.129903114326
19778,5738.466152947989
19779,5081.5368596644785
19780,5566.358910847453
19781,5109.657982636076
19782,4583.938047678821
19783,4169.594681553096
19784,5089.4947562472
19785,5467.3842191648455
19786,4016.979793352419
19787,3900.4865610857846
19788,5138.469254028771
19789,4915.278528063923
19790,5026.734355828738
19791,7028.874651609483
19792,5139.370597362883
19793,5640.82200927255
19794,4744.523183884606
19795,4594.926083663993
19796,5051.754245079823
19797,6507.6295057893685
19798,5710.04844562038
19799,6444.660589312599
19800,6169.505535065101
19801,4733.272222850352
19802,6748.992549836907
19803,5628.989793510852
19804,5498.722921795929
19805,6761.341236244681
19806,5102.640403186509
19807,6424.609230936521
19808,6091.087149811771
19809,5493.289607382683
19810,4822.190276871118
19811,5932.138115145016
19812,5835.903997664195
19813,4475.883752218517
19814,4534.014920700737
19815,4882.094331534051
19816,5752.20114675017
19817,5605.390445903808
19818,3970.469287764904
19819,5902.2373611212615
19820,6405.813793975043
19821,5068.732314429123
19822,5509.533103387295
19823,4958.878845477917
19824,6604.6695336601
19825,5590.607274329743
19826,4930.5714773789305
19827,4375.17726646163
19828,5370.222028523779
19829,6043.870689574419
19830,4704.224472669783
19831,5294.722407384893
19832,4097.814519874781
19833,6947.799298491898
19834,5831.215735972143
19835,6124.274994556031
19836,7426.701183947432
19837,5239.78546443074
19838,4509.510932899767
19839,10142.084863469936
19840,5005.4623500321795
19841,5049.125671303031
19842,5850.956403184675
19843,4594.509963048409
19844,5850.540123558267
19845,4802.9858217091505
19846,5686.891799091132
19847,6346.912361984735
19848,4888.990547738994
19849,3538.8405648272014
19850,4983.279326024327
19851,6055.393835700166
19852,6932.869045672664
19853,4941.074335851926
19854,4921.511517544757
19855,5123.398948355772
19856,4608.3816087433825
19857,3624.7386736801113
19858,4791.336149400625
19859,4985.143419767992
19860,5041.097085773473
19861,6011.587157150663
19862,5500.9505147202635
19863,6095.718785219318
19864,6684.953750147745
19865,5943.988130317685
19866,5259.8774089383005
19867,6650.35271750774
19868,6662.180100630341
19869,5097.9702764197555
19870,5659.308833298434
19871,5195.531987429135
19872,5754.126098418136
19873,4077.067554959721
19874,5168.371315099278
19875,3890.2753549692993
19876,7555.816884317908
19877,5311.229639631978
19878,6432.952829166906
19879,7266.375042165257
19880,4576.945974618466
19881,5617.087071111811
19882,13234.403603358109
19883,8060.549650694467
19884,4752.583760449539
19885,3125.725297883853
19886,5308.169255327832
19887,7514.162004718985
19888,4969.245353654403
19889,10373.429983321957
19890,15986.401145001591
19891,4884.13415387722
19892,4787.920605853308
19893,5940.97410873
19894,4399.324552204795
19895,7251.846374545446
19896,5094.537043109917
19897,6131.225377787573
19898,3770.504868184562
19899,6456.8248679790295
19900,5908.15587205824
19901,5858.813908079914
19902,6290.716143165402
19903,4967.0708144286755
19904,5697.562368186727
19905,5986.209393660871
19906,4823.509524598551
19907,5250.805197897889
19908,6558.455859831978
19909,4182.135056491886
19910,4926.595686017054
19911,5306.548886258209
19912,4871.224269419805
19913,4563.747956024404
19914,5564.254726985765
19915,4981.346545216404
19916,6271.990439509556
19917,5555.641619830032
19918,5812.644407565518
19919,4507.247090147451
19920,3953.1881180727855
19921,4943.701736286147
19922,5908.258328206551
19923,4592.9415517112875
19924,5241.802861907277
19925,6285.259409166003
19926,5250.745363687987
19927,6255.488612246429
19928,6554.877671642191
19929,5498.257227319531
19930,4323.2584258408915
19931,4311.528128325261
19932,6433.925648738794
19933,4947.878142027143
19934,5787.802102530628
19935,11461.629931263731
19936,5550.786151396146
19937,6005.2523410340955
19938,3321.270083886209
19939,4391.984840921695
19940,4860.146681265654
19941,4476.915858961708
19942,5271.104335874726
19943,6827.854107681454
19944,4342.060966116729
19945,10594.341818437253
19946,10557.74149929457
19947,4797.029181265093
19948,6260.515911042294
19949,4665.857104120875
19950,6107.732114178811
19951,5753.126923711408
19952,8704.863419548103
19953,5950.143808051134
19954,6343.1166683937645
19955,5110.909269171215
19956,6107.732114178811
19957,4680.118902311982
19958,6531.018109063811
19959,5251.790952437632
19960,5336.81740583356
19961,5512.129711282682
19962,5425.0693085470375
19963,6461.213143118506
19964,7230.930119123796
19965,5022.387745001743
19966,6898.22326797205
19967,5853.430133013556
19968,8582.395239149522
19969,4019.1998633733465
19970,4355.903306007853
19971,5828.577645887404
19972,6654.379206542335
19973,5681.818081905124
19974,5358.8145820265645
19975,5797.290818268121
19976,6257.361842811449
19977,4700.6683752704375
19978,6129.74410008611
19979,5972.5582810192045
19980,4602.663422864789
19981,11057.086059703555
19982,12925.143711363164
19983,5720.9963527993505
19984,5841.658173374324
19985,6530.554680852558
19986,6965.383333371225
19987,7553.199615948626
19988,4573.985083246349
19989,5558.519504406225
19990,5876.830492647002
19991,6287.531070824647
19992,3917.7881629445797
19993,4777.336617237523
19994,4278.3142612096735
19995,5006.684557766892
19996,6179.250088372627
19997,4201.710021625903
19998,4099.9460291025625
19999,5222.130617152096
20000,4327.740604283071
20001,3714.5636104780538
20002,4318.234065051215
20003,4849.343892161827
20004,6576.575279184912
20005,6514.03863475218
20006,7263.254908891101
20007,4917.227627785506
20008,5851.923410813371
20009,8186.656766976807
20010,6180.949183308266
20011,4493.066287215478
20012,5120.814812604652
20013,7012.1175228377115
20014,5332.315810734954
20015,5843.115501808521
20016,4902.3925150375535
20017,4898.0610706344405
20018,6257.323439909993
20019,4926.175274269403
20020,4746.62512528305
20021,6227.609272126247
20022,6784.07186730956
20023,9994.672811255403
20024,4918.179654675547
20025,7361.446995372395
20026,4421.221782022198
20027,4329.778707688206
20028,4970.540996107787
20029,3742.3691640699717
20030,5937.9320475541
20031,4757.499486672815
20032,6181.283933469978
20033,6224.272437431929
20034,9232.309264173608
20035,6579.355803476505
20036,5027.035140047251
20037,5216.977942958232
20038,7532.518901818719
20039,5892.54492881072
20040,7126.089523479909
20041,4823.37604510971
20042,5435.444771706242
20043,6257.733728690223
20044,4590.549336044022
20045,5550.615734124155
20046,6097.640231541243
20047,6022.423020133818
20048,9432.963395504543
20049,5845.125860308726
20050,9777.433276506636
20051,4975.762489945234
20052,6185.501071957972
20053,3969.3948989176333
20054,5773.274032829477
20055,4927.6074081804845
20056,4749.762632106669
20057,6142.009657342894
20058,5063.602937030072
20059,4316.720058686981
20060,5450.504682601399
20061,5498.966212226967
20062,6220.890825730568
20063,5092.214560041333
20064,5568.434386908766
20065,5661.697528971566
20066,5279.281327349404
20067,6856.594129966591
20068,5664.039445076882
20069,4350.497690500552
20070,4675.440105011828
20071,6081.1881624772295
20072,8249.956916234682
20073,6459.046808609071
20074,4839.667390736024
20075,5581.924667225115
20076,6247.975064891748
20077,6034.663935784583
20078,5259.164933085635
20079,6167.168347556343
20080,5441.159197802282
20081,5033.838358072401
20082,5653.7312151320875
20083,5521.094928667702
20084,4951.882086428469
20085,5520.52566068159
20086,4698.018551754546
20087,5182.634139526765
20088,4975.660921735452
20089,4158.4263858281965
20090,6061.7602303496105
20091,6579.570647662203
20092,6627.694949417634
20093,8022.549125810058
20094,6058.7057911463
20095,5143.192881538098
20096,5953.014945277172
20097,8475.07207065253
20098,6483.12892595888
20099,5262.284861615356
20100,5823.196701391494
20101,5638.684048124832
20102,4790.0884999499085
20103,5177.88527177938
20104,8150.322096110141
20105,5264.105436316937
20106,6660.320950468096
20107,5258.719910519006
20108,2841.903699445215
20109,8714.641048988526
20110,5148.842871371716
20111,4579.278520775599
20112,4462.423849423491
20113,4563.449966957828
20114,5716.22636252049
20115,5495.5272707311915
20116,4943.389363479841
20117,5861.242714919606
20118,3617.559405560372
20119,3987.8221089147214
20120,4178.03623428749
20121,6496.940339601276
20122,15052.047364181146
20123,4294.7467436795305
20124,4612.444553887874
20125,6386.425154879271
20126,4619.83227140906
20127,4293.7241754416855
20128,4469.649836212898
20129,4371.521503968802
20130,6104.2187253848615
20131,5912.842587974303
20132,3563.491502202159
20133,5484.853323496142
20134,4323.721851628174
20135,4761.012734774052
20136,5730.356543577096
20137,6165.803219519974
20138,8273.634170997058
20139,5504.801863432904
20140,5244.586000227769
20141,3958.090322725551
20142,5563.603565375536
20143,12144.753059896424
20144,6534.15478872653
20145,5779.645636271457
20146,4565.699683216749
20147,4731.604854851493
20148,4957.374493378817
20149,4742.906995757258
20150,7460.21610881867
20151,4932.485331329418
20152,5601.3155770303765
20153,5603.209789637006
20154,4658.380120371644
20155,4647.972809426175
20156,4573.975898026963
20157,5692.022387111136
20158,5194.2185319040345
20159,4707.8027231125225
20160,5200.171260137293
20161,5578.861298381143
20162,6438.21947793657
20163,6495.830143686174
20164,5917.9607986973115
20165,4113.523629710767
20166,6128.4728023197185
20167,4749.7616469765635
20168,4208.780819459643
20169,5362.373274472948
20170,6294.356222454391
20171,5085.0466193593475
20172,6052.173657515157
20173,5552.939863488362
20174,5746.763515380959
20175,4663.881210746317
20176,5248.178760749755
20177,4964.925537911189
20178,4505.645807875168
20179,6136.75031777806
20180,4983.652375514936
20181,4416.228496584072
20182,7288.637957386093
20183,4792.745979639111
20184,3928.719204894592
20185,5911.4847155163025
20186,7039.50138251799
20187,8318.419661054912
20188,5183.568587941931
20189,5800.404355062836
20190,4874.540955075482
20191,5748.855421680569
20192,4614.536475817423
20193,6377.655455249614
20194,3486.9802254818396
20195,4883.0448993441205
20196,5192.2685690087
20197,4935.682337830157
20198,4171.075794142277
20199,5670.923819937538
20200,5504.824778860911
20201,5571.20216084416
20202,6850.424182869447
20203,5350.355343544082
20204,6658.270220368914
20205,3935.331468111372
20206,5103.968856127839
20207,5433.222982597414
20208,5783.51491609878
20209,6771.540641604912
20210,3789.161713147003
20211,7446.997359258143
20212,5520.639902879499
20213,5697.424591018553
20214,4661.284514254831
20215,3569.4897376922645
20216,5153.582559947685
20217,5142.862950762521
20218,6211.755789324345
20219,5087.026290391089
20220,5054.442978114137
20221,6185.859009056838
20222,4967.278855719974
20223,5326.837253304904
20224,6681.461144799098
20225,4784.763638556643
20226,6804.544704715777
20227,7628.6306289060285
20228,5868.904451954978
20229,4303.152476651207
20230,4312.35284541348
20231,4011.687479376636
20232,3380.504223883183
20233,6231.904653305397
20234,5266.237331119891
20235,6556.717754509645
20236,4144.0332137801615
20237,5570.3820632571515
20238,5341.835654050048
20239,8646.236660206629
20240,4296.0594571743695
20241,4501.790637768204
20242,5094.948228438506
20243,6885.305133243541
20244,5033.587963362776
20245,5879.387307801389
20246,6303.820707557066
20247,7512.103847017842
20248,5205.713885010094
20249,5695.559283732777
20250,5542.473162240887
20251,5361.205595017081
20252,4606.958948774931
20253,6785.352031518434
20254,7026.485903922084
20255,5786.069501745029
20256,12780.836121297601
20257,4972.707001720089
20258,4761.4017568896
20259,4879.086463708761
20260,6292.850374096737
20261,5974.916191203905
20262,5689.301301164227
20263,5948.878813603867
20264,5739.150912889285
20265,5483.199229047525
20266,5160.913275263464
20267,4290.754351613341
20268,4978.64774463241
20269,4797.2309017651005
20270,4745.159970964183
20271,4132.128902085581
20272,6754.7198856973855
20273,13568.22311035416
20274,5813.490861140052
20275,4988.344180755396
20276,5431.841525494488
20277,3453.793465494458
20278,5201.435084201212
20279,3044.3178628496385
20280,7074.3861071525425
20281,5523.66015602709
20282,5932.199124823231
20283,8671.200042336888
20284,9673.24257404878
20285,5348.335149189601
20286,5421.24036414753
20287,4717.324539051645
20288,5329.744390671544
20289,6065.440565186424
20290,6435.849765359745
20291,3899.1845200595976
20292,3747.247567873107
20293,5292.43833347392
20294,4749.959875211866
20295,5251.147673674906
20296,4979.740316743159
20297,4896.532394420396
20298,5777.143071262866
20299,6229.189290847232
20300,5149.819472285303
20301,4379.111142344494
20302,4011.3703492858904
20303,6108.223397354409
20304,3980.522694611661
20305,6699.599313348022
20306,5049.757815382008
20307,4084.4501210641934
20308,6429.038388371106
20309,4727.254426735897
20310,4186.688045051401
20311,5007.222032189923
20312,5108.5309692537
20313,6971.928885752239
20314,6439.537642309874
20315,5242.222196330742
20316,4790.931808477817
20317,4942.379057756164
20318,6685.517142667862
20319,5502.493366792623
20320,4313.761302628012
20321,5834.732905569357
20322,8657.55175819867
20323,6280.704827010085
20324,5551.527128262932
20325,6393.1504230313385
20326,5595.011227723836
20327,6664.87542523793
20328,5491.143903375467
20329,7946.7023210065545
20330,5101.114636532879
20331,4894.330815493287
20332,4407.980935872505
20333,3234.6114081048377
20334,5477.52348466321
20335,12715.420166741551
20336,3683.5339394195157
20337,3950.7476767015783
20338,6854.974725715746
20339,6091.554272601652
20340,5798.363336019366
20341,5830.480229392672
20342,4313.787452931277
20343,4901.957972505772
20344,4474.011536622438
20345,6087.547082566539
20346,4667.370749930069
20347,5521.880846101132
20348,5365.156548469258
20349,4316.929855930778
20350,6490.384202546741
20351,5508.9255584548155
20352,3463.5091705021177
20353,5977.846229086645
20354,6493.557808738793
20355,3628.148826728297
20356,5749.051537192603
20357,4853.8103068392975
20358,4412.861942423888
20359,6852.367900808547
20360,5754.60345369265
20361,6281.377485348701
20362,5346.764161432962
20363,4059.587197680403
20364,5573.735238929943
20365,3277.0825090615263
20366,6074.443215776812
20367,3966.4304071390497
20368,5501.039269394365
20369,4978.024230228155
20370,5699.033482339264
20371,4944.608253102246
20372,5709.936802067379
20373,5324.634522202758
20374,6103.770175364916
20375,5176.303938865526
20376,6262.512515838472
20377,5511.42508445473
20378,5731.596051273323
20379,6258.077495516291
20380,6642.735888521321
20381,4178.2599102236945
20382,5960.580840585805
20383,6178.487755581442
20384,4322.730103951177
20385,6914.790500528632
20386,5293.283143760816
20387,6826.402035547484
20388,7563.940751199771
20389,6676.063879896411
20390,4126.735707805394
20391,7059.137246688541
20392,7087.216838335003
20393,6302.979282013611
20394,5965.00384099969
20395,6046.837930026004
20396,5429.279824409155
20397,4664.537603202669
20398,5411.038939467163
20399,4722.185477052186
20400,5396.880936393814
20401,5519.89163460007
20402,4983.834679655931
20403,4610.055295981643
20404,5544.253245215755
20405,5571.786566609744
20406,5818.20840430418
20407,5782.0385752917255
20408,5539.268342269847
20409,4625.387749564704
20410,5882.210793905786
20411,5685.020165926252
20412,4871.51944284055
20413,5489.763324759024
20414,5833.484709675236
20415,5875.089893776919
20416,5083.010290864883
20417,3769.848114675639
20418,5327.299366247872
20419,5476.236905663544
20420,6990.46914991756
20421,5394.496053188285
20422,3751.8894118364774
20423,5178.455668416598
20424,6872.266339999234
20425,4990.963784159373
20426,5824.94562642467
20427,5600.8344426080985
20428,5840.604759489165
20429,4161.83225220759
20430,3503.74499189951
20431,4933.0212412361025
20432,5645.30176052508
20433,5392.595053681594
20434,6587.8712462160365
20435,6420.834648213181
20436,5256.108303996154
20437,6577.380795270941
20438,3779.1202785823984
20439,2953.2313779449064
20440,5562.927149079668
20441,9125.959651395706
20442,5722.767620505765
20443,5513.521083716761
20444,4058.8470808923626
20445,5431.795797410645
20446,7292.340418553824
20447,4434.158847873034
20448,5667.186277759441
20449,4407.341493856562
20450,3926.0187236525057
20451,4842.912452065203
20452,5230.992478547797
20453,4872.15954082818
20454,4524.070081860947
20455,5214.8491149362435
20456,4062.835512605988
20457,6435.770858241576
20458,5167.630675271955
20459,4933.650846470278
20460,5444.928064050099
20461,5699.466096411668
20462,4586.549391201681
20463,4658.144933050946
20464,5807.604096598216
20465,5662.388824156537
20466,5969.923963396059
20467,2823.800749792064
20468,8076.230840384961
20469,4865.10834379088
20470,4560.69547721423
20471,5796.535626670904
20472,7227.657170932659
20473,6401.964172617657
20474,5193.152092925953
20475,5791.1430854037435
20476,6864.84788484116
20477,9788.04301427166
20478,4442.9170393080985
20479,5099.104219846862
20480,4824.795341425983
20481,6569.572657624465
20482,5575.689619401931
20483,6877.771859931443
20484,6729.148547172108
20485,5267.15475738871
20486,4211.748374311315
20487,4909.181752474974
20488,7031.488282137407
20489,4583.0451783574
20490,5340.103174437035
20491,4060.3479969206983
20492,5436.205227635222
20493,5315.371256899488
20494,5404.882354807872
20495,7385.7040041485025
20496,5009.880136928421
20497,4888.8187845180155
20498,5714.362719796456
20499,5839.7720630377435
20500,6775.664788228028
20501,5400.376928420911
20502,5941.955047829378
20503,4981.555707872599
20504,5943.738777318519
20505,6905.207342430399
20506,4051.0461963167727
20507,7221.979902313669
20508,5545.048144378082
20509,4190.676594828824
20510,5872.8578813814665
20511,4925.3580038421105
20512,5798.469308723689
20513,5911.929717473598
20514,3173.7481363607903
20515,3527.829182772891
20516,5279.855318760693
20517,6936.274712878861
20518,7928.087732289991
20519,4288.8352358028405
20520,5192.9904868872
20521,5281.477512865192
20522,5435.347877457007
20523,4495.7789879160055
20524,8087.416170250435
20525,6777.525511060515
20526,9915.360886870623
20527,4557.052047675569
20528,4719.934704298267
20529,8871.076580153773
20530,6949.210655793394
20531,4262.138079782779
20532,7238.923462274358
20533,5475.266576436581
20534,3945.919321752858
20535,4290.433354875905
20536,3438.373490592436
20537,4466.9013791607695
20538,4652.1573633621365
20539,4294.68029209927
20540,3880.9806005505448
20541,7576.9769638105845
20542,6014.298143496278
20543,19049.360526345372
20544,5188.767300808151
20545,4432.197865778552
20546,5636.192363723286
20547,7774.77581390402
20548,5335.489776927158
20549,5891.031066249555
20550,4798.422377103363
20551,6867.33459613853
20552,6763.2118930934475
20553,4105.520893646909
20554,4690.1351314813655
20555,5937.722524161429
20556,6533.3763860171375
20557,6046.129571602526
20558,6593.824919632237
20559,5062.893241703043
20560,4125.634977847974
20561,4985.38859727305
20562,8041.139973015758
20563,8333.96021515393
20564,7607.54953568281
20565,6614.751164702125
20566,3787.348216097639
20567,6089.6275902154675
20568,3903.330037020927
20569,7903.701088098956
20570,7171.717145069234
20571,7896.565067524437
20572,5422.502345288612
20573,3827.302192374193
20574,4224.278305405034
20575,5379.306879861564
20576,8213.1635785704
20577,5445.648068804855
20578,4716.902638328629
20579,4095.3696095675814
20580,6519.9792312322315
20581,4873.490203617582
20582,5999.45357535622
20583,4452.237762403409
20584,5732.604680765522
20585,6170.767465016669
20586,5217.721530648583
20587,6088.655541489414
20588,5620.331078395496
20589,4704.3592414034065
20590,5083.824145692354
20591,6016.399300737081
20592,8632.450792322676
20593,5509.441710591658
20594,6623.592923749026
20595,6579.696852844748
20596,7267.914193664361
20597,6342.813974801774
20598,7506.454043570347
20599,3950.0767211533553
20600,5816.424371169272
20601,5676.8587577229155
20602,5556.9170021190075
20603,7380.892683935306
20604,6720.451811408388
20605,4920.734879412388
20606,5973.762345451987
20607,6216.195766729682
20608,7277.397398836169
20609,4788.379084541769
20610,9476.28608381441
20611,4011.0062808635334
20612,5968.471442163343
20613,6260.256511681445
20614,5032.165638183419
20615,5141.771214310079
20616,5642.528980920859
20617,6136.225533416192
20618,4258.8555292467845
20619,4882.380262253545
20620,6560.2065665343125
20621,5784.579923681486
20622,5888.617895127677
20623,4860.950858936917
20624,5710.281423055553
20625,6859.807243724383
20626,6099.9262635015175
20627,5197.943450283501
20628,6434.100324523976
20629,5709.259357157467
20630,6281.810357513023
20631,6677.447987942939
20632,5555.227145892516
20633,6301.102893454805
20634,6110.79197784887
20635,5458.596478049161
20636,6036.091065485448
20637,5397.793783767539
20638,4767.6176636438795
20639,4404.251914010383
20640,5647.967068159464
20641,5740.77446149035
20642,4337.102428314994
20643,4437.099225667427
20644,5531.2929201746265
20645,5084.2152032731965
20646,5351.169169979538
20647,7195.625566111362
20648,5380.676618616302
20649,5990.778514454603
20650,5138.230479797095
20651,4885.188307812027
20652,5517.9924996220125
20653,7023.005508435537
20654,6022.485679930426
20655,6849.9679731603865
20656,6625.9658633264835
20657,4914.939829663098
20658,7366.293491012941
20659,5912.032109010323
20660,5955.263642720774
20661,7361.495223645969
20662,5374.7442207361
20663,6813.1903850595845
20664,6382.550951101618
20665,6049.571464076763
20666,4903.471711192977
20667,6318.592846251508
20668,6262.4952388205165
20669,4733.445102694118
20670,4789.449848159767
20671,5156.334208227048
20672,6041.869550791428
20673,5852.44896443367
20674,4243.920411002521
20675,6185.279676620733
20676,6637.609843024791
20677,5287.631586947502
20678,5749.23891011945
20679,5241.921160977388
20680,6943.305332854071
20681,5886.972236485891
20682,5269.6467790747365
20683,4891.280819165795
20684,5659.890432565038
20685,6408.063593435057
20686,4949.9687130646
20687,5702.559635748302
20688,4466.625588744648
20689,7016.70482723542
20690,6042.852951198221
20691,6394.55445005029
20692,7736.648320241953
20693,5495.678182092224
20694,4802.597507876861
20695,10480.72066266391
20696,5267.945661082303
20697,5691.35132104128
20698,6141.218627332709
20699,4861.875024801195
20700,6230.988054145391
20701,4994.1886115620355
20702,5964.41053993619
20703,6636.580766025994
20704,5169.727411060511
20705,3785.8643434489836
20706,5163.944520300488
20707,6304.941190520815
20708,7120.4786476793415
20709,5350.2488955344215
20710,5291.587428226574
20711,5485.861821419026
20712,5034.341998376731
20713,3939.9462217404944
20714,5028.243103098715
20715,5409.675408227583
20716,5379.216698975436
20717,6267.4798748121475
20718,5783.992830219735
20719,6398.5664392737235
20720,7099.253581718027
20721,6368.5201187772755
20722,5569.566929568246
20723,6933.395033007211
20724,6944.125231982064
20725,5332.970778505592
20726,5971.746067608479
20727,5675.224489973421
20728,6233.818600962421
20729,4246.462166877698
20730,5387.786804928322
20731,4179.627171303842
20732,7960.226930290876
20733,5741.943074121002
20734,7007.354582814439
20735,7535.82667905938
20736,4811.2164402137005
20737,5820.4773771813325
20738,13573.039402552084
20739,8833.474276907042
20740,5030.1025012945975
20741,3461.196204925067
20742,5700.829619886315
20743,7991.666801564087
20744,5306.045230846618
20745,10775.711413312865
20746,15136.612832846185
20747,5238.090156811127
20748,5046.628673160019
20749,6297.033192687608
20750,4678.716058742025
20751,7807.740675515644
20752,5360.975358756272
20753,6518.328024064916
20754,4067.661412218803
20755,6808.457595532115
20756,6270.210922953137
20757,6213.8323332851705
20758,6643.9627997912
20759,5392.82001714204
20760,6103.6016768636755
20761,6179.523161704224
20762,5085.85162165797
20763,5533.847513397361
20764,6679.458157091137
20765,4592.616746968121
20766,5154.7615466312855
20767,5577.683520375385
20768,5108.1312231178945
20769,4773.505311884505
20770,5788.032165752059
20771,5218.253498914493
20772,6692.716313838073
20773,6152.48213180024
20774,6084.560597979945
20775,4838.693945909699
20776,4343.844652728859
20777,5035.139140716065
20778,6124.383677165656
20779,4998.232463885314
20780,5431.094949442808
20781,6633.04161012439
20782,5458.12194345208
20783,6579.8221839372445
20784,7022.019746623317
20785,5874.989082536017
20786,4606.379102297394
20787,4781.260282963255
20788,6658.5526341983195
20789,5374.5505337632085
20790,6227.794579673767
20791,11901.622408406873
20792,6000.169229992622
20793,6443.118395160664
20794,3797.821117291824
20795,4707.806391050628
20796,5175.968231394589
20797,4754.434599806766
20798,5556.813258624532
20799,7237.058212742401
20800,4776.863935972669
20801,11004.782683778862
20802,10704.22138065984
20803,5270.634619529068
20804,6664.622616519348
20805,5046.028371904993
20806,6531.713040616219
20807,6201.643375134534
20808,9229.149263602341
20809,6158.537413984034
20810,6817.861002680398
20811,5398.543014314267
20812,6531.713040616219
20813,5174.252412948398
20814,6976.186076459994
20815,5518.374929042216
20816,5689.737207526877
20817,5813.067703828667
20818,5756.581607015061
20819,6854.100429480227
20820,7368.616923876475
20821,5360.269576103771
20822,7250.92309826105
20823,6274.5236806156945
20824,9153.230646242722
20825,4363.1043155286025
20826,4682.7671445869255
20827,6379.529300658709
20828,7083.182788675826
20829,6153.569306077575
20830,5645.436180826272
20831,6414.202796084826
20832,6673.205396734151
20833,5001.606367816422
20834,6637.954832543257
20835,6423.5770412832335
20836,4878.899472643339
20837,11297.072147448427
20838,13300.657790717203
20839,6143.610891697711
20840,6051.148410266743
20841,6782.9690165368975
20842,7285.3039290307615
20843,7986.91097651703
20844,4970.941351383613
20845,5878.440100065762
20846,6333.542818744078
20847,6563.767120603197
20848,4186.58788978915
20849,5123.0736133965875
20850,4826.097860376563
20851,5359.60435946021
20852,6562.2912754333465
20853,4581.881289410021
20854,4417.818562702559
20855,5602.22230120033
20856,4680.660405976389
20857,4088.886867951711
20858,4775.908158247265
20859,5238.848872332585
20860,6975.811950735788
20861,6897.950561698341
20862,7824.392592755944
20863,5255.347240987468
20864,6226.269506007947
20865,8350.638328264453
20866,6503.536386218138
20867,4904.691487650216
20868,5520.637258358401
20869,7458.838030915347
20870,5773.604136867985
20871,5988.883326323468
20872,5443.101122527038
20873,5190.832068455989
20874,6747.9569606577925
20875,5367.364971241435
20876,5277.654049798263
20877,6724.8598593516745
20878,7189.017620433608
20879,10136.962315304718
20880,5421.667510189114
20881,7669.112624597511
20882,4741.142377681735
20883,4738.309738189895
20884,5316.85607469295
20885,4117.251820062026
20886,6230.703045375649
20887,5141.975089269566
20888,6650.79537351665
20889,6558.727668032118
20890,9770.672606038122
20891,6862.253869753506
20892,5344.907673647247
20893,5580.2543908535
20894,7999.41645709324
20895,6369.0555564891265
20896,7532.943577987888
20897,5147.736639967275
20898,5733.026811610225
20899,6676.501234977414
20900,5247.995569532445
20901,5904.764010202779
20902,6451.246367188796
20903,6471.315357381275
20904,10134.526041037336
20905,6321.636487987133
20906,10166.710119305271
20907,5320.976754022265
20908,6662.011699636379
20909,4275.92866018378
20910,6221.790484252603
20911,5456.289654764127
20912,5181.375167673327
20913,6573.594594894727
20914,5409.820407938901
20915,4565.871522823639
20916,6000.876713178786
20917,5931.181014315696
20918,6609.377938262096
20919,5438.432030950162
20920,5859.557921891695
20921,6173.275586859346
20922,5559.695278191273
20923,7297.882456099624
20924,5894.2314932803
20925,4762.439578982488
20926,5151.950732690233
20927,6532.2069227412585
20928,8567.367744572706
20929,6932.105755439919
20930,5061.669257034692
20931,5887.43957006591
20932,6642.378381787604
20933,6438.770641261639
20934,5612.084734778953
20935,6591.149273993751
20936,5793.859028091281
20937,5375.002729714389
20938,6112.826365196925
20939,5981.350823012677
20940,5285.60529436164
20941,6222.088306214385
20942,5106.603123945978
20943,5746.529311489255
20944,5301.343169167968
20945,4431.651791968172
20946,6221.720840512902
20947,7101.551182958412
20948,6760.948280294315
20949,8610.88499360312
20950,6491.726767143233
20951,5587.908390061572
20952,6404.597463591879
20953,8979.092425793726
20954,6933.4046089312515
20955,5754.775064708215
20956,6173.770108663922
20957,6061.508544572222
20958,5261.888692986036
20959,5382.4355449909535
20960,8574.66540156354
20961,5642.0127274382585
20962,7224.516298210678
20963,5585.344955677361
20964,3200.3243865449335
20965,9118.506129502679
20966,5637.989509680601
20967,4875.528721138283
20968,4885.671387669066
20969,5257.777350102621
20970,6167.697014679704
20971,5704.855398033873
20972,5310.667597472683
20973,6333.742263232057
20974,3817.3257973734844
20975,4262.552318848811
20976,4364.545719611605
20977,6834.195612173925
20978,15028.792798959652
20979,4532.558616184633
20980,4930.614675158547
20981,6716.733688899174
20982,4850.942947658259
20983,4511.915607332971
20984,4820.1533006746295
20985,4642.135756954684
20986,6477.609659680782
20987,6234.394276288053
20988,3797.2145041996573
20989,5773.473224534463
20990,4557.44485362567
20991,5085.961594014734
20992,6097.959602603228
20993,6600.585479826673
20994,8547.077115169619
20995,5781.569890302801
20996,5550.656185315801
20997,4293.539153449822
20998,5937.900358340968
20999,12443.721618762385
21000,6842.796197511685
21001,6130.9032386335875
21002,4862.055916334413
21003,5151.070203451251
21004,5282.323352619499
21005,5009.330871427186
21006,8112.118731258333
21007,5203.0995843153005
21008,5945.628756301254
21009,5970.7973945124295
21010,4806.6156061207685
21011,4914.396685096104
21012,4778.4228791699
21013,5942.396055979007
21014,5485.430588284774
21015,5069.857523485991
21016,5394.596215427052
21017,6063.854315213721
21018,6702.7245663382355
21019,6823.391328675153
21020,6307.724445456694
21021,4379.151317840348
21022,6424.281353169748
21023,5001.91694882277
21024,4657.637586846705
21025,5501.339812027445
21026,6641.791628403724
21027,5289.894199723203
21028,6455.207280256843
21029,5976.187401733936
21030,6049.667140767721
21031,5000.506053580849
21032,5434.6882460738725
21033,5191.695721231497
21034,4737.4500226044
21035,6355.010362873757
21036,5251.945260401925
21037,4689.278460795787
21038,7292.979041309053
21039,5152.074409628164
21040,4306.217542333788
21041,6152.350023366251
21042,7296.950269783812
21043,8681.034362791504
21044,5522.648121753762
21045,6215.974805870723
21046,5089.30454113974
21047,6054.925606768602
21048,5150.419734267287
21049,6647.003649230383
21050,3762.492710609068
21051,5182.567681169997
21052,5543.126568597278
21053,5222.718652939291
21054,4385.839380206535
21055,6118.04331312428
21056,5804.322415640722
21057,5918.637566793493
21058,7165.715768842015
21059,5848.2719473634625
21060,7180.491596203281
21061,4345.973886071581
21062,5428.101276858038
21063,5703.918577739049
21064,6167.2299382192805
21065,7048.349946571085
21066,4124.61325838136
21067,7849.518124998074
21068,6041.390369062795
21069,5952.712512368625
21070,4922.968091714507
21071,3934.21114531607
21072,5500.272599447312
21073,5609.83097946532
21074,6600.326894829343
21075,5515.908543841478
21076,5360.513163202169
21077,6560.5514929346355
21078,5380.905265559911
21079,5639.985815939529
21080,7122.059656295221
21081,5151.926411279551
21082,7162.017996182356
21083,7137.149593146629
21084,6138.497409210572
21085,4626.658307606858
21086,4636.739309135144
21087,4444.530624611406
21088,3811.707845432467
21089,6592.340045339699
21090,5732.523382577949
21091,7082.049928718002
21092,4603.665649604791
21093,5713.9056161486
21094,5800.973555819781
21095,8923.633477391053
21096,4821.43463500309
21097,4738.644466461433
21098,5671.78266044017
21099,7309.703330923909
21100,5542.89201888092
21101,6209.6397812981095
21102,6791.971261109446
21103,7800.596820396528
21104,5731.089062838814
21105,6172.855991743705
21106,5699.622614064942
21107,5695.5540699554
21108,4913.5399892936675
21109,7286.146353077114
21110,7434.653667497571
21111,6234.926269132091
21112,12376.64970859249
21113,5186.320153305266
21114,5270.451486369044
21115,5311.881115276052
21116,6800.340100533094
21117,6457.907810908546
21118,6059.1960810227065
21119,6388.112549068895
21120,6237.577005244468
21121,5831.587464358896
21122,5540.474665513197
21123,4689.7338502611965
21124,5354.0006992600665
21125,5103.811942283837
21126,5232.348207798901
21127,4371.549261796676
21128,7277.964731209484
21129,13939.459165265336
21130,6236.7383993856265
21131,5134.838634141142
21132,5864.63617706178
21133,3886.8635017327374
21134,5686.788183080328
21135,3214.581517817144
21136,7714.732640853293
21137,5962.893891492119
21138,6338.139263373181
21139,9196.532216545247
21140,9841.498370542204
21141,5877.408027966637
21142,5902.190084556931
21143,5211.511633638838
21144,5635.814575759578
21145,6540.905052186685
21146,6795.507962940357
21147,4205.4548126674035
21148,4144.0873861097
21149,5595.8142612132215
21150,5146.799693448457
21151,5483.296336412961
21152,5421.015293986628
21153,5276.0218093409985
21154,6173.982889499457
21155,6596.4586108623025
21156,5333.236138525866
21157,4658.768480917232
21158,4479.895320218827
21159,6487.712812275012
21160,4227.340289647191
21161,7122.8468515935965
21162,5428.17332264859
21163,4468.936375521146
21164,6813.661277675671
21165,4994.430937031201
21166,4671.802336837909
21167,5522.450519567325
21168,5536.190868026893
21169,7213.6473192641315
21170,6744.641615492861
21171,5657.554694349975
21172,5062.260095281029
21173,5240.856942397363
21174,6870.518805145834
21175,6108.069055313739
21176,4684.876684752644
21177,6250.0223999682285
21178,8963.541201506117
21179,6448.470892872713
21180,5768.888340375507
21181,6722.390901431269
21182,5898.387155463138
21183,7128.072770700295
21184,5838.956286471321
21185,8328.888136189515
21186,5462.903362212481
21187,5369.153172093093
21188,4660.53468526418
21189,3826.731462892597
21190,5776.001369304409
21191,13123.354437029979
21192,3949.310950388282
21193,4156.721151425633
21194,7233.1531102774925
21195,6636.012902773855
21196,6129.385903856598
21197,6343.6150964571925
21198,4667.379173151389
21199,5296.896630342451
21200,4819.575044034629
21201,6396.052978880404
21202,4991.503170660269
21203,5708.390331425249
21204,5646.544026394281
21205,4536.782731650021
21206,6940.47242594077
21207,5884.833227020111
21208,3910.558211866014
21209,6373.332013344016
21210,7048.892970885813
21211,3925.8305238291487
21212,6295.197352356388
21213,5099.274289009121
21214,4936.342146534838
21215,7279.967404104741
21216,6193.837189157679
21217,6561.144034150494
21218,5648.643969205041
21219,4308.273801932994
21220,5937.577538273409
21221,3631.5736708834606
21222,6506.678110861725
21223,4279.811290794264
21224,5739.038647217265
21225,5360.210045411115
21226,6138.267217804292
21227,5188.971820589171
21228,6089.426216987983
21229,5668.969841379161
21230,6593.108775965397
21231,5501.452518540389
21232,6558.868748956136
21233,5781.018041710322
21234,6034.264313230476
21235,6691.619225943539
21236,7005.098431512495
21237,4677.997441747903
21238,6250.747707720473
21239,6613.576227699942
21240,4863.726681257222
21241,7330.122998547865
21242,5710.292745652275
21243,7201.715353441608
21244,7866.6090131569235
21245,7033.537171362989
21246,4392.51271877416
21247,7477.107850410224
21248,7621.430333253778
21249,6511.355550324981
21250,6239.73405093378
21251,6410.415781818569
21252,6065.394786630408
21253,4967.205865159823
21254,5604.174513333067
21255,5046.3178977823845
21256,5528.02993399366
21257,5842.657182213894
21258,5291.654127381501
21259,4869.761824578694
21260,5925.987623927184
21261,5846.5167765438355
21262,6170.513886471521
21263,6338.168231106442
21264,5827.761315648533
21265,5022.184564180931
21266,6309.337973414512
21267,6080.073440355188
21268,5426.854604987569
21269,5649.123212245154
21270,6009.646743963581
21271,6173.567778418118
21272,5373.3071713124655
21273,4008.660406328118
21274,5681.085561294831
21275,5913.073093862676
21276,7308.0965117484475
21277,5809.85605840601
21278,3971.7422875557204
21279,5449.362724807521
21280,7240.192015556355
21281,5296.067757342359
21282,6164.904777466938
21283,6148.019745203838
21284,5917.195531394455
21285,4650.2447127690575
21286,3913.855472985298
21287,5191.336361992747
21288,6061.4033666381465
21289,5600.941744626355
21290,6826.124228317689
21291,6809.647914833701
21292,5442.617789320271
21293,6854.816220519582
21294,4197.4674368590095
21295,3424.160282575672
21296,5818.4662427442445
21297,9420.381119117683
21298,6091.526138399738
21299,5849.628571907926
21300,4297.474494023143
21301,5763.194527128595
21302,7592.342726146544
21303,4571.736407294915
21304,6137.424319472196
21305,4588.960677883763
21306,4219.263146024761
21307,5192.397393575731
21308,5532.8722863198755
21309,5170.637425469378
21310,4789.847092829712
21311,5737.683085837062
21312,4328.612523574757
21313,6860.13456681035
21314,5503.567488199013
21315,5399.356387477032
21316,5779.728716898929
21317,6118.162790699523
21318,4931.334722483509
21319,4912.104833938927
21320,6266.131695894177
21321,5993.411391993769
21322,6471.036559701187
21323,3196.7645478544678
21324,8372.587073502626
21325,5261.948162027471
21326,5023.407230022441
21327,6193.017676822816
21328,7556.322947922014
21329,6825.211710863231
21330,5613.359063998134
21331,6089.620970044943
21332,7310.804923585308
21333,10234.113487804596
21334,4712.509996563693
21335,5485.912726371741
21336,5192.822519711239
21337,6958.385924244986
21338,5561.550696516011
21339,7306.265121755032
21340,7052.7689516651535
21341,5665.911321698262
21342,4442.859050560514
21343,5329.69421900601
21344,7494.333745781701
21345,4907.177599087598
21346,5842.787755978418
21347,4298.975410051478
21348,5745.302733503051
21349,5613.52138429043
21350,5738.818570887892
21351,7612.330868749217
21352,5349.426282605566
21353,5275.499266462551
21354,6202.546569613694
21355,6228.5853296582645
21356,7101.382059429457
21357,5725.325787661593
21358,6403.631209750029
21359,5398.693550197911
21360,6375.973672403432
21361,7262.680633896978
21362,4352.926004088852
21363,7523.859710085747
21364,6011.375118144057
21365,4591.23569840056
21366,6283.040454667277
21367,5232.957480163363
21368,6189.483889682399
21369,6268.7832628463675
21370,3501.444344632398
21371,3826.3070674140877
21372,5768.863858796224
21373,7391.830500033873
21374,8140.238992605952
21375,4689.394339374576
21376,5523.700502491708
21377,5460.3634012306375
21378,5989.059395507066
21379,4803.598435641576
21380,8446.890138380417
21381,7183.465649610464
21382,10241.355052363175
21383,4816.626267684559
21384,5024.481119320681
21385,9305.82667731092
21386,7337.922825791193
21387,4527.216216542904
21388,7760.229966172256
21389,5704.506959762762
21390,4444.388184802328
21391,4639.131222010508
21392,3791.685637364513
21393,4817.926718251011
21394,4984.065093163317
21395,4545.098675191978
21396,4244.565851303624
21397,7865.1021685434125
21398,6402.661070336881
21399,19706.84384114487
21400,5593.438976489188
21492,2963.1221624835794
21560,3985.838168295725
21601,12317.285046152
21602,24811.69304855915
21610,5419.330380669905
21629,4310.303631930871
21639,4578.789081237211
21657,8317.02603458631
21674,5888.170889485681
21736,2129.796582330829
21750,4712.687749091344
21793,5322.6418570481765
21803,2855.4444212721633
21807,3108.5358117818264
21834,17156.969948561895
21848,5663.970884734587
21923,9658.322203050728
21967,3407.0084691687466
21968,13934.584191022737
21996,9879.279942633837
22066,3284.705041642763
22070,3347.058970789686
22121,4197.007432124826
22136,8817.200919050858
22200,3280.5179370083306
22241,10204.449193291179
22242,5360.574826426533
22257,4573.686163164267
22258,4532.81063211138
22259,5424.5694071430635
22260,3822.2963984212643
22261,5176.173358651591
22262,3815.161200690075
22263,5922.995898946342
22264,5891.272091157834
22265,3975.7771307994894
22266,4019.00275971687
22267,6108.674835287637
22268,5657.089090987308
22269,5099.537936499415
22270,6693.143443958405
22271,5242.930999325767
22272,3465.070422983156
22273,5088.971505100636
22274,6928.683111440509
22275,7968.217093467017
22276,7524.311487415837
22277,6509.9974098696775
22278,4062.747042036449
22279,5981.945004986586
22280,3388.6714963932404
22281,7685.304820354065
22282,7167.810160185153
22283,7648.052305972844
22284,5238.117443096858
22285,2921.435378025697
22286,4585.55791736954
22287,5565.634274219261
22288,8044.746452464763
22289,5483.840126811592
22290,4671.7551812402935
22291,4144.203524142814
22292,5911.9677590128085
22293,4430.143415598198
22294,6743.857192768103
22295,4698.0806922600505
22296,5245.625994609707
22297,6225.033022213982
22298,4035.222151881376
22299,6671.705848417072
22300,4725.713662103805
22301,4372.15302402939
22302,4490.331014952414
22303,6047.231688574109
22304,8734.389570721483
22305,5580.609881724937
22306,6257.631687123257
22307,6454.259373004796
22308,7302.536039252116
22309,6508.852646654601
22310,6009.642489594228
22311,3295.718005345001
22312,5219.539547927872
22313,5786.1435904606815
22314,5526.613716119651
22315,7342.006815851797
22316,7272.045266696352
22317,4142.33833094051
22318,5892.04323432466
22319,6304.5681591330585
22320,5331.099538288766
22321,4357.843697389019
22322,7783.300635016029
22323,3459.9861777249416
22324,5969.568698141261
22325,5403.4473536635005
22326,5040.401049458821
22327,5090.594920501242
22328,4115.216682897064
22329,6167.9295095246
22330,4748.353772778951
22331,5346.4936685379635
22332,6787.195160959336
22333,6159.4706551976205
22334,5154.2491760196235
22335,4051.4040441416364
22336,4734.913540496587
22337,6598.594317375447
22338,5096.216181167163
22339,3794.8333967020826
22340,6658.203292899256
22341,4733.891474598502
22342,6282.208094558846
22343,7288.0581639862785
22344,4466.627752405864
22345,6339.943790149525
22346,5216.549424826043
22347,5450.371064872562
22348,4700.039558022624
22349,4511.7933196641825
22350,4862.958019877875
22351,4442.20343599119
22352,5813.815246878158
22353,4943.984847681953
22354,4315.964413197611
22355,4409.6214322677
22356,5654.560803719005
22357,5249.541223011803
22358,4329.342739801036
22359,7077.648509502892
22360,4499.353350293559
22361,5004.9229386201905
22362,5232.526355448734
22363,4069.5799952192083
22364,5382.834204773082
22365,5526.248529044586
22366,5812.603928278533
22367,7109.524361505909
22368,6624.051496302534
22369,5063.096993294602
22370,7129.3684723775705
22371,5051.666955905074
22372,4547.480776240305
22373,7080.409078586886
22374,5436.903098134389
22375,5809.48030272523
22376,6715.4236271990285
22377,5786.016885051737
22378,5332.676976069869
22379,5354.9606510850435
22380,6373.515053333651
22381,3863.296668334694
22382,3876.8422129240453
22383,4633.890187070847
22384,5056.72744736514
22385,6101.684558295411
22386,3393.520686549443
22387,5324.914523515484
22388,6709.64091452409
22389,4427.18208116698
22390,5789.872332212289
22391,4391.135501119772
22392,6381.384589262368
22393,5785.936661631977
22394,4410.729013729279
22395,5165.823079287013
22396,4797.5593333140705
22397,6603.483308233156
22398,4421.9981106580835
22399,4319.003230549616
22400,4485.100357834553
22401,7296.370876980996
22402,5707.367244323956
22403,6538.358889071733
22404,8531.923199993242
22405,4906.477161061894
22406,5219.237035882643
22407,10575.232532943955
22408,4787.087463985949
22409,5822.455961788694
22410,5105.846853383637
22411,5334.976481453155
22412,6305.10634468653
22413,4522.837643900615
22414,5214.437387083541
22415,5488.765188417976
22416,4292.760031313169
22417,3920.3280928084678
22418,4195.497045067598
22419,7102.9078598581245
22420,7654.467052636544
22421,5221.091547178126
22422,5241.132765359666
22423,5483.305094464339
22424,3922.852830040407
22425,3169.1236056868224
22426,4184.611592084883
22427,5567.922343292383
22428,5764.312646514108
22429,5598.697293033618
22430,4773.342251776815
22431,6801.433034228853
22432,7327.868520409884
22433,6560.42797413803
22434,5844.113221618487
22435,5922.744454564291
22436,6973.386847756765
22437,4538.111054338118
22438,5551.523024548775
22439,5692.324448837808
22440,6250.918559826807
22441,4433.702866987124
22442,5050.9191957508665
22443,4334.111360553213
22444,6904.156556224407
22445,5670.051944378831
22446,7075.247510551729
22447,7081.546350325058
22448,4899.725170915231
22449,5942.613247872415
22450,13450.922524888523
22451,8453.725374797521
22452,4743.813301086487
22453,3399.8902016034767
22454,6162.45744783188
22455,7908.897457567381
22456,4104.104354741066
22457,9996.267879086281
22458,15849.89027649339
22459,5901.597056009304
22460,3846.9608488113945
22461,6652.123954476469
22462,3839.465330123157
22463,6972.613230173145
22464,4354.3065745343465
22465,5601.705825869619
22466,4531.516562052373
22467,6947.197723150201
22468,6494.475969195216
22469,5418.966688146982
22470,7005.212934954068
22471,6012.951569083111
22472,6281.442700624816
22473,6236.590945737118
22474,5451.953897383239
22475,4705.517797919579
22476,6830.991886811129
22477,4560.6865936206505
22478,5277.935586742252
22479,4648.618996099541
22480,4302.377690498829
22481,4417.490167290171
22482,5634.759112495479
22483,4353.705926144229
22484,6605.584020729316
22485,5786.630333825315
22486,6039.306527511121
22487,4316.113411123559
22488,4802.351093933017
22489,4029.382804703164
22490,5085.947964271749
22491,5339.89330170915
22492,5477.612591880201
22493,5561.135309314979
22494,5574.340159658471
22495,5732.644816875027
22496,6038.823470088324
22497,5852.090980626351
22498,3558.0597506841495
22499,3587.4583704790366
22500,6764.016482553342
22501,5382.950261721408
22502,5273.363329143107
22503,11550.372967480156
22504,6292.805657301252
22505,5696.2378531898885
22506,3717.893973934604
22507,3543.19165740056
22508,4283.724379437639
22509,4118.812779597069
22510,4560.496650800985
22511,6394.923785900955
22512,5094.203138736272
22513,9080.178778419377
22514,10407.899115066522
22515,5782.618281055107
22516,5827.585589261795
22517,4291.035741480628
22518,5669.882441546747
22519,5441.303640145893
22520,9549.131753993292
22521,6275.767041792536
22522,5981.6658636496595
22523,4697.237587733827
22524,5669.882441546747
22525,5405.045087286876
22526,5922.010656385562
22527,5589.705178042294
22528,4839.4234098708475
22529,6196.174715042799
22530,5904.333924689016
22531,6945.770464520105
22532,6814.763483186355
22533,5808.106084331466
22534,6337.9184490471125
22535,6373.4387151835845
22536,8838.055249569645
22537,3697.4358799569404
22538,4657.957804674119
22539,6456.5988519377415
22540,6935.8928270031165
22541,6168.943814415643
22542,5796.307389294235
22543,6681.316207899453
22544,7077.009949999691
22545,5366.778587791264
22546,5813.743253490338
22547,5939.046181440415
22548,4777.709764189514
22549,11623.90932036026
22550,13166.907277517379
22551,6072.336253524549
22552,6258.292276480372
22553,6773.140878555004
22554,6492.319509885325
22555,7124.644931167125
22556,3775.060360901212
22557,5085.455680920325
22558,6461.114541889846
22559,6571.521830306422
22560,3444.724339458679
22561,4482.192061330974
22562,4980.600333361654
22563,4426.509976618997
22564,5433.262881424401
22565,3827.444203540679
22566,3699.400780143771
22567,5925.855046618234
22568,3743.499140751984
22569,4007.1751220384085
22570,4996.564259781073
22571,4957.553936635485
22572,7024.725603992764
22573,8341.61396400878
22574,6742.782947423641
22575,5712.301445888315
22576,6192.40696780503
22577,7915.1741054871145
22578,5811.329002978829
22579,3988.688314644167
22580,5330.282875083116
22581,8967.817154394976
22582,4921.068525649076
22583,6418.004359238872
22584,5371.096598320117
22585,4734.850477176236
22586,6062.5751552067395
22587,5256.526164892941
22588,5580.840189463286
22589,6810.3881956506375
22590,7441.902241342886
22591,9392.085670112145
22592,4037.994904802324
22593,7587.552755096356
22594,4020.676533063408
22595,4658.45508750654
22596,5370.051178705063
22597,4063.0690537564337
22598,6213.168374836809
22599,4135.869951909587
22600,5897.095186504445
22601,5658.510158530894
22602,8761.440374715963
22603,7383.76188076499
22604,4607.894782684239
22605,4842.712124873008
22606,6159.885066334981
22607,6468.073350545847
22608,6997.1973540361905
22609,5499.419402184359
22610,5730.470084655539
22611,5940.8236154479055
22612,5511.859390513263
22613,5087.84610281993
22614,6429.7718778299395
22615,5611.175735047941
22616,9561.62215789463
22617,6408.266233199793
22618,10969.09529680042
22619,5294.090801923308
22620,6687.84929049421
22621,3611.3790255715867
22622,5487.703894741102
22623,5311.417668040317
22624,5532.577492755372
22625,5712.3535636476945
22626,5824.994009224656
22627,3843.656235201079
22628,6201.3399563534285
22629,5120.278438523346
22630,7448.918570255634
22631,5853.605632235917
22632,5153.360911928947
22633,6229.557200684947
22634,5650.626562581078
22635,6445.346844880714
22636,6394.011027046592
22637,5036.246154985732
22638,5526.033762679737
22639,5631.989413240034
22640,8167.41575210882
22641,6956.415579171593
22642,4732.924478847204
22643,4752.6888759988515
22644,5831.808428954307
22645,5661.283117985632
22646,4795.088466439072
22647,5751.001711618902
22648,4880.854378877344
22649,5219.638889539738
22650,6222.620668592169
22651,6360.354051462226
22652,4885.7096579218005
22653,4820.1364868308565
22654,5454.086034613389
22655,5960.047593995786
22656,4584.972704240876
22657,4549.11729182463
22658,6583.415821658345
22659,5602.851112325731
22660,6784.57522997247
22661,7816.4086757607465
22662,6577.255103442196
22663,4190.0510541354815
22664,5552.06185237297
22665,8063.824785566654
22666,6080.868997712342
22667,5585.800028079498
22668,5350.132877905594
22669,5232.272240630707
22670,4383.082155635233
22671,4777.340022820587
22672,9370.118693366638
22673,5896.769371950094
22674,6229.826260542769
22675,4648.183690452955
22676,2952.0003731818542
22677,8189.265218833178
22678,5711.791262621916
22679,5175.726628510808
22680,4051.176564337615
22681,5837.295159681238
22682,5183.265996771279
22683,4877.175963079311
22684,5772.333118691055
22685,6330.523107356022
22686,4048.0790657757207
22687,3824.6115154565164
22688,3704.972410801587
22689,6789.180245399956
22690,13733.889630661135
22691,4291.657093969197
22692,5466.456585824767
22693,6257.532985435552
22694,4204.758796429239
22695,4617.304905519151
22696,5341.16317988089
22697,3959.1853726409977
22698,7262.773967304497
22699,6419.613156267271
22700,3075.7052578043326
22701,5832.895559699039
22702,3923.1766026693826
22703,4329.64156846902
22704,6037.337285939514
22705,6431.822862956962
22706,8144.74200155334
22707,4722.942634708683
22708,5112.715381923506
22709,4319.992570851317
22710,5965.370830187832
22711,12292.097480329936
22712,6964.62379727501
22713,6172.491734253312
22714,4118.489915832958
22715,5539.219747713214
22716,4579.926793196672
22717,4269.843172271357
22718,6495.582182921639
22719,4646.915193241041
22720,5970.672247587066
22721,6310.174559921429
22722,5019.284328856949
22723,4228.832452063163
22724,4467.232986138143
22725,6078.133104124533
22726,5539.960715360443
22727,4300.796378797847
22728,5067.283079749858
22729,6222.439769652776
22730,6612.8558822330115
22731,6138.506324723185
22732,6442.550649070346
22733,3698.4501547309433
22734,7259.861043620236
22735,4775.5139945663495
22736,3462.1005532177855
22737,4826.669387446096
22738,5741.002605953195
22739,4684.501370400556
22740,6681.174889524099
22741,5141.692578402485
22742,6000.236082933424
22743,5501.592205223279
22744,4775.114937263855
22745,5300.149314430054
22746,4580.598864809521
22747,6259.348823851966
22748,5283.150713855699
22749,3764.156859239191
22750,7396.91703382582
22751,4186.776401808027
22752,4434.734943761008
22753,5582.021735595267
22754,7380.535138137583
22755,8435.46617052994
22756,4622.862723843141
22757,5371.8496702813345
22758,5355.753288274004
22759,5930.60448229754
22760,5308.734363863359
22761,7117.155103883075
22762,3522.6060004441397
22763,5181.441649839061
22764,5235.813605849164
22765,4565.419498263376
22766,4136.739400862925
22767,6129.782386792303
22768,5825.542982757705
22769,5155.035524906719
22770,5952.006254641161
22771,6181.0987695760705
22772,7514.164040539722
22773,4485.468189131356
22774,4688.895381148018
22775,5021.975697511536
22776,6021.789910351852
22777,6147.7597462675785
22778,3316.0978896611023
22779,7811.8307206247955
22780,5965.974874515636
22781,6015.559689554704
22782,4991.315044537694
22783,3439.687883617972
22784,5622.669904473249
22785,4456.667984726557
22786,6754.993760364032
22787,5308.143327684795
22788,4922.572359809875
22789,6752.399979125303
22790,4835.4082374157115
22791,5471.634977331958
22792,6947.597606657628
22793,4484.505857903032
22794,6600.178886583356
22795,7819.198099710507
22796,6017.016427328723
22797,3871.7813103461754
22798,4439.367586426933
22799,3417.606190537837
22800,3216.8177820758606
22801,4982.302166551155
22802,5712.845502118683
22803,5965.186797940021
22804,4302.083863017608
22805,5315.706950104805
22806,4848.50854047053
22807,8771.333609011348
22808,5089.674005403049
22809,4968.516876568544
22810,5435.309949256485
22811,6356.183432432495
22812,5650.5658819787695
22813,5378.536196348116
22814,5888.421543223603
22815,7666.5556598361545
22816,6000.429842152471
22817,6348.652241622649
22818,5845.265506385693
22819,4888.141771531181
22820,5038.353513610728
22821,7410.511892929047
22822,6865.243722607762
22823,4873.872912387837
22824,12516.905280093324
22825,4782.956500565853
22826,5191.64671076498
22827,4580.963458941668
22828,7034.936297973115
22829,6680.152778120215
22830,6080.3505505924395
22831,6629.887793041255
22832,6392.529638372079
22833,5806.368814148685
22834,5988.923082424541
22835,4668.69943698906
22836,4274.284532091361
22837,5215.783474181012
22838,4184.454106865393
22839,3731.5836531267882
22840,7309.081741667749
22841,16509.105701051285
22842,5402.243576054176
22843,3938.135134007543
22844,4842.049160779201
22845,4089.1288797700104
22846,5645.317153079432
22847,2549.1647794691003
22848,6401.373793465929
22849,6052.448827646192
22850,5502.5430311280315
22851,8222.001293099696
22852,9895.442977837172
22853,5019.231967528163
22854,4264.368973607983
22855,4846.089081965345
22856,5197.873772367282
22857,5595.028526913877
22858,7200.624792592674
22859,4014.1022676976154
22860,4358.381724541206
22861,5400.569002736826
22862,5257.736124246189
22863,4848.71880710166
22864,5676.904174689686
22865,4480.365758482954
22866,6596.033546047173
22867,5765.112824200671
22868,5397.103704124178
22869,4376.301078707012
22870,4298.3253428956905
22871,5554.869780853212
22872,4150.59837382072
22873,6288.352028262146
22874,5033.024147222258
22875,3834.1272245312407
22876,5997.667222066074
22877,4957.943090180565
22878,4871.462670817806
22879,4703.715477675288
22880,5315.199248014528
22881,6382.3015326025
22882,5787.466004964996
22883,5661.515255968569
22884,4530.489376804885
22885,4382.0742388312265
22886,7062.0626499259015
22887,5855.375338926628
22888,4561.112259749103
22889,5418.093667714417
22890,9028.956766447278
22891,6437.359285364839
22892,4590.735573406434
22893,5117.984974132139
22894,5907.723560584916
22895,6248.708789300489
22896,5593.662858949544
22897,7291.381539716123
22898,5363.1711595677525
22899,5324.0368433958865
22900,4134.9065967329825
22901,2351.2513593280682
22902,4989.737240265383
22903,15736.101674476786
22904,3123.229120494579
22905,4312.0257214439025
22906,6438.808089778305
22907,6497.179973624112
22908,5351.1535686355755
22909,6387.842007786696
22910,4497.734278851278
22911,5861.343138415026
22912,4667.301402969603
22913,5609.563908229073
22914,4252.297274950248
22915,5048.8170226152315
22916,5730.445819380404
22917,4369.605992604553
22918,6796.278437662803
22919,6142.71093919417
22920,4151.993944689481
22921,5600.3985289045
22922,5228.940970535395
22923,3198.35293083655
22924,6341.692819335709
22925,5177.033473119727
22926,4800.900295150823
22927,7580.131286022555
22928,6188.062719176269
22929,6057.429180864877
22930,4873.7003379470625
22931,4254.115210753002
22932,4757.30498969602
22933,3370.5393928571516
22934,5672.183287530274
22935,3668.307402371956
22936,5664.0065358336415
22937,4504.960406742253
22938,6204.351005185059
22939,4440.000285654603
22940,5155.481776652485
22941,5278.207181895528
22942,6484.980411856556
22943,4766.150938341851
22944,6017.736539811197
22945,5379.554466150467
22946,5319.25991994552
22947,5857.1244026120885
22948,6475.892254926283
22949,5134.830249704433
22950,6295.697641984273
22951,5799.799981877821
22952,4899.666972974859
22953,7764.979812381109
22954,5924.52362431242
22955,6851.097781002917
22956,7432.070132895508
22957,7130.91968153312
22958,3653.6718843194913
22959,6705.880310108745
22960,6251.2242151982
22961,6661.568095703343
22962,5861.849113611627
22963,6537.495554554203
22964,6688.131533436229
22965,4252.201471874868
22966,4920.667716285638
22967,4307.112002072365
22968,5868.738409011112
22969,5831.635822849729
22970,4573.681679132257
22971,4802.655619302334
22972,6138.835639846118
22973,5465.043654720925
22974,6260.731327282193
22975,5374.386694276124
22976,6491.439155838225
22977,4213.170467328161
22978,5060.589824330929
22979,5316.5598225834465
22980,4003.0254565454493
22981,5472.60692219968
22982,6430.725438160186
22983,5314.785074851981
22984,5270.261403701476
22985,3164.662327742529
22986,5989.38167490878
22987,5506.931521717401
22988,7282.807399506333
22989,4964.839959493086
22990,2855.2108318405644
22991,5228.279120287474
22992,7313.57136620137
22993,4338.8921468144945
22994,6318.859926557567
22995,6121.296878989911
22996,6033.337838608847
22997,4936.322137506335
22998,2943.440172974573
22999,5195.049305618669
23000,6057.1699605995445
23001,5507.693132785399
23002,6291.298095474017
23003,6291.9424787694625
23004,4868.349364520928
23005,5970.095555900085
23006,3347.655591506405
23007,2348.0455910117985
23008,5615.929358545629
23009,9102.923231283994
23010,5340.400569472056
23011,5050.751452412535
23012,3604.8897804546377
23013,4880.478335325046
23014,8094.621576014875
23015,4557.177529449865
23016,6118.398478058206
23017,4107.542767530555
23018,3851.2137032594255
23019,4427.838977085384
23020,4830.447229589007
23021,4399.0957173422785
23022,4051.006258375044
23023,5805.135658901179
23024,3521.3770533466504
23025,6534.879138320115
23026,5026.074034264558
23027,5492.471805523211
23028,4980.851597403538
23029,6187.369021411226
23030,4599.16797609171
23031,4391.836720590311
23032,6220.116376410835
23033,5177.227592621428
23034,6316.53104780089
23035,2177.252536730215
23036,7569.745750307296
23037,5640.464553567281
23038,5013.325957522983
23039,6310.129374820776
23040,8410.76102598791
23041,5990.71688753178
23042,5711.473267860103
23043,5249.684626144406
23044,7205.84518719556
23045,9821.5288291935
23046,4144.794034541006
23047,5331.998122682736
23048,5548.6347744599125
23049,6440.680488180747
23050,5813.021763505745
23051,7407.08234129418
23052,6611.657150911766
23053,5977.586742707078
23054,3792.6080169483002
23055,5788.3566536592025
23056,5568.9341178070445
23057,4167.971703377579
23058,6118.058486610319
23059,3730.8850169996645
23060,6137.279825299037
23061,5441.67733968802
23062,5036.422011465066
23063,6835.789161503562
23064,4618.090510520147
23065,5590.988972302525
23066,6271.752800325397
23067,5715.782012833664
23068,7038.509685536349
23069,5022.929228238767
23070,6384.927557632848
23071,5314.775731007941
23072,5541.478849071981
23073,6700.841524297978
23074,3650.5009473579803
23075,6748.916078827767
23076,6040.544661638497
23077,4980.572597927251
23078,6402.331623722809
23079,4270.037222551679
23080,4974.476832572067
23081,5496.396315577218
23082,3044.8559669170722
23083,3021.447829970839
23084,5804.8739286225955
23085,6200.103418758094
23086,8365.075555506444
23087,5006.872981539092
23088,5061.119868582938
23089,4771.985643722469
23090,5992.737957985949
23091,4085.6259873923295
23092,8692.311078551706
23093,6274.032521819922
23094,12011.577519583252
23095,5743.472419240984
23096,4470.176932694189
23097,8557.310015521796
23098,6677.554046857748
23099,3910.565373023619
23100,7713.346282602855
23101,6170.593014737363
23102,4914.443217467086
23103,4762.098869170623
23104,4020.117824027265
23105,3767.8756122537957
23106,4278.4782434779245
23107,4585.768223564038
23108,3407.916777064647
23109,8011.797560493184
23110,5516.843771943378
23111,22051.29359494545
23112,7192.417778169148
23113,5491.344100207352
23114,6764.649814151591
23115,8718.72978551866
23116,6398.459002332212
23117,6984.86331257179
23118,6082.399511796846
23119,7448.671316598172
23120,7544.481022296325
23121,6038.583733472481
23122,5920.9090707930045
23123,7222.149902431983
23124,7461.376575121893
23125,6741.042220729783
23126,7403.67922624336
23127,7210.381649252964
23128,5615.888791652327
23129,6873.532506137094
23130,9263.987769820762
23131,9417.261135741326
23132,9863.59260601976
23133,7860.521553205495
23134,5128.329956937445
23135,7383.42259989594
23136,5617.5364486849385
23137,8505.64569741041
23138,8409.751161060678
23139,8301.074239963578
23140,6931.470539161925
23141,5639.857914890826
23142,6067.240660126199
23143,6447.999616940442
23144,10620.614394954144
23145,7043.462204432607
23146,5903.9142552110325
23147,5948.093474589803
23148,7135.841888094964
23149,5850.518867214172
23150,7530.817039116621
23151,6306.137248028026
23152,7307.745643225508
23153,7142.750503377979
23154,6011.625274647865
23155,8102.898462986438
23156,6552.22745861548
23157,5785.820453327638
23158,6443.519855131163
23159,7269.557134019043
23160,10789.081029018043
23161,7140.2319593459515
23162,8443.597523511631
23163,7055.463441164313
23164,8135.022577848999
23165,7773.6998948497085
23166,8581.110151565776
23167,5662.647183036665
23168,6351.394663035786
23169,7733.895032837998
23170,6595.047400127546
23171,8722.243763222485
23172,7719.566683892889
23173,6198.9318471006145
23174,7258.5013834914
23175,7028.464305633012
23176,9337.695818729388
23177,6098.804315794732
23178,10172.618553506596
23179,5262.841799348617
23180,6709.5731024605475
23181,7934.280860739161
23182,6470.343180927937
23183,6666.151795556296
23184,7222.352994067194
23185,7569.614883603434
23186,5499.4893129926195
23187,6111.106301885967
23188,7829.431205756852
23189,7056.164480097458
23190,7141.139232062485
23191,5286.300440122071
23192,6482.049256284194
23193,7912.896008009997
23194,7021.347898888737
23195,5645.571804854494
23196,8186.505987069607
23197,6371.97787460579
23198,7664.930387954524
23199,7579.290860395001
23200,6353.139071601045
23201,7568.568585643365
23202,7083.981587001262
23203,6940.361606534138
23204,6643.699611047248
23205,6627.009123398375
23206,6554.275794658916
23207,6089.523482808018
23208,6506.44132049836
23209,6876.84784683241
23210,5862.009685715985
23211,5407.50225652896
23212,6410.400265064355
23213,6178.490220182278
23214,6213.857325262002
23215,8099.966784165462
23216,6762.999052466758
23217,6766.505749958442
23218,6090.320545340085
23219,5952.440383266142
23220,6623.423786778617
23221,7959.200513353156
23222,7757.849715875128
23223,8143.893658904965
23224,7888.898744497642
23225,6456.523491364341
23226,8464.157438053642
23227,7010.72463540661
23228,7173.365340097745
23229,8393.397963909709
23230,6790.862247849365
23231,7895.314297180607
23232,8190.716810829177
23233,7379.304912537399
23234,6878.9953978708445
23235,7223.77095019937
23236,7479.982508722803
23237,6175.089942854288
23238,5821.149801376515
23239,6126.526899934167
23240,6991.841736698128
23241,7127.066070023045
23242,5439.667745540894
23243,7262.12335446534
23244,7120.749608145155
23245,6154.474941872309
23246,7274.158766227496
23247,6350.051198870915
23248,7743.105722899384
23249,7105.949402164765
23250,6367.539432900298
23251,6388.971197415458
23252,6807.813245633547
23253,7868.330556428264
23254,5071.984878605775
23255,6796.646593683188
23256,6008.047230551533
23257,8458.942321579962
23258,6834.733962335135
23259,6937.1035741708065
23260,8840.722547297404
23261,6565.614399182815
23262,5891.082595730427
23263,10909.190045198957
23264,7332.2179768650485
23265,6944.030517332471
23266,6921.428235469454
23267,6179.94879532709
23268,7620.212153814533
23269,5732.707695817284
23270,6534.184184141601
23271,7499.019100737452
23272,5758.225398541081
23273,5328.842531644516
23274,6509.484855674117
23275,7953.973275809797
23276,8647.529394387946
23277,6771.58349265548
23278,6856.213110519545
23279,6772.280936582856
23280,6346.847734472704
23281,5012.809229613012
23282,6080.49702178525
23283,6828.85816181881
23284,6190.344068295773
23285,7064.3196623897475
23286,6710.551082726671
23287,7819.387205899093
23288,8845.236265692261
23289,7810.131629869594
23290,6883.250502244404
23291,7720.058488454102
23292,8457.673281771975
23293,6783.773275191318
23294,7959.616931556527
23295,7239.609567696745
23296,7543.830517574032
23297,5936.1741609392075
23298,6377.375092397717
23299,6035.827923955709
23300,7933.957317421234
23301,7263.339971864493
23302,9011.071663264673
23303,7502.048896669428
23304,6417.938145770654
23305,7030.335400300487
23306,14573.93081338655
23307,10923.631052938948
23308,7085.813437630845
23309,4675.917346578801
23310,7275.932514976226
23311,9277.497898107506
23312,5771.789540523965
23313,11230.654172269158
23314,14374.048180983957
23315,5799.521093257585
23316,6140.291238756425
23317,7547.583744291962
23318,5804.601543079509
23319,9575.514131748914
23320,6665.738245320011
23321,7500.096005714942
23322,5049.672203189957
23323,7525.719187420587
23324,8122.351158388603
23325,7255.982691119518
23326,7684.744154914427
23327,6621.308243001451
23328,7447.880745494515
23329,7077.9844440709885
23330,6422.2061099188595
23331,6616.5825363895465
23332,7632.895024724701
23333,6682.094150935229
23334,6432.398054342416
23335,7396.670249033016
23336,6499.690213096217
23337,5619.3836439279685
23338,6954.944357880306
23339,6457.572495404047
23340,7804.37642923669
23341,7068.926650753892
23342,7314.9092691955875
23343,6022.842464805261
23344,5808.160189242006
23345,6752.617438764538
23346,7489.689955198219
23347,6026.703848659629
23348,6402.8802217592765
23349,7228.944047812903
23350,7329.130254877213
23351,7656.871849750157
23352,7126.109357457347
23353,7453.955050310698
23354,5508.933054973639
23355,5355.288261920981
23356,8717.385342116788
23357,6544.565338441715
23358,7080.152673240982
23359,12829.19274628828
23360,6851.215976684159
23361,7821.046493018988
23362,5542.937934994639
23363,5802.400431499133
23364,6436.583897072189
23365,5598.423178577414
23366,6503.743227113582
23367,8404.258845496614
23368,5920.255131483563
23369,15156.974988679947
23370,12249.357892366666
23371,6125.592729264549
23372,8239.403873203855
23373,5582.278250327835
23374,7382.142962003048
23375,7503.993705481264
23376,10649.53789119023
23377,7799.640793676754
23378,8610.21566883406
23379,6339.72577151362
23380,7408.287054482936
23381,5774.349685477525
23382,8118.3974337560285
23383,6891.786065722048
23384,6259.410000635675
23385,6662.659533027786
23386,6437.994216275368
23387,8005.128499816304
23388,8593.527323259272
23389,6112.376385441315
23390,8226.64345884601
23391,7621.520968975684
23392,8809.67758274508
23393,5567.807117489288
23394,6391.440980220733
23395,7686.982815015787
23396,8796.318304343915
23397,7389.106347521238
23398,7592.676437060098
23399,7636.8831586278575
23400,8256.662771343817
23401,5824.552353523427
23402,8407.469805644505
23403,7416.397467540219
23404,6034.472476850544
23405,13158.72885097253
23406,13898.422486461055
23407,7741.088120251491
23408,6978.417393014406
23409,9077.215843842687
23410,8700.076181305953
23411,9278.997519739849
23412,6033.870135063299
23413,6882.125247754526
23414,7737.539347645139
23415,7921.2149850701535
23416,5166.885747291931
23417,6267.891365810926
23418,5800.281653940977
23419,6275.465937743226
23420,7761.3188190982555
23421,5198.7263454487975
23422,5846.5108761299025
23423,6490.850622448696
23424,5776.786486193169
23425,5980.649387924854
23426,5842.697757410862
23427,6770.775162697238
23428,8318.027450159083
23429,8012.962141804702
23430,8239.669890394369
23431,6256.8059089189865
23432,7431.783484978931
23433,9595.72019018544
23434,7499.943974857897
23435,5894.809499857985
23436,6455.520548573866
23437,8117.879449054765
23438,6656.865601784973
23439,7551.144337657333
23440,6303.318483269106
23441,6426.648923816971
23442,8513.015302366197
23443,6716.682903178343
23444,6137.97423286704
23445,8010.852128116412
23446,8636.986332134615
23447,9853.71833685818
23448,5955.631970412422
23449,8517.239091859103
23450,5683.84709887304
23451,6497.007352448762
23452,6687.48161879479
23453,5977.458746702831
23454,7586.479551622904
23455,5915.709721812187
23456,6485.83282889269
23457,7513.777128459733
23458,11868.320886409818
23459,8151.703748132807
23460,6447.387991836973
23461,6990.7781538776435
23462,8882.274303347393
23463,7743.676905998111
23464,8492.713932312745
23465,6129.131030541862
23466,7047.900524745266
23467,7495.894064025917
23468,6273.809541105807
23469,7033.52120979864
23470,7834.769350850673
23471,7343.537022932729
23472,11425.72198482726
23473,7683.869788652057
23474,11964.463987538753
23475,7088.231242283977
23476,8009.493688623722
23477,5216.479460016833
23478,7782.7444706415245
23479,6974.682866680836
23480,6360.1688494401105
23481,7425.699017021718
23482,6418.005810608833
23483,5652.427519548802
23484,6838.533479557023
23485,7124.420598616689
23486,7295.8452231969895
23487,6436.811596663111
23488,6618.619995164172
23489,7361.1117053772105
23490,7161.410293457523
23491,8016.1617884738935
23492,6815.919148176105
23493,5965.933999149945
23494,5938.535960599462
23495,6680.167807703332
23496,9889.151073238396
23497,7713.106042116219
23498,5971.252394150303
23499,6997.092867658425
23500,8041.229738363939
23501,7457.042874934621
23502,6785.611363697753
23503,7512.9428802346865
23504,6542.835033846195
23505,6058.987363984703
23506,6885.566316926394
23507,7406.762821103676
23508,6756.602153382273
23509,6913.9379779122155
23510,6792.044692938256
23511,6801.949425542315
23512,5741.764961499941
23513,5682.492152232513
23514,7549.846090918066
23515,7866.327925273241
23516,8106.2196281019815
23517,10995.284354058587
23518,7777.7190359079705
23519,6531.245406039515
23520,7287.8589285088665
23521,9176.414770109006
23522,7816.666073848239
23523,7205.053635654993
23524,7415.717278468987
23525,6775.488487938619
23526,6152.984912137032
23527,6298.725646928288
23528,9583.993085877877
23529,6791.0631421177095
23530,7736.369543986478
23531,6285.717378885377
23532,4775.748450963553
23533,11190.967049771485
23534,6815.545831885945
23535,6582.8030904128145
23536,6157.016459405127
23537,6366.136229565198
23538,7231.287138680866
23539,7043.347533124615
23540,6593.311004530282
23541,6903.850528361867
23542,5453.7893980147965
23543,5375.204728194701
23544,5693.958531582823
23545,8234.034643823567
23546,13408.59710153908
23547,5591.550367717271
23548,6003.51386626972
23549,7783.043701359218
23550,5639.512008905084
23551,6306.82227293521
23552,5968.238903603638
23553,6037.804644426493
23554,7760.031152501549
23555,8160.4664621383445
23556,5075.588004778988
23557,7353.906341619156
23558,5847.674370489778
23559,5795.627289329312
23560,7526.490174815969
23561,8308.943361427802
23562,9508.413463941703
23563,6785.479426366564
23564,6907.601389882314
23565,6021.256953635366
23566,7053.243604687399
23567,11407.911589817179
23568,8651.486068905597
23569,7599.169538588391
23570,5733.352399854421
23571,6490.867554752525
23572,5754.551872197691
23573,6293.018354613209
23574,8913.636188596058
23575,6551.861529295418
23576,7180.147103080899
23577,7735.124463415757
23578,6139.077899417187
23579,6046.056081166348
23580,6492.297570656296
23581,7642.425615987478
23582,7215.349328691903
23583,6010.961608902017
23584,6289.455506639223
23585,7775.399034950939
23586,8008.176734180734
23587,7825.082654752579
23588,7744.1222451703625
23589,6118.366915670748
23590,7601.984375848982
23591,6106.693554635465
23592,5090.445048489253
23593,6874.860551937786
23594,7691.386793384109
23595,6638.714390032887
23596,8011.08903758731
23597,7062.960943739191
23598,7377.545969058491
23599,6081.81795757342
23600,6483.488904704041
23601,6747.924039997643
23602,6645.701342356897
23603,7923.948360950262
23604,7057.374270150579
23605,6121.325071754314
23606,9069.646341003057
23607,6238.117094010026
23608,5526.102019264616
23609,7661.498232969604
23610,7990.643829585537
23611,10900.57141274359
23612,6071.072355687433
23613,6871.670491984384
23614,6158.713267838744
23615,7552.441936814445
23616,6925.043972432015
23617,7925.672533667292
23618,4848.940852731459
23619,6834.671668792674
23620,7490.578073170025
23621,6389.4482496823275
23622,5577.285780015014
23623,7868.931145776222
23624,7561.186177589281
23625,6361.973324703296
23626,8249.816199824718
23627,7153.088938621435
23628,8461.794246964468
23629,5559.250434869663
23630,6872.68600899658
23631,6607.278919765259
23632,6986.729705438944
23633,7955.3453052500445
23634,5044.3469285337615
23635,7815.751554784652
23636,7600.118606339753
23637,7252.167982771918
23638,5860.243192363318
23639,4998.164456899852
23640,6579.7027418942025
23641,6983.7312629686585
23642,8108.025251507062
23643,7263.280452184111
23644,6641.775166415768
23645,8368.886916243575
23646,7326.540589922589
23647,6940.854985637939
23648,7968.17059169736
23649,6003.928192713023
23650,7931.05026032049
23651,9507.832239834874
23652,7578.465461463818
23653,5497.328277713717
23654,6302.45319521649
23655,5544.551258778494
23656,4694.747058857837
23657,7717.137065303375
23658,6910.7802999548185
23659,7971.36550773625
23660,6109.357621876627
23661,7138.039423321568
23662,7037.69348693637
23663,9604.164511938186
23664,5452.062145425831
23665,6292.514465797512
23666,7135.995462226868
23667,8199.869024089387
23668,7379.717571236848
23669,7127.881608338051
23670,7216.755260271195
23671,9204.883757293377
23672,6834.379787268754
23673,7650.223837722666
23674,7212.487835489765
23675,6888.760564823283
23676,6272.461761421692
23677,8740.426040992257
23678,8721.446352205861
23679,6913.424132309734
23680,12119.065643643964
23681,6976.227610607215
23682,6512.584283959397
23683,6588.15554988664
23684,8318.809603359077
23685,7789.334037532406
23686,7644.643062455384
23687,7703.737760591545
23688,7694.101234472096
23689,6608.808385019204
23690,6783.19687675766
23691,6157.867929406363
23692,6150.522997833868
23693,6569.219542609802
23694,6350.410839134169
23695,5439.420186902812
23696,8808.21839456141
23697,15522.933072058508
23698,7146.310402123771
23699,6353.443406267354
23700,7402.478108119202
23701,4805.876522682427
23702,6847.274419034612
23703,4122.49871896077
23704,8872.755207325836
23705,7354.0204237462085
23706,7171.4702342111395
23707,10697.663762212585
23708,10396.693880974704
23709,7325.953776704111
23710,7351.497209336343
23711,5592.229527861637
23712,7107.186813325533
23713,6761.117123166825
23714,8309.02914451429
23715,5753.535456864332
23716,4738.521957493646
23717,6211.038892456354
23718,6078.229906133899
23719,6650.396159853807
23720,6329.48901861538
23721,6050.210161775406
23722,7534.034408613991
23723,7916.449281745986
23724,7449.576854752262
23725,6149.616029522411
23726,6003.436848349642
23727,7499.664239191158
23728,5156.3096887504935
23729,8150.087590938029
23730,6417.395304362534
23731,5558.2544601450445
23732,7747.4054733313205
23733,6611.807653791953
23734,5600.813092342916
23735,7142.957095805244
23736,6743.690186405275
23737,8625.322182516391
23738,8434.7869169747
23739,6927.602640251201
23740,5954.906868840629
23741,6180.233117878287
23742,7846.187828171815
23743,7013.488540840122
23744,6266.223765203054
23745,6826.739386985401
23746,9603.429122820644
23747,8211.016978413536
23748,6913.722961619042
23749,7807.051270338645
23750,6141.74075039482
23751,7844.697285072829
23752,6907.029554512177
23753,9346.391757184938
23754,7165.58134986212
23755,6257.516005503444
23756,5527.723025186687
23757,4562.8955166303085
23758,7232.864608621727
23759,16618.856151030028
23760,5228.766595745398
23761,5801.517552928106
23762,8713.692036139008
23763,7673.142712229608
23764,7862.3721130991025
23765,7689.413603886713
23766,5957.162426566358
23767,6426.603581599465
23768,6214.9986941849575
23769,7428.307813974411
23770,6344.563258672411
23771,6757.190990055417
23772,7156.708466928901
23773,5223.403645682794
23774,8040.648742737672
23775,7278.673338882908
23776,4833.070423421299
23777,7358.092756855304
23778,8049.995389398409
23779,5264.409690336053
23780,7582.100450972107
23781,6142.706818195111
23782,5835.133767760805
23783,8082.368940826238
23784,7428.470350812667
23785,7649.575899953287
23786,6545.026546019274
23787,5780.207291628004
23788,6610.123035307422
23789,4655.4433654122095
23790,7355.086149136251
23791,5765.840093401899
23792,6211.06160616452
23793,6466.971624620487
23794,7444.758636821457
23795,6044.726632066298
23796,6963.972647540324
23797,7279.8879485918205
23798,7432.762963105196
23799,6533.742882439125
23800,7130.443939199773
23801,6821.861142495481
23802,7830.047669265789
23803,7601.191228681684
23804,8568.894937123847
23805,5608.537798739986
23806,7026.009999271911
23807,7571.294434594089
23808,4922.098319923898
23809,9031.067196663731
23810,7105.519309592933
23811,8580.733249127341
23812,9427.995434371236
23813,8949.721883908072
23814,5735.0725468499795
23815,8949.232106517695
23816,8473.875326383868
23817,7991.482243766553
23818,7557.339254159828
23819,7518.64316599853
23820,7282.976776309648
23821,6369.317750977359
23822,6732.668083253935
23823,6490.902629920927
23824,6569.241805569393
23825,7381.6280540935095
23826,6063.759706480641
23827,6129.892528219603
23828,7439.317454173042
23829,6818.157681978528
23830,7278.748697993119
23831,7160.997373709166
23832,7140.7217885665805
23833,5759.611479753609
23834,7633.54319356164
23835,7091.489254674068
23836,6283.5637850680005
23837,6609.379711608508
23838,7301.876070327883
23839,6682.641152851607
23840,6611.433979745435
23841,5073.589305871634
23842,7155.017649879386
23843,7325.219662000525
23844,8247.51019592375
23845,6797.412618196266
23846,4930.341211763022
23847,6466.228707797051
23848,7728.558189743543
23849,6393.318315163473
23850,7458.84824338213
23851,7354.3882364262645
23852,6793.307886535446
23853,5981.661315505227
23854,5042.382196521313
23855,6978.948851066159
23856,7469.699012095019
23857,6584.78536267332
23858,8375.230349745772
23859,8169.736612960244
23860,6499.092197184259
23861,7458.990670903661
23862,5001.209502989493
23863,4237.874698073329
23864,6665.038273812821
23865,10927.721359779409
23866,7115.330001562678
23867,7004.696309324944
23868,5541.627171173055
23869,6899.5933693781135
23870,8951.270380380589
23871,5744.023213217611
23872,7495.57097353959
23873,5979.717224938932
23874,4664.008906016635
23875,6109.863836126723
23876,6501.887545332338
23877,6652.177442224273
23878,5623.003027340572
23879,7264.808029223273
23880,5091.0447284958755
23881,7534.465248353247
23882,7071.59400451617
23883,6800.679710092244
23884,6816.968169467479
23885,7480.265996306616
23886,6183.132115562535
23887,6607.036563242385
23888,7568.207616186433
23889,6976.850424857468
23890,7142.173669451312
23891,4093.232510754542
23892,10192.84132272884
23893,6684.521302956542
23894,6692.7441189501305
23895,7758.471894954646
23896,9093.538714515893
23897,7514.712652164372
23898,7159.2459438994665
23899,6818.330700572161
23900,9410.72455110107
23901,12535.61032010441
23902,6320.217499111602
23903,7091.041403658985
23904,6297.573608146572
23905,7960.051230529927
23906,7149.930887921794
23907,8137.592811897202
23908,8075.8794802886
23909,6535.732902066502
23910,5454.522180887081
23911,6742.6794772466865
23912,8251.31783560887
23913,6286.3817795796285
23914,6563.088442747922
23915,5860.852457021983
23916,7250.171571277895
23917,7544.379211489095
23918,6569.224783466971
23919,9108.13653329147
23920,6271.824575522883
23921,6418.20199556325
23922,7525.052149940116
23923,8003.585095038814
23924,7973.860331488082
23925,6555.732000240671
23926,7661.514927054589
23927,7302.369059907978
23928,7260.561448463301
23929,8381.821056861687
23930,5950.208343241709
23931,7738.591133051857
23932,7173.78711940102
23933,5514.654002013316
23934,8214.750810080835
23935,6635.660508590099
23936,7525.701860698346
23937,7129.143024310162
23938,5232.949790446209
23939,5203.1644564969065
23940,7199.235406558872
23941,8888.804644148735
23942,8632.082957170094
23943,5617.245618829496
23944,7088.805910874293
23945,7284.185777433983
23946,7020.9438785167995
23947,5669.931499671271
23948,9080.630635509011
23949,7865.247842753288
23950,10782.945543375155
23951,5488.991252855992
23952,6451.134976653505
23953,8564.055130518196
23954,8089.9326800153785
23955,5995.504841441515
23956,9407.68123937353
23957,6577.222040252669
23958,5623.7069382807495
23959,6120.091935746771
23960,5458.969255937866
23961,5699.534194198698
23962,6372.48079576732
23963,5749.139519459458
23964,5279.696300271683
23965,9654.985591775507
23966,7060.909649200306
23967,20396.740348073985
23968,6691.297424035932
23969,5464.278225170348
23970,6914.526514588103
23971,8978.308251368197
23972,6516.765552679009
23973,7152.953426338043
23974,6241.112905017621
23975,7657.572224337147
23976,7753.381930035302
23977,5978.895780894842
23978,6102.692475176746
23979,7050.493887214701
23980,7655.610781368034
23981,6909.1323344960365
23982,7310.482903916539
23983,7149.392192509788
23984,5789.268886365938
23985,6773.322436529292
23986,9338.538488830238
23987,9541.435960131837
23988,10006.638230937524
23989,7688.865537988214
23990,5308.554262777504
23991,7187.694579516889
23992,5741.198562284339
23993,8221.999645830327
23994,8413.638723909078
23995,8318.789073006947
23996,6773.037051619503
23997,5779.192235341162
23998,6175.2350054225935
23999,6330.5781224451275
24000,10612.18513551762
24001,6853.24147584997
24002,5748.240928778415
24003,5925.493092514877
24004,7272.6561612057885
24005,5824.645976313844
24006,7384.550441301057
24007,5893.757384801691
24008,7052.884382328105
24009,7038.053247395206
24010,5793.14984294329
24011,7931.242447769157
24012,6629.985429941087
24013,5723.885618295879
24014,6376.836170258113
24015,7109.034448183069
24016,10630.914471558519
24017,6950.011230763314
24018,8381.662688479872
24019,7073.178274207682
24020,8017.601083353686
24021,7602.043879632427
24022,8701.759634968448
24023,5706.688257231886
24024,6247.643528673204
24025,7709.027647295771
24026,6225.845828160658
24027,8585.742422895088
24028,7625.532603130389
24029,6158.392254707452
24030,7068.280654908763
24031,7152.126419232412
24032,9452.521239544521
24033,5824.200133744951
24034,11164.96097523838
24035,5444.441395135863
24036,6815.153892074395
24037,8055.533857203943
24038,6280.1224523453
24039,6542.759887929783
24040,7054.268208095452
24041,7411.44832614391
24042,5188.001983595334
24043,5721.756644987066
24044,7564.202825879949
24045,6884.508464880177
24046,7295.558582770835
24047,5380.028930249624
24048,6587.630045898041
24049,7916.783570858402
24050,7124.06374585563
24051,5953.07188374008
24052,8014.849971852325
24053,6477.558664219638
24054,7398.687359987906
24055,7418.768174559027
24056,6432.575768735004
24057,7458.373484355165
24058,7186.697433968154
24059,6615.43428206592
24060,6951.199689932834
24061,6721.112522025171
24062,6396.311667101159
24063,5852.14141486625
24064,6334.785305281078
24065,6982.428636446258
24066,5697.9350997292095
24067,5098.397558044553
24068,6264.890392442935
24069,5988.269491599641
24070,6381.079501626403
24071,8037.130047548865
24072,6868.579842080606
24073,6883.888298418169
24074,5972.899050844771
24075,6046.543781892937
24076,6393.964950394823
24077,8092.71321777343
24078,7905.246804819798
24079,8009.298640671345
24080,7717.24272928036
24081,6270.740687285334
24082,8218.183968368336
24083,7090.161332540571
24084,7270.10943692733
24085,8235.23140645018
24086,6600.641519266728
24087,7971.886051667611
24088,8032.550253369654
24089,7223.6315861047815
24090,6612.752369904228
24091,7300.342704686375
24092,7308.326493505521
24093,6295.337433960971
24094,5926.730590990363
24095,6131.01083144838
24096,7114.7299260076015
24097,6846.471301204038
24098,5365.353617937244
24099,7341.5600515993
24100,7236.806721935884
24101,6277.363131181781
24102,7083.938037644859
24103,6429.4878960048745
24104,7861.493776717211
24105,7012.2411381719985
24106,6524.97502435979
24107,6166.416406100329
24108,6930.701434943019
24109,7663.466141151855
24110,5219.381967550446
24111,6930.159298103463
24112,5755.671426450174
24113,8032.071717102771
24114,7019.487782839327
24115,6888.933539047045
24116,8621.784882702605
24117,6713.011488127485
24118,5716.08617692194
24119,11027.578099016786
24120,7132.384305930096
24121,6719.278900306782
24122,6931.125224021966
24123,5851.613801312081
24124,7373.64601200112
24125,5893.807457989303
24126,6652.572237959427
24127,7621.907290046925
24128,5793.696607286162
24129,4982.581690159574
24130,6642.997560094393
24131,7706.934189442548
24132,8187.334120065161
24133,6626.476315187693
24134,6694.727394341595
24135,6502.493290716645
24136,6404.055290331042
24137,5126.79332889699
24138,6174.6004204120445
24139,6531.371830315876
24140,6001.858191729529
24141,7211.7167513344175
24142,6789.98777986063
24143,7614.522790622684
24144,8640.669511302003
24145,7466.596329226646
24146,6629.633475311216
24147,7825.639278067951
24148,8259.810532666452
24149,6880.366707965827
24150,8080.8699280213095
24151,6972.587859545345
24152,7276.808809422631
24153,5735.083438344157
24154,6524.772181342388
24155,5750.127450008754
24156,8051.339865880961
24157,7029.183569510016
24158,8821.620715071716
24159,7562.029005049708
24160,6120.45181426772
24161,6848.851189905128
24162,14692.31886720438
24163,10732.256095420295
24164,7204.201491448671
24165,4536.662476717586
24166,6974.8612822929845
24167,9364.545976771393
24168,5806.870817607664
24169,11289.309827644322
24170,14223.730717070835
24171,5663.934077569432
24172,6236.884671530935
24173,7252.11566645931
24174,5935.742378004038
24175,9453.169345065053
24176,6788.626434629483
24177,7593.975159897572
24178,4754.255082831151
24179,7050.992820526742
24180,7933.865281822358
24181,7376.005937782035
24182,7465.806490319631
24183,6323.821911498517
24184,7194.619198803425
24185,7183.565233684837
24186,6264.504632216917
24187,6722.163326003394
24188,7517.983432556607
24189,6438.452647664879
24190,6182.679276926683
24191,7465.812753985301
24192,6605.271002710066
24193,5766.780732872639
24194,7077.832547189778
24195,6563.1532850178955
24196,7554.657651820957
24197,6741.347649594786
24198,7428.10144033936
24199,6072.568403756385
24200,5510.757768938667
24201,6849.361535594123
24202,7426.853218581622
24203,5755.721928516604
24204,6499.473654533786
24205,7387.5537758372075
24206,7131.26750577169
24207,7759.58769671705
24208,7243.491905917074
24209,7202.627846090295
24210,5588.369752107598
24211,5662.788340806567
24212,8609.533251986099
24213,6085.117658882248
24214,7224.684819538697
24215,12973.724892585997
24216,6604.649834870746
24217,7939.434546836816
24218,5134.326533925098
24219,5881.837128633095
24220,6530.687295698984
24221,5716.811232395241
24222,6621.12577557331
24223,8506.974692463506
24224,5679.124975747708
24225,15197.065930689756
24226,12196.997479926953
24227,5778.062775275762
24228,8257.567682253311
24229,5684.994097294728
24230,7502.166208665564
24231,7593.9067267921055
24232,10401.301097062109
24233,7588.866937249216
24234,8754.747815131777
24235,6455.782885304348
24236,7502.166208665564
24237,5381.18054222139
24238,8168.045247745869
24239,6710.301855326689
24240,6329.859340930297
24241,6474.173656461541
24242,6313.295359299699
24243,7944.7895878472
24244,8545.133043691343
24245,5887.624768415625
24246,8306.080155979971
24247,7433.035092409439
24248,8611.37679116475
24249,5701.319821909563
24250,6179.504981796823
24251,7389.580394712449
24252,8793.178889104935
24253,7144.528096475588
24254,7346.3417658473845
24255,7327.108415172445
24256,8015.5326156079645
24257,5636.066476957182
24258,8520.661976788278
24259,7492.969222027223
24260,5852.988266455185
24261,13069.748021876048
24262,14042.954632758772
24263,7491.369342835757
24264,6984.93176653635
24265,8915.730127664738
24266,8779.512878439915
24267,9399.020766402366
24268,6097.408888958479
24269,6961.561944888485
24270,7488.512370510126
24271,7739.730774674795
24272,5280.86984657591
24273,6354.9394444748095
24274,5525.682607077619
24275,6372.059370517735
24276,7663.350633162431
24277,5316.108893908527
24278,5940.614274756698
24279,6302.364745882453
24280,5873.379918967678
24281,5822.947910222912
24282,5592.0545879696265
24283,6617.184578885932
24284,8129.541573592837
24285,7824.476265238457
24286,8266.77868490224
24287,6068.320032352743
24288,7299.300007302122
24289,9488.471642700295
24290,7591.182430837737
24291,5988.91289848478
24292,6303.411704935194
24293,7899.823236906753
24294,6759.5814487518655
24295,7370.062655074341
24296,6064.385153243813
24297,6547.901920281753
24298,8626.20747350997
24299,6425.790154722021
24300,5803.93373663601
24301,7771.08003918308
24302,8432.1219168582
24303,9805.548301734418
24304,6001.337762606922
24305,8640.127281168576
24306,5777.950497499835
24307,6258.449472872784
24308,6401.315434218414
24309,5791.668890874783
24310,7587.772897201412
24311,6036.96271827697
24312,6646.990608909203
24313,7706.912412610576
24314,11871.193595081808
24315,8093.5858096932
24316,6552.968781450822
24317,6925.076474614091
24318,8927.980095541894
24319,7511.155318854043
24320,8579.76201097663
24321,5930.712009421794
24322,6842.993712038326
24323,7643.291152970587
24324,5688.3191392953295
24325,7102.663714750925
24326,7723.025832720887
24327,7420.108777419733
24328,11533.090596767648
24329,7451.348201507989
24330,12051.512066202638
24331,6860.021430548259
24332,7776.972101479654
24333,5306.3924813276735
24334,7872.657491952366
24335,6725.782640679418
24336,6072.913115985278
24337,7559.211721441993
24338,6206.097331731006
24339,5731.864216682762
24340,6582.35341314208
24341,7229.124336351346
24342,7390.465123852302
24343,6224.903117785285
24344,6724.20078477802
24345,7187.0592085111875
24346,6880.183558468205
24347,8118.877635440785
24348,6936.166639282789
24349,5707.872559953387
24350,5706.014373455393
24351,6782.883654670225
24352,10036.54816218307
24353,7422.282527032426
24354,6118.649483094973
24355,7083.321651620292
24356,8050.5568546291315
24357,7463.729292997025
24358,6882.204796472263
24359,7606.822034417316
24360,6648.415823460044
24361,5934.288507009034
24362,6820.914042355522
24363,7125.458880262086
24364,6887.865218203718
24365,7047.45068233249
24366,6344.261111939528
24367,6569.427838398247
24368,5777.236170245023
24369,5405.810418389605
24370,7633.874521289113
24371,7854.31947489814
24372,8180.56492464054
24373,11018.10092808154
24374,7602.176558203133
24375,6664.75811045979
24376,7380.280583294084
24377,9267.653226088845
24378,7910.394563975793
24379,7027.951126116377
24380,7495.153975602947
24381,6758.5208476688495
24382,6213.057410642325
24383,6418.97313803497
24384,9535.823050754118
24385,6528.980883553367
24386,7767.433007364927
24387,6408.60556819485
24388,4638.184414300319
24389,11258.551447419151
24390,6533.20661345542
24391,6317.877688281387
24392,6259.73230637202
24393,5956.480584843221
24394,7243.729231695901
24395,7265.491852402303
24396,6407.821838343044
24397,6641.11539140418
24398,5258.967152959803
24399,5496.457724659484
24400,5799.53932119667
24401,7959.732369152864
24402,15511.360056743404
24403,5720.201168494085
24404,5722.209925428128
24405,7870.091780023106
24406,5745.092798518933
24407,6152.8796975618125
24408,5703.313501472211
24409,6127.717665737334
24410,7386.586402665332
24411,7897.309519782831
24412,5195.835495885672
24413,7095.982605658615
24414,5967.921861596462
24415,5813.791098378768
24416,7356.563383689987
24417,8081.39522456396
24418,9621.605635085476
24419,6915.159702503945
24420,7023.658503673042
24421,5794.264739368015
24422,6964.397947246924
24423,11526.299643635008
24424,8472.823935372131
24425,7347.733594214723
24426,5877.884546152134
24427,6231.831335350777
24428,5857.2677191645835
24429,6372.45505174717
24430,9213.915898399568
24431,6667.918643086148
24432,6891.561540880134
24433,7566.277390588597
24434,5969.151108291205
24435,6151.636870780196
24436,6639.694659600966
24437,7393.368850210516
24438,6972.113694321911
24439,6044.890014927422
24440,6476.850025346205
24441,7516.3628155491915
24442,7896.293129483941
24443,7817.102371322148
24444,7479.196843038936
24445,6223.947705284596
24446,7313.755974688778
24447,6140.677113250426
24448,5136.150840683754
24449,7070.860778735586
24450,7785.265947566738
24451,6732.817788659682
24452,7694.119379907655
24453,7165.676790706083
24454,7071.564406164813
24455,5793.589556413216
24456,6589.06969431789
24457,6569.130278688082
24458,6533.817737660104
24459,8114.9377692408525
24460,6871.885103963341
24461,6218.069168583898
24462,9244.257210583479
24463,6249.134848868551
24464,5321.685983398545
24465,7808.895321914275
24466,7805.154663398299
24467,11016.628526534321
24468,6073.430611623125
24469,7026.24114079692
24470,6278.960758945428
24471,7642.3549581252855
24472,6355.480687326348
24473,7831.53306427622
24474,4876.067877368807
24475,6708.425885437794
24476,7352.3908679743345
24477,6746.549299534983
24478,5697.533271121697
24479,7511.481684083182
24480,7469.682176303418
24481,6481.996571365814
24482,8430.379643012957
24483,6928.933454126011
24484,8272.76231150187
24485,5208.2080624245555
24486,6978.266798610429
24487,6625.442728814715
24488,7191.208571487292
24489,8099.288331781513
24490,4955.366099437276
24491,7641.447530994215
24492,7119.9863285433275
24493,7047.376882256667
24494,5786.118870408939
24495,5055.37201275819
24496,6481.197074437453
24497,6959.945426424462
24498,7919.535483849703
24499,7077.791285996873
24500,6731.688187726609
24501,8157.09414955744
24502,7416.453611233429
24503,6858.810061210534
24504,8028.150700077638
24505,6125.181189177806
24506,8075.582406618204
24507,9666.141776557406
24508,7497.530692623602
24509,5614.710826173447
24510,6213.357140090292
24511,5667.4394480879655
24512,4784.660080168677
24513,7913.137292101175
24514,6641.896459231538
24515,8047.937262223254
24516,6025.56239530594
24517,7336.030497783044
24518,7134.28691971088
24519,9722.552565756012
24520,5276.519667720994
24521,5969.830193362415
24522,6876.218458027225
24523,8143.283161230583
24524,7022.404100862462
24525,7261.394312758327
24526,7319.471107238087
24527,9320.940871084107
24528,6645.347851806159
24529,7351.879083215122
24530,7043.640762662604
24531,6994.341354437131
24532,5997.497211795198
24533,8358.879805519096
24534,8818.190449035448
24535,6959.129924504235
24536,12574.397928285149
24537,7097.480607071998
24538,6452.921007152831
24539,6678.06857119748
24540,7930.567963008244
24541,7510.05741764392
24542,7378.259715419547
24543,7434.975234959002
24544,7395.47071237163
24545,6793.562205523397
24546,6504.669662913341
24547,5893.266842051545
24548,6256.103787447717
24549,6307.096985403195
24550,6384.339245159575
24551,5568.070987679627
24552,8678.074948023535
24553,15525.429112804955
24554,7249.026249090663
24555,6486.956110687628
24556,7492.391129430042
24557,4566.78610675983
24558,6441.457762954958
24559,4168.204511155271
24560,8921.715873828678
24561,7084.896200368715
24562,7304.982938631414
24563,10800.379609179477
24564,10063.581550064531
24565,7322.771205393678
24566,7474.385398645814
24567,5670.010240426662
24568,7223.243927116261
24569,6728.050925073306
24570,8092.832790741334
24571,5724.596006604509
24572,4714.01784441372
24573,6358.435981401025
24574,6115.34552442453
24575,6713.934913748987
24576,6159.7878373366075
24577,6170.233408437924
24578,7398.433482146919
24579,7986.898622040607
24580,7220.544731544499
24581,6265.770091180793
24582,5802.460152118036
24583,7593.543393373787
24584,5261.890478364342
24585,8226.65934542503
24586,6355.829946534195
24587,5652.05837752204
24588,7864.788021791048
24589,6538.743425158342
24590,5468.702941990189
24591,7102.773151416088
24592,6599.774707244095
24593,8847.46650179408
24594,8531.531013804288
24595,6793.60217263483
24596,6102.303957785299
24597,6285.813907492135
24598,7993.584917116486
24599,6890.377321963389
24600,6081.625607681613
24601,6853.848181493271
24602,9621.5929318701
24603,8270.997086793815
24604,7047.235666039316
24605,7929.939459648118
24606,6289.137839339491
24607,7938.576439255458
24608,6867.263398537749
24609,9440.495155811735
24610,6993.6433270696025
24611,6212.352229470731
24612,5671.666051718155
24613,4730.9556232006025
24614,7353.112099728411
24615,14322.26858248815
24616,5308.203292879359
24617,5631.39764424074
24618,8723.019152404202
24619,7348.101727825485
24620,8006.904259396818
24621,7463.574531096473
24622,5859.19389802455
24623,6113.384319765773
24624,6084.461627437441
24625,7551.196003283883
24626,6450.144048286259
24627,6862.771779669266
24628,7002.967096951699
24629,5393.490764694152
24630,7692.809414563585
24631,6976.410663747337
24632,4483.725299367077
24633,7460.808603822196
24634,8183.508093818688
24635,5384.657181442737
24636,7344.207372211329
24637,5975.913667123986
24638,5691.339086266005
24639,7983.454017289949
24640,7254.675533570656
24641,7752.437430152273
24642,6650.607335633123
24643,5626.465921650803
24644,6655.828827501922
24645,4353.625920670847
24646,7448.814639263805
24647,5855.75311471274
24648,6294.335558320333
24649,6546.408321754447
24650,7270.963819579446
24651,6230.48595792859
24652,7071.3412594807105
24653,7089.791798491918
24654,7195.5946929788
24655,6630.336315213635
24656,7164.279955100165
24657,6937.918256286209
24658,7919.9606905766295
24659,7693.6128834669025
24660,8682.08710826762
24661,5258.555400795813
24662,7121.296596704084
24663,7675.998172328746
24664,4901.077882638124
24665,8453.782427988648
24666,6810.098481700092
24667,8502.228744207741
24668,9544.052548161966
24669,9068.109937725902
24670,5840.653336463827
24671,8967.39591556715
24672,8607.388030804148
24673,7840.893509391672
24674,7704.736343104499
24675,7453.945508498156
24676,6920.496708579564
24677,6459.230772288199
24678,6829.412180083519
24679,6596.483419534775
24680,6689.489296676077
24681,7183.22786386475
24682,6134.209046775263
24683,6000.045004498561
24684,7233.915597773397
24685,6939.410678443311
24686,7230.032949862466
24687,7164.452109884862
24688,7230.6348098774215
24689,6011.043013721981
24690,7756.431382871113
24691,7159.073652321735
24692,6417.076489488277
24693,6730.632708073291
24694,7196.278021154621
24695,6788.221942465455
24696,6510.161164287035
24697,5258.343126375826
24698,7042.417934535238
24699,7209.73086570397
24700,7920.374640174691
24701,6930.92532261654
24702,5100.428330774379
24703,6648.173198891741
24704,7477.78250111763
24705,6516.206504472946
24706,7358.741118096592
24707,7106.830343221848
24708,6949.108285150248
24709,5703.192079938568
24710,5064.104651085671
24711,6873.350801892896
24712,7340.720758040706
24713,6555.665580947709
24714,8522.62743869044
24715,8282.928784104013
24716,6593.195595811054
24717,7360.736633521373
24718,5058.417058847832
24719,4364.9142760079185
24720,6692.620780965197
24721,11043.77847357014
24722,7209.209155745308
24723,7073.83881427723
24724,5689.024260117726
24725,6970.042709672734
24726,9075.73080384145
24727,5706.982829018972
24728,7322.732978462627
24729,5955.931388394735
24730,4760.657713368951
24731,6215.444625740572
24732,6595.990943959134
24733,6731.614139358234
24734,5702.439724474531
24735,6944.348116650507
24736,5211.292219602558
24737,7552.629057402703
24738,6993.0894995965655
24739,6669.545776327934
24740,6887.417509762101
24741,7322.981857054057
24742,6324.081968810287
24743,6754.433652187056
24744,7417.618881811552
24745,7095.238478675295
24746,7003.566664361331
24747,4161.7083189299665
24748,10226.67733862923
24749,6527.237163703983
24750,6469.8843918986495
24751,7400.210718089386
24752,8909.2307656546
24753,7380.160550547827
24754,6847.470024444043
24755,6938.578191678845
24756,9155.705546124864
24757,12564.250453330747
24758,6410.130520422442
24759,6944.125798201304
24760,6074.584008845768
24761,8047.099309193813
24762,6912.79484340855
24763,8224.640890561084
24764,8306.427109236416
24765,6045.421572997235
24766,5533.9588780210415
24767,6565.734868481482
24768,8303.815714631279
24769,6365.818476713589
24770,6350.162463818677
24771,6008.249545966654
24772,6937.959363552649
24773,7480.825928300212
24774,6552.257143197199
24775,9045.299796674874
24776,6320.785242025721
24777,6211.590934972611
24778,7298.280855158173
24779,8006.08113578526
24780,7835.681336572136
24781,6547.7517168102395
24782,7478.206865492726
24783,7043.404459439394
24784,7354.289938590855
24785,8500.209110679514
24786,6070.455834348393
24787,7818.027830185817
24788,6960.505282376836
24789,5331.345940451454
24790,8086.269979393446
24791,6755.907999696783
24792,7392.30922073331
24793,7121.16274087973
24794,5319.997869110096
24795,5282.601153630867
24796,7044.7984737657835
24797,9011.692833458212
24798,8737.663746783943
24799,5433.9375572676345
24800,7204.863024665021
24801,7342.528648655109
24802,6794.172583734857
24803,5740.380839965891
24804,8917.20613169932
24805,7985.271089415805
24806,10930.342632319827
24807,5221.825226274484
24808,6542.373432633345
24809,8717.781599831944
24810,8237.672253309169
24811,6116.757837906297
24812,9180.909944591585
24813,6697.469531359352
24814,5455.304859215077
24815,5915.0047239856385
24816,5314.10988654031
24817,5708.7106464088165
24818,6492.728286874003
24819,5602.0935543599335
24820,5190.715471175197
24821,9621.863770167425
24822,7191.221827174041
24823,20514.12289653371
24824,6507.989362474069
24825,5533.694044821726
24826,7044.9507063017745
24827,9108.73244308187
24828,6629.035189017952
24829,7244.941929786432
24830,6333.101408466011
24831,7749.560727785539
24832,7845.370433483691
24833,6070.884284343232
24834,6194.680978625137
24835,7162.763523553644
24836,7747.599284816425
24837,7001.120837944426
24838,7383.511991431691
24839,7241.380695958179
24840,5881.257389814327
24841,6885.592072868234
24842,9450.808125169182
24843,9633.42446358023
24844,10098.626734385916
24845,7780.854041436604
24846,5381.583350292656
24847,7318.118771230561
24848,5833.187065732728
24849,8313.988149278719
24850,8544.062915622751
24851,8391.818160522102
24852,6865.025555067893
24853,5871.180738789553
24854,6267.223508870983
24855,6422.566625893518
24856,10704.173638966013
24857,6965.511112188912
24858,5878.665120492087
24859,6017.481595963268
24860,7364.64466465418
24861,5916.634479762233
24862,7514.974633014729
24863,6006.027021140633
24864,7183.308574041778
24865,7130.041750843597
24866,5923.574034656962
24867,8024.552668174861
24868,6742.255066280029
24869,5815.874121744268
24870,6468.824673706503
24871,7201.022951631459
24872,10761.338663272192
24873,7080.435422476987
24874,8473.651191928264
24875,7165.166777656072
24876,8109.589586802076
24877,7714.313515971369
24878,8832.183826682123
24879,5798.676760680276
24880,6339.632032121595
24881,7801.016150744163
24882,6356.2700198743305
24883,8716.166614608761
24884,7698.561690645542
24885,6250.380758155843
24886,7198.704846622435
24887,7225.155506747565
24888,9582.945431258195
24889,5916.188637193342
24890,11295.385166952054
24891,5536.429898584252
24892,6888.182979589547
24893,8147.522360652334
24894,6372.110955793691
24895,6634.748391378173
24896,7184.692399809125
24897,7541.872517857582
24898,5318.426175309007
24899,5813.745148435456
24900,7694.6270175936215
24901,6976.496968328567
24902,7368.587670285987
24903,5492.298566588567
24904,6679.618549346433
24905,8008.772074306792
24906,7216.05224930402
24907,6083.496075453753
24908,8145.274163565998
24909,6569.547167668029
24910,7529.111551701579
24911,7512.078394964731
24912,6524.564272183396
24913,7550.361987803555
24914,7278.685937416545
24915,6707.422785514311
24916,7081.6238816465075
24917,6813.10102547356
24918,6488.30017054955
24919,5944.12991831464
24920,6426.773808729468
24921,7074.417139894649
24922,5789.9236031776
24923,5190.386061492944
24924,6356.878895891326
24925,6100.539127938583
24926,6473.068005074794
24927,8110.159135064017
24928,6960.568345528997
24929,6975.876801866559
24930,6064.887554293162
24931,6138.532285341328
24932,6485.9534538432135
24933,8223.137409487104
24934,7997.235308268189
24935,8139.722832385019
24936,7847.666920994033
24937,6362.729190733725
24938,8348.608160082014
24939,7182.14983598896
24940,7400.533628641001
24941,8365.655598163856
24942,6692.630022715119
24943,8063.874555116003
24944,8162.974445083326
24945,7354.055777818454
24946,6743.1765616179
24947,7392.331208134765
24948,7420.596129844464
24949,6387.325937409362
24950,6018.719094438753
24951,6222.999334896769
24952,7245.154117721273
24953,6919.500388719191
24954,5457.342121385635
24955,7433.54855504769
24956,7309.835809451036
24957,6407.787322895454
24958,7196.207673983801
24959,6521.476399453266
24960,7953.482280165601
24961,7124.510774510941
24962,6655.399216073463
24963,6258.404909548719
24964,7061.1256266566925
24965,7755.454644600245
24966,5292.411055065598
24967,7060.583489817136
24968,5847.659929898565
24969,8144.341353441713
24970,7092.51687035448
24971,6961.962626562197
24972,8694.813970217758
24973,6804.999991575876
24974,5846.510368635612
24975,11119.566602465178
24976,7244.653942269038
24977,6831.548536645724
24978,7023.113727470357
24979,5963.078577092515
24980,7485.915648340062
24981,5987.117678395007
24982,6744.560741407819
24983,7734.176926385868
24984,5924.120798999836
24985,5074.570193607964
24986,6773.421751808064
24987,7800.244409848252
24988,8298.798895845595
24989,6718.464818636084
24990,6786.715897789985
24991,6594.481794165035
24992,6496.043793779433
24993,5218.781832345381
24994,6266.588923860436
24995,6661.796022029548
24996,6132.282383443201
24997,7303.705254782809
24998,6881.976283309022
24999,7744.946982336356
25000,8771.093703015677
25001,7578.865965565588
25002,6741.903111650158
25003,7917.62778151634
25004,8372.080169005392
25005,6992.63634430477
25006,8172.858431469699
25007,7064.5763629937355
25008,7368.797312871022
25009,5847.353074683099
25010,6616.760684790777
25011,5842.115953457144
25012,8143.328369329349
25013,7141.4532058489585
25014,8913.609218520109
25015,7654.017508498097
25016,6250.876005981392
25017,6940.839693353519
25018,14784.307370652772
25019,10862.680287133968
25020,7296.189994897062
25021,4628.650980165977
25022,7087.130918631927
25023,9437.575064286548
25024,5937.295009321336
25025,11381.298331092714
25026,14315.71922051923
25027,5736.963165084584
25028,6330.194891936639
25029,7344.1041699077
25030,6048.012014342981
25031,9545.157848513445
25032,6919.050626343156
25033,7724.399351611243
25034,4846.243586279542
25035,7124.021908041895
25036,8064.2894735360305
25037,7506.430129495707
25038,7557.794993768021
25039,6387.637685275352
25040,7306.8888351423675
25041,7256.594321199989
25042,6337.53371973207
25043,6814.1518294517855
25044,7591.012520071759
25045,6530.441151113269
25046,6294.948913265625
25047,7578.082390324244
25048,6697.259506158455
25049,5858.769236321029
25050,7189.297322970212
25051,6655.141788466285
25052,7685.081843534629
25053,6871.7718413084585
25054,7520.0899437877515
25055,6184.8380400953265
25056,5602.746272387058
25057,6979.785727307794
25058,7518.841722030012
25059,5847.710431964994
25060,6592.7838749394905
25061,7479.542279285597
25062,7261.691697485362
25063,7832.616784232202
25064,7335.480409365466
25065,7333.052037803967
25066,5680.35825555599
25067,5793.2125325202405
25068,8739.957443699772
25069,6177.106162330639
25070,7316.673322987087
25071,13065.713396034389
25072,6735.074026584419
25073,8031.423050285205
25074,5264.750725638771
25075,5973.825632081484
25076,6622.675799147375
25077,5808.7997358436305
25078,6694.154863088463
25079,8598.963195911898
25080,5791.39461208665
25081,15289.054434138148
25082,12288.985983375345
25083,5889.527551056196
25084,8349.556185701704
25085,5776.982600743119
25086,7632.5904003792375
25087,7685.895230240495
25088,10512.765872842545
25089,7700.33171302965
25090,8846.73631858017
25091,6547.77138875274
25092,7632.5904003792375
25093,5511.6047339350625
25094,8298.46943945955
25095,6840.726047040362
25096,6442.128977269238
25097,6586.4432928004835
25098,6405.28386274809
25099,8036.7780912955905
25100,8675.557235405016
25101,6018.0489601292975
25102,8398.068659428363
25103,7545.304728748381
25104,8703.365294613142
25105,5812.784597689997
25106,6271.493485245213
25107,7481.568898160839
25108,8885.167392553327
25109,7256.797732814531
25110,7476.765957561057
25111,7400.137502687598
25112,8108.842836013669
25113,5766.490668670855
25114,8612.65048023667
25115,7584.957725475614
25116,5965.257902794127
25117,13285.536329532615
25118,14134.943136207166
25119,7603.6389791747
25120,7076.92026998474
25121,9007.71863111313
25122,8871.501381888307
25123,9511.29040274131
25124,6189.3973924068705
25125,7053.550448336877
25126,7600.782006849068
25127,7870.154966388467
25128,5372.858350024301
25129,6446.927947923201
25130,5617.671110526009
25131,6484.3290068566785
25132,7775.620269501374
25133,5408.097397356916
25134,6032.602778205088
25135,6432.788937596125
25136,5985.649555306622
25137,5914.936413671302
25138,5684.043091418017
25139,6709.173082334322
25140,8259.96576530651
25141,7936.745901577399
25142,8358.767188350632
25143,6180.589668691685
25144,7411.569643641064
25145,9600.741279039239
25146,7664.2115183528895
25147,6080.901401933172
25148,6395.400208383585
25149,7991.811740355143
25150,6851.569952200255
25151,7462.051158522731
25152,6156.373656692203
25153,6639.890423730144
25154,8718.195976958363
25155,6498.819242237173
25156,5934.357928349682
25157,7901.504230896752
25158,8544.391553197145
25159,9897.53680518281
25160,6131.761954320596
25161,8751.592056949012
25162,5869.939000948225
25163,6370.719109211726
25164,6493.303937666805
25165,5883.657394323173
25166,7679.761400649803
25167,6128.95122172536
25168,6738.979112357594
25169,7819.182048949519
25170,11963.1820985302
25171,8186.896030098906
25172,6644.957284899211
25173,7017.064978062481
25174,9058.404287255567
25175,7641.579510567715
25176,8671.750514425023
25177,6061.136201135467
25178,6934.982215486716
25179,7735.279656418978
25180,5780.30764274372
25181,7214.933351089868
25182,7853.450024434559
25183,7512.0972808681245
25184,11663.514788481321
25185,7563.617837846931
25186,12143.50056965103
25187,6972.291066887201
25188,7889.241737818596
25189,5398.380984776065
25190,7964.645995400756
25191,6817.771144127809
25192,6185.18275232422
25193,7689.635913155665
25194,6298.085835179397
25195,5823.852720131152
25196,6674.341916590471
25197,7321.112839799735
25198,7463.494211367454
25199,6337.172754124227
25200,6816.189288226411
25201,7279.047711959578
25202,6992.453194807147
25203,8210.866138889176
25204,7009.1957267979415
25205,5799.861063401778
25206,5836.438565169065
25207,6874.872158118615
25208,10128.536665631462
25209,7514.271030480816
25210,6210.637986543365
25211,7175.3101550686815
25212,8180.981046342805
25213,7555.717796445415
25214,6994.474432811205
25215,7737.246226130987
25216,6740.404326908433
25217,6026.277010457425
25218,6912.902545803912
25219,7255.883071975758
25220,6979.853721652109
25221,7177.8748740461615
25222,6436.249615387918
25223,6661.416341846638
25224,5889.505806583966
25225,5536.234610103277
25226,7746.144157628054
25227,7984.743666611813
25228,8292.834560979476
25229,11148.525119795213
25230,7732.600749916805
25231,6795.182302173462
25232,7492.550219633027
25233,9359.641729537238
25234,8022.664200314734
25235,7119.9396295647675
25236,7587.142479051338
25237,6870.790484007793
25238,6305.045914090716
25239,6510.961641483362
25240,9608.852138269272
25241,6620.969387001757
25242,7859.4215108133185
25243,6520.8752045337915
25244,4730.17291774871
25245,11351.861667824858
25246,6663.630805169092
25247,6409.866191729778
25248,6351.720809820409
25249,6048.469088291611
25250,7335.717735144291
25251,7377.761488741245
25252,6499.810341791434
25253,6733.10389485257
25254,5350.955656408193
25255,5588.446228107873
25256,5891.52782464506
25257,8090.156560866535
25258,15603.348560191796
25259,5793.230256009238
25260,5834.479561767071
25261,7962.080283471498
25262,5837.081301967322
25263,6244.868201010203
25264,5815.583137811153
25265,6219.706169185723
25266,7459.615490180484
25267,8027.733711496503
25268,5287.823999334061
25269,7208.252241997558
25270,6059.9103650448515
25271,5905.779601827159
25272,7486.987575403659
25273,8211.819416277633
25274,9713.594138533868
25275,7027.429338842886
25276,7115.6470071214335
25277,5886.253242816406
25278,7056.386450695314
25279,11618.2881470834
25280,8564.812438820523
25281,7478.157785928395
25282,5969.8730496005255
25283,6344.10097168972
25284,5949.256222612975
25285,6464.443555195559
25286,9284.132131845989
25287,6759.907146534538
25288,6964.590628395286
25289,7696.701582302269
25290,6099.575300004877
25291,6243.625374228587
25292,6731.683163049357
25293,7523.793041924188
25294,7102.537886035583
25295,6136.878518375814
25296,6588.314801126639
25297,7608.351318997582
25298,7988.281632932331
25299,7909.090874770538
25300,7609.6210347526085
25301,6315.936208732987
25302,7407.066195094482
25303,6232.665616698818
25304,5266.575032397425
25305,7183.130415074527
25306,7897.535583905681
25307,6824.806292108074
25308,7806.389016246597
25309,7257.665294154474
25310,7144.593493679965
25311,5885.578059861607
25312,6681.05819776628
25313,6699.554470401755
25314,6625.806241108495
25315,8245.361960954519
25316,7002.309295677013
25317,6348.493360297572
25318,9374.681402297152
25319,6341.12335231694
25320,5413.674486846936
25321,7900.8838253626645
25322,7917.424299737241
25323,11108.617029982714
25324,6165.419115071514
25325,7138.5107771358635
25326,6351.98984646058
25327,7734.343461573677
25328,6467.75032366529
25329,7923.521567724611
25330,4968.056380817197
25331,6781.454972952946
25332,7444.379371422725
25333,6838.537802983374
25334,5770.562358636849
25335,7603.470187531572
25336,7694.584328685105
25337,6612.420763079485
25338,8522.36814646135
25339,7020.921957574402
25340,8364.75081495026
25341,5338.632254138228
25342,7070.255302058818
25343,6717.431232263107
25344,7321.632763200964
25345,8191.2768352299045
25346,5047.354602885667
25347,7733.436034442607
25348,7211.974831991719
25349,7139.365385705058
25350,5878.10737385733
25351,5128.401100273342
25352,6573.1855778858435
25353,7051.933929872852
25354,8011.523987298094
25355,7208.215477710545
25356,6823.676691174998
25357,8249.08265300583
25358,7508.44211468182
25359,6950.798564658924
25360,8101.1797875927905
25361,6217.169692626196
25362,8167.570910066595
25363,9778.41141289635
25364,7589.519196071991
25365,5706.699329621836
25366,6305.345643538682
25367,5797.863639801639
25368,4876.648583617069
25369,8025.406928440117
25370,6753.361235011972
25371,8139.925765671645
25372,6117.550898754331
25373,7466.454689496716
25374,7246.556556049822
25375,9795.581653271167
25376,5406.943859434667
25377,6061.818696810806
25378,6968.206961475616
25379,8235.271664678969
25380,7152.828292576134
25381,7391.8185044719985
25382,7411.459610686478
25383,9412.9293745325
25384,6757.617488145102
25385,7464.148719554064
25386,7086.188189763736
25387,7086.329857885522
25388,6127.921403508871
25389,8489.303997232766
25390,8929.655224815884
25391,7089.554116217908
25392,12666.386431733541
25393,7189.469110520387
25394,6544.909510601222
25395,6770.057074645872
25396,8042.837599347186
25397,7602.045921092311
25398,7490.52935175849
25399,7565.399426672674
25400,7507.740348710572
25401,6866.591293038549
25402,6616.9392992522835
25403,5985.255345499935
25404,6329.132874962867
25405,6437.521177116867
25406,6476.327748607964
25407,5660.059491128017
25408,8770.063451471928
25409,15617.417616253348
25410,7341.014752539055
25411,6617.380302401301
25412,7584.379632878434
25413,4658.77461020822
25414,6520.616745404791
25415,4279.669286935705
25416,9052.140065542351
25417,7215.320392082387
25418,7435.407130345087
25419,10892.36811262787
25420,10155.570053512924
25421,7414.759708842068
25422,7604.809590359488
25423,5761.998743875052
25424,7315.2324305646525
25425,6820.039428521695
25426,8205.102427080272
25427,5816.5845100528995
25428,4844.442036127392
25429,6431.465068916177
25430,6227.615160763472
25431,6786.964001264139
25432,6251.776340784998
25433,6300.657600151595
25434,7528.857673860592
25435,8099.16825837955
25436,7350.968923258172
25437,6357.758594629184
25438,5894.448655566426
25439,7705.81302971273
25440,5334.919565879494
25441,8318.64784887342
25442,6447.818449982586
25443,5731.2173599718735
25444,7956.776525239439
25445,6611.772512673494
25446,5560.69144543858
25447,7214.237927196522
25448,6691.763210692486
25449,8959.736138133025
25450,8661.955205517961
25451,6924.026364348502
25452,6194.29246123369
25453,6377.802410940526
25454,8066.614004631639
25455,6982.365825411778
25456,6173.614111130003
25457,6945.8366849416625
25458,9694.622019385253
25459,8362.985590242208
25460,7177.659857752989
25461,8060.363651361789
25462,6362.166926854643
25463,8069.00063096913
25464,6959.251901986139
25465,9532.483659260128
25466,7105.912963408545
25467,6304.340732919121
25468,5744.695139233308
25469,4861.379814914274
25470,7445.1006031768
25471,14414.257085936542
25472,5400.191796327748
25473,5761.821835954413
25474,8853.443344117875
25475,7440.090231273875
25476,8098.892762845209
25477,7575.844167435415
25478,5951.182401472941
25479,6186.413407280926
25480,6176.450130885832
25481,7681.620194997557
25482,6542.13255173465
25483,6954.760283117657
25484,7096.277317357403
25485,5466.519852209304
25486,7823.233606277257
25487,7088.680300086279
25488,4575.713802815468
25489,7552.797107270588
25490,8313.932285532355
25491,5476.645684891127
25492,7436.19587565972
25493,6106.337858837658
25494,5821.763277979678
25495,8056.483104805101
25496,7385.099725284328
25497,7845.747650557977
25498,6742.595839081512
25499,5719.776142056507
25500,6786.253019215594
25501,4390.386521448267
25502,7561.084275602748
25503,5947.74161816113
25504,6386.3240617687225
25505,6638.396825202838
25506,7383.233455918388
25507,6322.47446137698
25508,7201.765451194384
25509,7220.21599020559
25510,7307.864329317742
25511,6742.605951552577
25512,7256.268458548555
25513,7029.9067597346
25514,8011.949194025021
25515,7805.882519805844
25516,8774.075611716013
25517,5350.543904244203
25518,7214.606817109788
25519,7767.986675777135
25520,4974.106970153276
25521,8566.052064327592
25522,6902.086985148482
25523,8594.217247656134
25524,9636.041051610358
25525,9160.098441174294
25526,5932.6418399122185
25527,9059.384419015541
25528,8737.812222517821
25529,7932.882012840062
25530,7796.724846552888
25531,7545.934011946547
25532,6993.5257960947165
25533,6551.21927573659
25534,6941.6818164224605
25535,6688.471922983166
25536,6762.518384191229
25537,7275.216367313141
25538,6246.478683114205
25539,6092.033507946951
25540,7346.1852341123395
25541,7031.3991818917
25542,7322.021453310856
25543,7276.721746223805
25544,7322.623313325811
25545,6103.0315171703705
25546,7886.855574584784
25547,7271.343288660676
25548,6547.500681201948
25549,6822.621211521682
25550,7269.307108669773
25551,6880.210445913846
25552,6602.149667735425
25553,5350.331629824217
25554,7154.68757087418
25555,7340.155057417643
25556,8012.363143623082
25557,7061.349514330213
25558,5173.457418289531
25559,6740.161702340132
25560,7569.771004566019
25561,6646.630696186618
25562,7450.729621544982
25563,7219.09997956079
25564,7022.1373726654
25565,5795.1805833869585
25566,5156.093154534061
25567,7003.774993606568
25568,7471.144949754378
25569,6647.654084396099
25570,8614.615942138833
25571,8374.917287552405
25572,6685.184099259443
25573,7452.725136969764
25574,5150.405562296221
25575,4456.90277945631
25576,6784.609284413587
25577,11116.807561085296
25578,7339.633347458979
25579,7186.1084506161715
25580,5781.012763566116
25581,7082.312346011678
25582,9148.759891356605
25583,5798.971332467362
25584,7414.721481911018
25585,6028.9604759098875
25586,4852.64621681734
25587,6307.433129188961
25588,6687.979447407523
25589,6823.602642806623
25590,5794.428227922923
25591,7056.617752989449
25592,5303.28072305095
25593,7625.658144917856
25594,7085.078003044955
25595,6761.534279776324
25596,6999.687146101042
25597,7435.251493393
25598,6466.688821817276
25599,6827.462739702209
25600,7529.888518150494
25601,7187.226982123686
25602,7115.836300700274
25603,4253.696822378358
25604,10318.665842077622
25605,6657.661355417656
25606,6561.87289534704
25607,7492.199221537777
25608,9001.219269102992
25609,7472.149053996217
25610,6939.458527892433
25611,7030.566695127234
25612,9247.694049573256
25613,12656.23895677914
25614,6502.119023870833
25615,7036.114301649694
25616,6205.00820055944
25617,8139.087812642204
25618,7043.2190351222225
25619,8316.629394009478
25620,8399.737329642121
25621,6118.450660512387
25622,5625.947381469431
25623,6657.723371929873
25624,8434.239906344952
25625,6457.806980161979
25626,6442.150967267067
25627,6100.238049415044
25628,7068.383555266321
25629,7572.814431748602
25630,6664.526779536142
25631,9137.288300123266
25632,6451.209433739393
25633,6323.860571311552
25634,7390.269358606563
25635,8098.069639233651
25636,7927.669840020527
25637,6639.740220258629
25638,7608.6310572063985
25639,7135.392962887784
25640,7466.559574929796
25641,8592.197614127906
25642,6162.444337796783
25643,7910.016333634208
25644,7090.929474090508
25645,5443.6155767903965
25646,8178.258482841837
25647,6847.896503145173
25648,7504.578857072253
25649,7213.151244328122
25650,5411.9863725584855
25651,5374.5896570792565
25652,7136.786977214174
25653,9142.117025171887
25654,8810.692834299098
25655,5564.361748981306
25656,7296.851528113412
25657,7434.5171521035
25658,6886.161087183248
25659,5852.650476304834
25660,9029.475768038265
25661,8115.695281129477
25662,11003.371719834982
25663,5294.854313789636
25664,6615.402520148497
25665,8809.770103280336
25666,8329.660756757563
25667,6208.746341354688
25668,9293.17958093053
25669,6770.498618874504
25670,5547.293362663468
25671,6006.993227434029
25672,5406.098389988701
25673,5820.98028274776
25674,6584.716790322394
25675,5694.082057808324
25676,5282.703974623589
25677,9671.545818134437
25678,7279.339563406334
25679,20831.312957229635
25680,6620.258998813011
25681,6001.761757249325
25682,7496.759226590717
25683,9799.46736596197
25684,7384.822164559636
25685,7560.227810822461
25686,6922.634113758283
25687,7808.023653415353
25688,7757.660619496822
25689,5896.056861884616
25690,6516.4304984195705
25691,7101.0225832147025
25692,7979.107802821488
25693,7004.799050455036
25694,7774.098182310073
25695,7294.729276091245
25696,6220.622004211717
25697,7220.189058649619
25698,9441.036499237318
25699,10023.933876588018
25700,11039.099242214941
25701,8107.0305410633455
25702,6383.9506122669745
25703,7563.609495082432
25704,6472.874752422011
25705,8711.707597862876
25706,8303.832074361033
25707,8430.439420272716
25708,7259.157778892219
25709,6793.844095685426
25710,6565.720414923866
25711,6104.462524427613
25712,10942.835018338357
25713,7524.236865948534
25714,6552.598532504491
25715,6390.640739646045
25716,7842.576444299669
25717,6315.196155673972
25718,7760.4653568666
25719,6663.832377885174
25720,7061.833627498932
25721,7285.844307536175
25722,5722.486712208428
25723,7868.6185676798095
25724,6634.875016081248
25725,6450.095445012544
25726,7142.362208192838
25727,7246.037961201496
25728,10638.561306558475
25729,7582.717525449762
25730,8786.22611550252
25731,7761.402274698395
25732,7940.382064266983
25733,7956.712652567146
25734,9086.408979244901
25735,6328.188921632342
25736,6869.743315486828
25737,9141.29188829798
25738,6986.814202887564
25739,8961.657338460633
25740,7929.848105466153
25741,6864.383054599237
25742,7629.604138563975
25743,7616.157152089844
25744,10441.90864241136
25745,6443.094647907838
25746,11911.583567626472
25747,5679.3751852597
25748,7239.954725774638
25749,9443.577445652658
25750,6609.538363365337
25751,7157.887684267839
25752,7689.482313873217
25753,7871.140604740418
25754,6009.454414879171
25755,6026.190591017117
25756,8125.526309535161
25757,6848.118352371007
25758,8239.358268256026
25759,5502.620675069839
25760,7249.400193236324
25761,8296.621262708713
25762,7460.330727221175
25763,5895.17871291731
25764,8211.731002275887
25765,7139.328811557921
25766,7993.401464465404
25767,7674.496763415208
25768,7153.881154116228
25769,7838.2111762054765
25770,7522.9644153337
25771,7389.095709583109
25772,7078.838195401415
25773,7411.213261137417
25774,6739.405856256151
25775,6412.754100530926
25776,6538.6357645166645
25777,7618.683203392703
25778,6088.656908852079
25779,5597.10981712758
25780,6704.944356041024
25781,6082.7215026497215
25782,6782.595124526962
25783,8456.61630582275
25784,7301.844843659145
25785,7123.1608437798095
25786,6278.4513967794555
25787,6533.654955637278
25788,7159.791111893176
25789,8538.303207605286
25790,8630.638198629478
25791,8443.778813954172
25792,8176.935007876868
25793,6645.6066501115165
25794,8661.73427030662
25795,7792.713126816569
25796,7905.508134577495
25797,8611.14632201573
25798,6991.363328389598
25799,8462.817716265143
25800,8229.431283793214
25801,7658.885830860099
25802,7049.152589145075
25803,7791.274369283905
25804,7423.25267486445
25805,6853.8638547027
25806,6421.3014906717335
25807,6995.5254555972315
25808,7745.728483929117
25809,7267.0937587684975
25810,5702.891324784236
25811,8044.111845875298
25812,8136.452120315442
25813,6747.834509514659
25814,7624.015378669246
25815,7132.0396902808725
25816,8268.604738613454
25817,7645.050977758725
25818,6841.413181429123
25819,6089.27764890689
25820,7561.6999928645355
25821,8112.994085962353
25822,5758.0281998906385
25823,7375.74928793531
25824,6100.071740495414
25825,8464.155809508571
25826,7446.730450704174
25827,7308.41979732092
25828,8781.791619498112
25829,7356.028044360543
25830,6277.613462091035
25831,12100.393308909042
25832,7561.376811079792
25833,6806.957821397968
25834,7723.317929604209
25835,6293.124302286462
25836,7549.267941384206
25837,6290.877572167875
25838,7445.139763417462
25839,8234.751292593717
25840,6209.445759653813
25841,5369.894216603957
25842,7088.587549926239
25843,8038.512640436822
25844,8516.045353327958
25845,7187.54278028683
25846,7589.970017696113
25847,7087.727588452507
25848,6415.781220670903
25849,5868.262818227928
25850,6966.793125994288
25851,7088.525419156034
25852,6352.2387727894875
25853,8013.590608552941
25854,7492.539574136629
25855,7749.438074950561
25856,8526.918663847795
25857,8005.595362692075
25858,6749.902665176117
25859,8468.65583430101
25860,8890.786053469146
25861,7518.8961007585
25862,9475.845315610675
25863,7338.295101654554
25864,7642.516051531841
25865,6116.358307019576
25866,6956.149963573752
25867,6152.314385189997
25868,8374.673464746238
25869,7503.626126465857
25870,9568.735250788728
25871,8051.525607035526
25872,6677.605403107878
25873,7242.47587901625
25874,15355.227174242476
25875,11506.696905566554
25876,8222.750873553452
25877,4036.1960772642346
25878,7140.530283059317
25879,10342.800915019277
25880,6493.397609517784
25881,12134.718416682808
25882,14784.372731346872
25883,6077.783298224639
25884,6702.400271745924
25885,7837.349964195172
25886,6637.957762182587
25887,10679.703078080858
25888,7300.534373176351
25889,8123.342512760383
25890,5097.772122106541
25891,7580.956643042694
25892,8145.730715271122
25893,7821.595927613883
25894,7745.619248338295
25895,6777.735260546771
25896,7567.363962019441
25897,7679.253387586099
25898,6629.319141841513
25899,7365.179882236453
25900,7970.256950730715
25901,6701.900652082376
25902,6830.473519538612
25903,7922.751374043371
25904,7032.846938411466
25905,6324.917113335012
25906,7561.502702779499
25907,7295.810752557198
25908,7915.524917969714
25909,7080.761491479696
25910,8235.749730117153
25911,6666.258108462915
25912,5562.88976625266
25913,7484.760233244288
25914,7893.346849337961
25915,5733.001417727906
25916,6964.989254748776
25917,7916.204558904188
25918,7778.092130414992
25919,8182.187910467081
25920,7566.825504782355
25921,7563.495112239052
25922,5989.2212766043895
25923,5541.124240795841
25924,9046.314294887965
25925,6319.705491959145
25926,7510.58856307292
25927,14258.485080285513
25928,6875.747623820014
25929,8813.1370198706
25930,5414.215965783106
25931,6368.9483023774355
25932,6874.76656573605
25933,6073.267649665763
25934,7178.227606986743
25935,8914.128994030072
25936,5621.11489969829
25937,16346.85082176335
25938,13023.75587766999
25939,6350.765828112136
25940,8331.861401281283
25941,5858.192029425411
25942,7947.756198497412
25943,8663.359194929828
25944,10916.519286416664
25945,8153.338704594708
25946,9375.60468904119
25947,7349.649425591421
25948,8031.533561528377
25949,5751.822402658709
25950,8729.177561358627
25951,7045.775758316481
25952,6752.538170810096
25953,6829.333087578826
25954,6777.298167404354
25955,8568.54001974234
25956,9156.977303772605
25957,6489.138000738524
25958,9008.86198584453
25959,7802.68826836936
25960,9959.759276660723
25961,6252.374167202669
25962,6759.342240742469
25963,7784.402489587963
25964,8953.500375711597
25965,7683.527129941017
25966,7967.711035833357
25967,7646.408320533412
25968,8393.426297910579
25969,6222.650562379645
25970,9326.245194556763
25971,7983.900886624753
25972,6411.141597760869
25973,13665.535329471986
25974,14622.085576765907
25975,8092.111174280055
25976,7440.297888914052
25977,10093.279118026037
25978,9482.064672715915
25979,9826.456200859484
25980,6458.715616214021
25981,7664.113739164484
25982,7958.321448211176
25983,8316.038661355213
25984,6022.339335906847
25985,7340.800125527537
25986,5980.72097370091
25987,6801.696322821952
25988,8209.660634852264
25989,5489.306826039209
25990,6433.414514378177
25991,6608.79621070167
25992,6251.017012202615
25993,6402.785169168557
25994,5810.889450230416
25995,7629.235833211962
25996,8520.440892183578
25997,7899.295403297213
25998,8756.366554016937
25999,6310.527614760176
26000,7672.044770518138
26001,10082.161347406829
26002,8232.061625282136
26003,6481.71313810626
26004,6636.104628898178
26005,8300.882815197707
26006,7166.735750318431
26007,7407.98394075397
26008,6642.685533332811
26009,7561.703617163493
26010,9431.790691278455
26011,6991.539024526667
26012,6259.904399876278
26013,8161.979357773829
26014,8901.93099455925
26015,10272.04193249076
26016,6395.442275732934
26017,9123.7974367583
26018,6480.502291775833
26019,6853.564229938303
26020,7062.463508707381
26021,6371.506149820429
26022,8601.574594083151
26023,6523.3241881371
26024,7349.171616003682
26025,8218.125210098658
26026,13168.310594235225
26027,8239.301224251869
26028,7047.5396811321925
26029,6979.247311632747
26030,9441.205471746478
26031,7902.054637444789
26032,9469.122591776077
26033,6105.866981877126
26034,7428.228009774188
26035,8620.163356376243
26036,5966.494309819438
26037,7775.042955340651
26038,8113.925151311633
26039,7911.040442017264
26040,12336.370972624007
26041,7824.092964724005
26042,12940.872647002085
26043,7412.777723063727
26044,7952.59403086274
26045,6179.239372532327
26046,8683.847578587804
26047,7228.938763702916
26048,6466.117037428383
26049,8004.80171127384
26050,6661.135698354297
26051,6037.685327007619
26052,6940.454400315484
26053,7802.5329081673235
26054,7809.951382126178
26055,6565.720999635723
26056,7206.69016142244
26057,7224.980494190817
26058,7432.939850983673
26059,8312.76883100022
26060,7431.854793184051
26061,6047.19319104344
26062,6071.32410141579
26063,7488.640721596959
26064,11718.959401585062
26065,7687.833867400507
26066,6550.027265326336
26067,7395.404003809953
26068,8431.972751386063
26069,7574.136727499789
26070,7520.734189264936
26071,8136.189387280127
26072,7291.662415281658
26073,6201.634822659413
26074,7179.015029528926
26075,7260.374164589963
26076,7727.482306833622
26077,7651.3545574009795
26078,6617.053246426425
26079,6875.528966502371
26080,6308.187144917307
26081,5730.319178376925
26082,7702.479207570411
26083,8314.17814780472
26084,8653.465589597681
26085,11734.730375564866
26086,7993.075876793879
26087,7110.348100291637
26088,7807.716017751201
26089,9674.764187985093
26090,8337.82999843291
26091,7627.783082210837
26092,7982.265149347288
26093,7069.8677900683215
26094,6576.195397534482
26095,7061.989694268029
26096,9349.928787299248
26097,6808.7936415720305
26098,8174.543969261173
26099,6651.263391202444
26100,5269.0987994308825
26101,11880.725295921502
26102,6642.721732587476
26103,6667.249731350757
26104,6666.886607938584
26105,6483.8092219689
26106,7817.137803511878
26107,7904.021245194976
26108,6833.5227476399305
26109,6906.66673177226
26110,5752.49638449343
26111,6510.25942154122
26112,6442.555877429728
26113,8611.954032586382
26114,15469.257197382736
26115,6145.591138586266
26116,6154.591852854488
26117,8759.452360822548
26118,5991.378670800849
26119,6645.188344578251
26120,5942.429496623552
26121,7197.17013387505
26122,7681.003559085334
26123,8209.330854972712
26124,5468.665872579538
26125,7651.044349708205
26126,6462.492761277833
26127,6234.442496882706
26128,7872.5218949981345
26129,8892.160808822686
26130,10427.188852853958
26131,7683.324985798677
26132,7904.75694465088
26133,6119.018641888345
26134,7441.653609670568
26135,12605.446747157423
26136,8586.625490704862
26137,7738.632912805469
26138,6401.02394939657
26139,6260.166834292915
26140,6266.66915565777
26141,6859.5662254915105
26142,9666.9333163369
26143,7406.656200741989
26144,7420.920769440482
26145,7452.526543134385
26146,6378.55912575429
26147,6436.180902774322
26148,7166.199435114976
26149,7909.327361518664
26150,7543.024542212109
26151,6747.441809203421
26152,6802.663819181819
26153,7732.151025282722
26154,8311.536858494286
26155,8401.035450106638
26156,7870.096161629682
26157,6892.649651763541
26158,7630.140230110931
26159,6606.90021590847
26160,5513.486452735821
26161,7646.794221842905
26162,8296.478745054817
26163,7326.842262416323
26164,8063.772555867572
26165,7572.831092272649
26166,7719.736970272464
26167,6125.376267383855
26168,7232.086250550948
26169,6904.604181677874
26170,6959.518646956991
26171,8326.803202689613
26172,7448.423026232312
26173,6908.833000136911
26174,9735.312430915354
26175,6399.056388644117
26176,5451.459077855214
26177,8885.446069016745
26178,8139.377120906081
26179,12024.50859406367
26180,6821.314762027305
26181,7619.930845503454
26182,6668.792410161865
26183,8614.978492656659
26184,6815.601737390922
26185,8174.072217657514
26186,5190.501759069396
26187,7326.287309451672
26188,7567.418204515978
26189,7116.342976739188
26190,6035.365063268854
26191,8072.558049208107
26192,8251.12387192182
26193,6927.586561197661
26194,9453.867914297562
26195,6935.615399633859
26196,8667.584406377384
26197,5447.363771397597
26198,7646.968745089373
26199,6768.845421516219
26200,7752.735856656387
26201,8374.81438292722
26202,5471.646766955225
26203,8058.929513379192
26204,7962.934295021016
26205,7467.690973055011
26206,6371.861037564678
26207,5177.853617622096
26208,6936.235441060744
26209,7755.06243866383
26210,8369.063428660196
26211,7529.00373491476
26212,7672.321866747386
26213,8427.588209225949
26214,8238.24556774034
26215,7362.067676241239
26216,8310.464093138262
26217,6599.8542731821835
26218,8652.727391090031
26219,10056.283313669479
26220,8402.48328417811
26221,5922.410375967533
26222,6646.658955615099
26223,6173.342568246957
26224,5606.45203667559
26225,8522.007780033078
26226,7144.116942927961
26227,8538.868926820785
26228,6264.631933148911
26229,7704.119844403277
26230,7622.035484495139
26231,11035.111974504445
26232,5641.8293956813895
26233,6314.230507407655
26234,7391.870089719838
26235,8852.821408767957
26236,7234.269534311224
26237,7656.926278195389
26238,7763.945321256194
26239,10202.039312061952
26240,6699.81079595823
26241,7824.779748172266
26242,7346.663316640809
26243,7421.917290138532
26244,6332.97111478499
26245,8849.935025850964
26246,9431.15297370482
26247,7250.89462850212
26248,12955.220471986318
26249,8044.45637398622
26250,6446.153114218203
26251,7728.06924754528
26252,8403.468627965385
26253,7548.739576515437
26254,7876.063671352965
26255,7825.874553549747
26256,7865.27979007268
26257,7058.068383388751
26258,6874.93592592129
26259,6365.580791919169
26260,6803.791800418259
26261,6642.5708883929865
26262,6961.795601673046
26263,6133.576030263457
26264,9151.151227089753
26265,16651.095150460078
26266,7656.180550657229
26267,6932.546100519476
26268,8391.610977769424
26269,4651.119351357213
26270,6824.020310203689
26271,4770.029198515056
26272,9138.497127470459
26273,7475.79551895946
26274,7750.572928463262
26275,11207.533910746044
26276,10440.75316354505
26277,8212.131786193122
26278,8138.602404041446
26279,6317.9850488562015
26280,8136.332223604695
26281,7217.6387941879975
26282,8109.437617953354
26283,6190.360149208998
26284,4944.825954710712
26285,6781.12683361158
26286,6372.85973904907
26287,7107.895445585017
26288,6537.660666587853
26289,6615.82339826977
26290,7789.332800737665
26291,8443.837242098676
26292,7571.812518558854
26293,6756.927596944248
26294,6203.12783139147
26295,8104.75619086187
26296,5526.3966562296955
26297,8717.591010022557
26298,6875.711234127111
26299,6237.899813377319
26300,7891.418093262848
26301,6843.710777655406
26302,5687.537804250978
26303,7681.595794055183
26304,7656.54475165358
26305,9244.869883809208
26306,9238.46682297848
26307,7350.7557614749885
26308,6689.533899769606
26309,7009.76623173007
26310,8489.27307101775
26311,7256.084564072599
26312,6406.379510201942
26313,7343.436050607966
26314,10003.469154678904
26315,8259.306392052162
26316,7492.825655871164
26317,8560.938017569635
26318,6931.779936931117
26319,8467.943792118265
26320,7444.111625912501
26321,9927.606329556078
26322,7349.276785752141
26323,6325.790124887556
26324,6265.669762857903
26325,5342.799883281861
26326,8077.064423966345
26327,14633.269974662386
26328,6100.35544148745
26329,6290.137373900969
26330,9104.435049161126
26331,8212.953818657754
26332,7896.811948614989
26333,7833.227707056394
26334,6137.978911332418
26335,6458.369807993255
26336,6474.311993288826
26337,8182.1945612054
26338,7118.8459947652045
26339,7505.788335902324
26340,7184.764252239191
26341,6004.129961415971
26342,8367.08181110837
26343,7349.155426963352
26344,4568.058543964461
26345,7594.905257490148
26346,8787.411968887174
26347,6300.7111778390135
26348,7793.7353170218275
26349,6223.990405403262
26350,6240.552290093394
26351,8390.087457590145
26352,7645.574852161401
26353,8313.30373784654
26354,7293.62389186618
26355,5924.036630576215
26356,7082.743074198628
26357,4684.668597371475
26358,7876.250073720922
26359,6937.743646571133
26360,6774.738313177208
26361,7033.519495498788
26362,7643.708582795462
26363,7013.973520209465
26364,7600.708612343523
26365,7660.702646382115
26366,7749.854720169047
26367,7033.428763105901
26368,7790.217040695981
26369,7810.880992330125
26370,9070.118891130664
26371,8121.048317924019
26372,9328.23392507494
26373,5597.876031885865
26374,7586.812196919074
26375,8249.406744144717
26376,5427.174979394443
26377,8992.781461454082
26378,6765.387959864723
26379,9294.393844558397
26380,10306.309266625942
26381,10051.46511768023
26382,6509.355282942773
26383,9226.598761027833
26384,9052.978020635994
26385,8235.715604267176
26386,8659.002801943294
26387,7855.005086789109
26388,7245.481241701473
26389,7577.399117331639
26390,7501.791420673245
26391,7265.18536601372
26392,7237.17730964662
26393,7628.93531782206
26394,6578.709577093368
26395,6274.318303857419
26396,7463.982083898657
26397,7641.962472719309
26398,7494.283874089019
26399,7758.141814591392
26400,8171.268488898196
26401,6412.558636622539
26402,8329.645219520811
26403,7345.228942841922
26404,7020.980364556766
26405,7433.18450234929
26406,7582.197683279427
26407,7512.1742667033905
26408,7171.309238776002
26409,5803.980907644356
26410,7059.022761747256
26411,7700.786086035845
26412,8440.255927767606
26413,7376.515312448388
26414,5763.067386565479
26415,7299.381516224959
26416,7895.264483502601
26417,7228.1408303993385
26418,7396.662403776221
26419,7645.829376687277
26420,7567.899925372618
26421,5738.743987757914
26422,5827.737368520951
26423,7444.261649783094
26424,7831.7759783725805
26425,7501.386311228716
26426,9407.452294492477
26427,9088.512001872496
26428,7295.747390087052
26429,7652.260686044287
26430,5259.062853255837
26431,5498.628928130092
26432,7073.4546352433335
26433,12857.645197903592
26434,7413.519001640225
26435,7746.218054866956
26436,6430.947209716429
26437,7723.357718267338
26438,9541.896653249005
26439,5919.413986277537
26440,7367.254312310105
26441,6861.047895299841
26442,5247.770096307333
26443,6648.70962731911
26444,7298.542738235132
26445,7218.725313102575
26446,6177.11280847891
26447,7138.058994724539
26448,5825.415910631071
26449,7915.343598490825
26450,8126.4864169314405
26451,6592.407019134495
26452,7559.796750351827
26453,7738.0850848201235
26454,6599.451185658639
26455,7554.491147719445
26456,7589.887930745733
26457,7257.64577224734
26458,7081.477389676182
26459,4727.213361513797
26460,12114.070731253882
26461,6627.4462438024875
26462,6554.207434549173
26463,7718.452904382429
26464,9907.17074437981
26465,7999.864650423857
26466,7196.842067513412
26467,7662.530515916779
26468,9974.909204739957
26469,13853.431161580698
26470,6850.059066826446
26471,7435.2833039647585
26472,6349.894883042229
26473,8455.061563390955
26474,7841.116762306731
26475,9138.119340422749
26476,8850.545797728257
26477,6600.2361562149135
26478,5960.265757175163
26479,7372.413712704413
26480,8980.161517060207
26481,7210.042680288974
26482,6708.263450992081
26483,6356.792024360845
26484,7249.5459525421265
26485,8120.2950195991725
26486,6909.275349137441
26487,9693.500310012347
26488,6702.199083587522
26489,6514.77641313792
26490,7809.089969087186
26491,8414.043389982404
26492,8471.549643218552
26493,6884.488789859928
26494,7985.09320313697
26495,8410.781524822485
26496,7897.7123921014745
26497,9277.118477235806
26498,6422.768526299189
26499,8636.566643515316
26500,7467.391620021081
26501,5376.430689025959
26502,8895.353316548886
26503,7383.755216300457
26504,7858.024538675024
26505,7573.617549462659
26506,5102.622454647896
26507,6007.888617647498
26508,6982.563857704284
26509,9784.363800679113
26510,9233.35190068521
26511,5904.803907156857
26512,7662.238384797039
26513,8714.67408633311
26514,7304.98169766387
26515,6016.029396604477
26516,9451.819638279954
26517,8546.84809830115
26518,11935.709499878367
26519,5731.189757686017
26520,7048.751009414338
26521,9251.250601270423
26522,9490.843099969574
26523,6609.558077527777
26524,9801.394735499282
26525,7360.108587150452
26526,5733.021786725193
26527,6333.309312035976
26528,5522.419150828875
26529,5848.558653470989
26530,7039.299045624655
26531,6093.168154346479
26532,5756.220513759028
26533,10190.52233035619
26534,7710.492380578007
26535,21402.861201077994
26536,6851.898831580602
26537,7274.90459507592
26538,9216.459876111667
26539,11983.250047878644
26540,9002.118735678408
26541,9249.51246145992
26542,8021.564032316757
26543,9222.950437721554
26544,9959.831334674442
26545,7820.147786601042
26546,7924.676005712612
26547,9221.14167870077
26548,9819.844621297541
26549,8893.827874001747
26550,9378.404616836679
26551,9137.23634809108
26552,7586.714412292752
26553,8821.008262946696
26554,11226.390123088968
26555,11912.023541107521
26556,12760.90711253894
26557,10188.555575564571
26558,7967.379617242371
26559,9646.707955998647
26560,7512.049378559313
26561,10301.67383133978
26562,10489.790153772214
26563,10173.10770010509
26564,8871.9915400801
26565,8317.870468719084
26566,7742.257622921392
26567,8067.512897594103
26568,12480.645779981398
26569,9047.788862859621
26570,8405.120203716735
26571,8203.836831531045
26572,9352.977188832467
26573,7556.365248938644
26574,9528.845574773019
26575,8420.875956125004
26576,9069.627185564264
26577,9567.018113773225
26578,7578.567157154976
26579,9584.826642783273
26580,8527.737633708173
26581,7816.914616327467
26582,8531.196903824291
26583,9433.36900766779
26584,12920.539392367255
26585,9234.001324171906
26586,11498.906867215212
26587,8924.04608476953
26588,9941.976536320873
26589,9915.765126476637
26590,11087.405210055924
26591,8020.787674907014
26592,8621.676530180092
26593,10129.603153204143
26594,9012.544756921547
26595,11167.312563170033
26596,9823.803274156111
26597,8424.32602912242
26598,9529.599190737223
26599,9203.847822816299
26600,12901.976855636232
26601,7612.740121860074
26602,13439.428533307155
26603,7191.376220160328
26604,8862.36605816446
26605,10238.946882885872
26606,8595.701811172134
26607,8942.719227542213
26608,9336.772932228127
26609,9777.967994070981
26610,7187.631381851086
26611,7821.592972044486
26612,10046.25594379448
26613,8674.225255948628
26614,10047.409868790004
26615,7298.468037751417
26616,8848.3393475984
26617,10467.043284609803
26618,9362.39495013037
26619,7770.594284177254
26620,10356.789789971426
26621,8672.719558555073
26622,10163.117128228547
26623,9305.440721841445
26624,8422.318967307732
26625,9822.662039199518
26626,9408.773309020708
26627,9271.102253164148
26628,8954.25376666137
26629,8884.522177940293
26630,8558.44148065277
26631,8271.797272226968
26632,8456.199790606985
26633,9516.09560931055
26634,8146.650676654759
26635,7290.054605365279
26636,8605.156028354297
26637,7618.619575102114
26638,8385.441594376003
26639,10099.270175127613
26640,9167.173028504914
26641,8630.761692278438
26642,8152.017719251663
26643,8009.09029545672
26644,8880.325476443386
26645,10585.554168527846
26646,10084.153409287548
26647,10077.806833744191
26648,10083.762397207425
26649,8520.291224384044
26650,11184.932795308137
26651,9283.977358485918
26652,9766.560345318281
26653,10833.212734358278
26654,8850.433675098133
26655,10230.14861065989
26656,10142.807510024315
26657,9812.241867875031
26658,8562.99364734278
26659,9556.478840662077
26660,9581.599084266307
26661,8731.729891745841
26662,8101.273092042167
26663,8783.414553378674
26664,9470.90808468238
26665,8858.484658591125
26666,7467.187585835853
26667,9600.924484909567
26668,9119.276506898837
26669,8364.425024992954
26670,9527.362235336264
26671,8493.084316659017
26672,9954.93777653354
26673,9346.09521865911
26674,8833.074494116143
26675,8447.500580793387
26676,9286.8795936178
26677,9927.554050892166
26678,7977.181010462241
26679,9315.461474575124
26680,8210.471419230202
26681,10109.092855775507
26682,9055.396014169977
26683,9054.602207618169
26684,10566.331592412385
26685,8954.87600670635
26686,7652.496302624306
26687,13910.84038784643
26688,9559.026689008755
26689,8809.172329505085
26690,9121.975348086917
26691,8018.903871812085
26692,9427.189047043383
26693,7906.116254923243
26694,8822.779258938119
26695,9959.930893346973
26696,7774.516660071376
26697,6823.764426056125
26698,8318.633877005605
26699,9938.488949594217
26700,10359.30281942928
26701,9113.38322001713
26702,9305.166444553652
26703,8825.355956156407
26704,8593.823522821722
26705,7486.266599900637
26706,8312.095274027046
26707,9105.104900130133
26708,8049.450100169504
26709,9612.438570898745
26710,9049.352213170896
26711,9722.859744315221
26712,10381.603176109333
26713,10022.174843666171
26714,8948.327403542018
26715,10094.6533944848
26716,10664.82687088365
26717,9199.05987273031
26718,10395.72625216262
26719,9246.439253839884
26720,9550.660203717169
26721,8005.777431060095
26722,8306.617527086855
26723,7453.658576154865
26724,10261.51407795976
26725,9510.3710784783
26726,11967.125777979181
26727,9346.010348278196
26728,8503.923361217623
26729,9018.915452155537
26730,16918.558570005498
26731,14270.607174118617
26732,9355.757380607636
26733,5649.516620166021
26734,9092.354758731444
26735,12111.368831878093
26736,8033.971635365287
26737,13034.040114935098
26738,15035.092235304955
26739,7818.787580904884
26740,8405.913542668992
26741,9691.950166866887
26742,8447.434782874272
26743,13229.454173980834
26744,9106.217507153087
26745,9907.586788799674
26746,6414.4556101041035
26747,9536.524027012647
26748,10129.698191107274
26749,9605.092724023763
26750,9284.818698418992
26751,8530.713371814662
26752,9470.876445768445
26753,9155.918700004857
26754,8265.050249941198
26755,9056.725849785162
26756,9544.063449704769
26757,8844.318879249562
26758,8463.318658897082
26759,9609.70746241764
26760,8459.440731004199
26761,8249.499549984446
26762,9196.097084056015
26763,8841.394636469324
26764,9817.707992379204
26765,9400.869567069916
26766,9069.18723336049
26767,8498.501679166226
26768,7756.231127803375
26769,8900.11785995805
26770,9589.501367290291
26771,7690.686545950697
26772,8565.098284794527
26773,9749.558117915672
26774,9349.12408285784
26775,9943.457002709185
26776,9498.006257513767
26777,9442.726830333939
26778,7403.451389166786
26779,7395.352809594657
26780,10776.911190550612
26781,8317.57552981764
26782,9139.469146774947
26783,16235.269709920769
26784,8466.765152018997
26785,10471.906676848444
26786,7449.936427731492
26787,7739.72336288657
26788,8393.837611975265
26789,7385.37053055073
26790,8756.530191807227
26791,10836.816167877143
26792,7415.7240589334815
26793,17009.55697149243
26794,14362.336673054308
26795,8192.916742616926
26796,10125.490397674994
26797,7414.509268398817
26798,9810.70380688731
26799,10299.473456678195
26800,13076.637410493298
26801,9510.183854057575
26802,11178.3458688076
26803,8439.87246394831
26804,9759.747841403832
26805,7513.408443582388
26806,10294.741323092841
26807,9053.426909841035
26808,8154.630559860878
26809,8223.315597255818
26810,8535.799813852798
26811,10322.915423849705
26812,10817.716797172345
26813,8182.439608531068
26814,10915.380513957149
26815,9752.78596458885
26816,11814.47481129125
26817,7940.30586358532
26818,8594.399271209617
26819,9917.832017012823
26820,10915.337439462812
26821,9747.325846627968
26822,9520.167423177649
26823,9716.87047217244
26824,10450.152205600756
26825,7910.5393051614465
26826,11108.812126244391
26827,9813.66938716046
26828,8212.926310916284
26829,15067.917627580326
26830,16163.9133373847
26831,9919.404991922642
26832,9011.150617921825
26833,12154.67003077403
26834,11075.75559191025
26835,11688.645932632506
26836,8184.105635849413
26837,9257.80465835882
26838,9847.00894588716
26839,10117.823374510626
26840,7463.715691072534
26841,8929.187599740384
26842,7703.760931742641
26843,8609.716692650707
26844,9965.00520705453
26845,7045.624065012615
26846,8240.575883056074
26847,8547.298556558797
26848,8254.966522151044
26849,8219.753211165365
26850,7562.27596088833
26851,8831.782424033652
26852,10448.681712351814
26853,10118.468823943125
26854,10876.117233074514
26855,7914.830665816293
26856,9543.864040784767
26857,11854.200294923037
26858,9763.942743904963
26859,8382.6271736189
26860,7696.586518056659
26861,10005.48623370166
26862,9046.990758403954
26863,8837.51127115046
26864,8491.40853453173
26865,8852.362947568949
26866,11397.382501243961
26867,8688.696390562864
26868,8125.495290136592
26869,10156.703120071314
26870,10664.335532428579
26871,11828.812198168373
26872,8232.61258247036
26873,10842.280008493632
26874,8008.644803605242
26875,8914.345720751398
26876,8735.774342134568
26877,8216.56256994334
26878,9892.233924488608
26879,8297.48854735527
26880,9377.296051243091
26881,9931.330180970532
26882,14275.345751273944
26883,9796.24352678497
26884,8985.716901299726
26885,9077.77008529132
26886,11173.709344199538
26887,9876.03844019525
26888,10796.114608434978
26889,7908.105405949824
26890,9336.679270500024
26891,10301.227961562125
26892,8053.937273881968
26893,9568.06148617483
26894,9965.004462031236
26895,9738.6825195364
26896,14651.783642462633
26897,9798.076767474467
26898,14537.518577168068
26899,9293.192723691596
26900,9926.5778336132
26901,7462.834999863506
26902,10319.961840336171
26903,9381.431465622898
26904,7990.7740901260495
26905,9864.865020030296
26906,8394.303919498943
26907,7613.714239906299
26908,8735.321765045217
26909,9842.805096484624
26910,9674.341449460699
26911,8298.889220780371
26912,8675.049015069766
26913,9314.224291064951
26914,9248.554538376378
26915,10143.579448049908
26916,8945.398385762874
26917,7752.847496987237
26918,7782.487193403048
26919,9403.698159611273
26920,12842.834453026315
26921,9667.981551420582
26922,7965.013194885438
26923,9191.764044464757
26924,10351.803672436537
26925,9208.777507551162
26926,9318.817260844226
26927,9864.403667155584
26928,8953.039175784694
26929,7748.442077746887
26930,8985.516639159438
26931,9298.295797921297
26932,9531.795058672771
26933,9651.321876721813
26934,8936.972001887341
26935,8668.154221375906
26936,7636.876442815963
26937,7606.892644632469
26938,9487.101932340493
26939,10570.305382956061
26940,10112.646731674336
26941,14423.871844715868
26942,9923.57002786287
26943,8994.030290767609
26944,9698.265218018394
26945,11508.08989236213
26946,10227.072363357769
26947,9465.097485692677
26948,9387.792066999918
26949,8820.315707385163
26950,8206.984897506787
26951,8609.49521216392
26952,11250.175047555624
26953,8343.311350958053
26954,10068.044666239595
26955,8161.794352232705
26956,6967.171792854858
26957,13986.307976399672
26958,8935.598891050815
26959,8567.020467164426
26960,8529.100828136641
26961,8597.38423441213
26962,9876.665841899663
26963,9696.605028941623
26964,8766.724847994292
26965,8858.726037666227
26966,7194.597309309682
26967,8102.146498574401
26968,7841.801002146953
26969,10303.212604663822
26970,15879.022154693439
26971,7668.023644266616
26972,7779.094439468209
26973,10659.006623868889
26974,7194.425878565574
26975,8319.362344958596
26976,7559.116398939439
26977,8974.650731701357
26978,9419.959792016354
26979,10088.492915950881
26980,7070.981637147155
26981,9603.305300681383
26982,8316.520449842856
26983,7856.304639694339
26984,9816.156471547685
26985,10419.514975837077
26986,12126.448341874415
26987,9390.351804987815
26988,9320.487381919851
26989,8155.157552671044
26990,9471.087181303872
26991,14513.136126264313
26992,11096.906467507279
26993,9608.406353037086
26994,7938.476234972277
26995,8117.96572143766
26996,7888.531298469403
26997,8376.711624197758
26998,11867.886910845622
26999,8337.662167570377
27000,9350.879637381753
27001,9426.009387398219
27002,8248.375426362052
27003,8040.58760306897
27004,8846.042941306741
27005,9756.775210707376
27006,9348.394672346249
27007,8317.718525746763
27008,8421.124667374059
27009,9799.621914768855
27010,9992.47217455695
27011,10231.06215660399
27012,9788.863957006417
27013,8510.884657751403
27014,9225.567377275023
27015,7877.639328029845
27016,7227.949537301423
27017,9343.414033964906
27018,9937.659193694322
27019,8674.62219785654
27020,10070.326714060242
27021,9435.045312470706
27022,9416.29391801228
27023,7848.9518604542045
27024,8631.33137526817
27025,8851.398877120719
27026,8908.151331728901
27027,10074.067396402666
27028,9121.395189863531
27029,8382.834110710977
27030,11097.11229958359
27031,8086.008239502619
27032,7200.063818161558
27033,10360.35229265953
27034,10254.942906852435
27035,13263.414472020379
27036,8498.097136130693
27037,9558.553984958398
27038,8278.103583978922
27039,9895.975601411192
27040,9003.669685947649
27041,9526.043174557917
27042,7082.550766553619
27043,9524.715920187899
27044,9253.819577421698
27045,8813.323202699037
27046,7647.156997572828
27047,10196.729732490852
27048,10226.074668135558
27049,8703.5003383516
27050,11286.545466455445
27051,9182.743106311666
27052,10772.283654865309
27053,7303.8344252397455
27054,9389.256891042778
27055,8859.281430526366
27056,9125.338868009165
27057,9978.50113665542
27058,7297.94345000358
27059,9857.420681793512
27060,9999.861200372483
27061,9083.915029793143
27062,7538.9473197754905
27063,6886.602269473289
27064,8697.405210403898
27065,9457.70085281618
27066,10115.093318910465
27067,9362.565267109381
27068,8953.318975501918
27069,10391.422039313462
27070,9843.751990748191
27071,9122.898615635964
27072,10146.356164494622
27073,7898.2550096204795
27074,10917.101893096478
27075,11461.39169741496
27076,9931.298134252265
27077,7633.756569473451
27078,8592.087034887623
27079,7974.571062030955
27080,6854.835732540723
27081,10500.884688277378
27082,8728.886461021588
27083,10442.95084130082
27084,8417.28133643332
27085,9307.697646568015
27086,9449.5587348141
27087,12896.995068301374
27088,7401.857037818961
27089,8141.768342284631
27090,9337.147535703281
27091,10749.35984047265
27092,9504.260299911168
27093,9087.235354872619
27094,9440.983981367452
27095,11887.423662838008
27096,8459.8384380958
27097,9659.53524092847
27098,9001.28594353692
27099,9141.72061662762
27100,8380.619330223697
27101,10676.657158609623
27102,10955.589512300476
27103,8925.970135570096
27104,13898.851994529805
27105,9825.982163755061
27106,8704.413946556077
27107,9526.925150069992
27108,10236.886165601716
27109,9834.416023114709
27110,9843.032631532285
27111,9794.112437632131
27112,9721.164667173134
27113,8801.004206452924
27114,8895.683242017385
27115,8214.056542245802
27116,8308.156386637034
27117,8690.219103831692
27118,8557.379032842431
27119,7701.430141472676
27120,11236.57334222774
27121,17547.357290644835
27122,9518.394770855288
27123,8507.51892510984
27124,10190.466880294141
27125,6350.372825449648
27126,8741.401908525704
27127,6338.037362442566
27128,11736.246450958597
27129,9444.033403041845
27130,9595.479748965701
27131,13556.359657184335
27132,11830.841862489868
27133,10083.101844240577
27134,9814.67459116318
27135,8291.731901024908
27136,9552.062660873667
27137,9251.716276380988
27138,10186.775944847092
27139,8045.63102501221
27140,6576.318237256155
27141,8566.977810400138
27142,7913.424942615199
27143,8510.31050228232
27144,8366.270812818271
27145,8423.79118439498
27146,9683.645794046304
27147,10088.835629812833
27148,9454.75550356076
27149,8319.48922706311
27150,8228.326498118464
27151,9777.990648472642
27152,7167.761839018027
27153,10445.071901706178
27154,8803.150714254345
27155,7875.591007742838
27156,9935.214618760978
27157,8609.0703403952
27158,7438.835533891642
27159,9445.827656340598
27160,9352.784850607706
27161,11037.143100092628
27162,11019.404847770285
27163,9358.135752008724
27164,8581.692264297362
27165,8551.372639220373
27166,9957.626277871123
27167,9197.203625910859
27168,8505.713951992711
27169,9317.338540199564
27170,11519.039727635545
27171,9991.925651671338
27172,9058.073971656253
27173,10325.689692681566
27174,8715.150153232762
27175,10224.886180270802
27176,9089.77485089642
27177,11494.965260410447
27178,9246.266247982578
27179,8689.347699223308
27180,7947.526964835671
27181,7113.3459665581
27182,9618.670831456646
27183,16574.23772656854
27184,7762.403272827769
27185,8044.589996875483
27186,11008.041037877487
27187,10625.772757726792
27188,9831.575372572357
27189,9875.36672273827
27190,7850.630848824352
27191,8152.9270621439955
27192,8540.421447768498
27193,9926.211654231265
27194,8665.36612806248
27195,8905.033460619547
27196,8947.250863975567
27197,7425.243172718804
27198,10208.87918935588
27199,9148.79720464014
27200,6328.068036864569
27201,9631.063050068366
27202,10630.66349407435
27203,7874.222271461408
27204,9697.339916930881
27205,7836.415784816205
27206,8120.943661111944
27207,10305.225395814801
27208,9613.812736243786
27209,9514.264922019122
27210,8808.239339031361
27211,7699.74219270486
27212,8672.80411322301
27213,6030.607858202795
27214,9747.45165075832
27215,8617.18578118376
27216,8265.924361543455
27217,8470.65882106194
27218,9611.946466877846
27219,8366.732282031053
27220,9273.943069954297
27221,9540.238702109356
27222,9490.636930078741
27223,9009.607051035862
27224,9336.886729925878
27225,9339.695842404275
27226,10487.88924491899
27227,9993.556730303751
27228,10870.154125662822
27229,7045.98714556535
27230,9425.88839312195
27231,10292.552602491787
27232,7103.960303704828
27233,11000.161451987819
27234,9014.167670994628
27235,10942.884289774345
27236,11935.590870265452
27237,11662.768692668968
27238,8193.288019134743
27239,11034.09165566617
27240,11026.15819750726
27241,10026.569745232107
27242,10147.779123636868
27243,9476.465849007986
27244,9475.811577105711
27245,8821.486361667237
27246,8995.704862736702
27247,9007.473511967126
27248,8749.654944607004
27249,9255.647819779435
27250,7844.774533197087
27251,7810.580585663221
27252,9405.926266983535
27253,9124.91459882327
27254,9152.921821599406
27255,9922.328856634675
27256,9548.236401707083
27257,7876.072715576027
27258,10126.789181637958
27259,9264.722524949979
27260,8864.23188974394
27261,8800.766306005291
27262,9266.194843186231
27263,9412.623316593987
27264,8723.053466700683
27265,7411.385961866957
27266,9162.020059652648
27267,9495.081058980262
27268,10241.358855094235
27269,9220.35368887072
27270,7320.918856924237
27271,9192.149561919512
27272,9682.209362232574
27273,8868.929278459113
27274,9047.91004030774
27275,9785.062171797515
27276,8829.066002405425
27277,7586.9626376986325
27278,7728.692987420739
27279,9237.777507090574
27280,9605.336369230923
27281,8777.191001477398
27282,10637.0004525157
27283,10663.139923341034
27284,8690.478791581041
27285,9258.87583489848
27286,6928.072369555364
27287,7339.96154672485
27288,8461.350616685539
27289,13368.591254175813
27290,9306.717827213319
27291,9521.19579781367
27292,8289.87930941474
27293,9393.79998090563
27294,11070.309732632337
27295,7252.929014015402
27296,9753.756551366521
27297,8340.506662894557
27298,6518.7101350133935
27299,8428.76835278922
27300,8808.644462177079
27301,8767.924720780095
27302,7374.127783163063
27303,9390.048702161848
27304,7341.109307515327
27305,9724.262677014476
27306,9558.038313815843
27307,8834.852642607384
27308,9195.375271398208
27309,9739.25965176153
27310,8357.146503456064
27311,8879.359787704023
27312,9844.132733071297
27313,9094.607019890984
27314,9386.320506135753
27315,6428.610911074323
27316,13530.865328395123
27317,8559.424627506509
27318,8708.164296792758
27319,10005.226475006395
27320,11441.430194570337
27321,9677.901151071637
27322,8828.243331504065
27323,9204.136923407084
27324,11893.744801025303
27325,14987.55251324143
27326,8671.525255418917
27327,9066.97667427855
27328,8024.254526670535
27329,10136.875352257479
27330,9477.535324405377
27331,10745.782652922186
27332,10637.098268857197
27333,8543.890479194888
27334,7322.485869530255
27335,9179.78835802437
27336,11142.623362964843
27337,8621.82948507181
27338,8455.443366685804
27339,7807.832315406192
27340,9188.356341319834
27341,9212.080423313348
27342,8496.31859925328
27343,11334.607936241358
27344,8135.679358710119
27345,7994.501412213463
27346,9879.751691557978
27347,10075.340197414169
27348,10458.61898938839
27349,8462.544683136426
27350,9975.77351367498
27351,9727.884827586004
27352,9768.913969138872
27353,11406.759650727812
27354,8339.018424489639
27355,10333.90282146299
27356,9431.191768859107
27357,7043.17323045185
27358,10723.459264622683
27359,8846.795953400731
27360,9850.597810142408
27361,8798.74481678712
27362,6997.893383531241
27363,7880.923033310152
27364,8954.406247101148
27365,11836.386746517976
27366,10728.854705376569
27367,7571.54644858275
27368,9104.757822230871
27369,10119.048181648957
27370,9441.171088367482
27371,7829.037726552713
27372,11272.50933141671
27373,10391.75491880359
27374,13314.409770032249
27375,7490.024893161076
27376,8562.591340149695
27377,11081.971101101959
27378,11148.829948777568
27379,8363.9250493658
27380,12539.525763027927
27381,8983.896558229439
27382,7551.147811665018
27383,8340.562188472379
27384,7182.460868202173
27385,7483.918029657276
27386,9075.499551418541
27387,7802.575127005183
27388,7448.239516010228
27389,13260.552358678924
27390,9440.107559729937
27391,23126.587703568755
27392,8662.277599019855
27484,3344.000245144679
27552,4320.351289308574
27593,12794.778740594444
27594,25028.91343261277
27602,5592.13698896369
27621,4643.198624754353
27631,4805.52087351074
27649,8567.008494527163
27666,6060.977497779466
27728,2510.6746649919296
27742,5093.565831752443
27785,5767.373475603384
27795,3236.322503933264
27799,3443.0489327946752
27826,17405.064291471845
27840,5900.469997826703
27915,9831.128811344513
27959,3787.8865518298467
27960,14379.315809577944
27988,10160.755059214438
28058,3665.5831243038624
28062,3679.953963613168
28113,4493.084864872393
28128,8990.007527344644
28192,3661.396019669431
28233,10649.180811846385
28234,5656.6522591741
28249,5133.327886398122
28250,5245.970055124152
28251,6126.4968374836
28252,4370.29104332679
28253,5820.906728627499
28254,4370.481302253956
28255,6567.729268922251
28256,6536.005461133744
28258,4546.716271731846
28259,6725.70624831648
28260,6301.822460963216
28261,5744.271306475323
28263,5871.585965596145
28265,5616.589649717451
28266,7593.69761430697
28267,8508.316181080514
28268,8079.631588979718
28269,7106.747690007968
28270,4633.27175231344
28271,6617.13097339016
28273,8302.431600781072
28274,7802.9961285887275
28276,5745.454454823121
28277,3476.755479589579
28278,5172.782705065507
28280,8689.479822440675
28281,6011.458271428407
28282,5302.078130418986
28284,6529.094539439812
28285,4985.463517162078
28286,7379.043161171676
28287,5225.698836876864
28290,4737.14958222191
28291,7269.777845512676
28292,5390.728164970266
28293,5016.886394005299
28294,5045.651116516295
28295,6643.981968712401
28296,9415.940500773306
28297,6126.382581716482
28298,6902.365057099165
28299,7098.992742980704
28300,7899.286319390408
28301,7125.884059683443
28302,6760.778445523571
28303,3851.038106908881
28304,5864.272917903781
28305,6341.463692024561
28306,6180.558056622571
28307,8177.152014857747
28308,7849.836130901405
28309,4697.6584325043905
28310,6437.815934316205
28312,6044.258961301538
28313,4913.163798952899
28314,8438.863103708318
28315,4015.30627928882
28317,6017.3067647830785
28318,5606.2773707407805
28319,5721.138003802525
28320,4767.511782281924
28321,6803.115477928173
28322,5383.539741182523
28325,6756.220935335912
28326,5698.762946665162
28327,4716.418547008096
28328,5348.772951616165
28330,5740.949551143071
28331,4496.760827042619
28332,7293.389261302828
28333,5347.750885718079
28336,5080.487163525443
28337,6936.694070287816
28338,5861.282794801951
28339,5988.640796605617
28340,5401.96698836316
28341,5125.65273078376
28342,5401.22775161093
28343,5008.079757273151
28344,6410.56552701645
28346,4881.8407344795705
28347,5235.37799443061
28349,5835.698677184315
28353,5649.656308596099
28354,5829.276635587024
28355,4683.439406338786
28356,5948.7105260550425
28359,7739.416989068321
28360,7259.237464706107
28362,7810.919402429394
28363,5665.526367024651
28364,5199.775875625165
28365,7715.595046990459
28366,6002.779419416349
28367,6454.213672701138
28368,7350.609595602601
28369,6362.722305050074
28370,5967.8629444734415
28371,5999.694021060952
28372,6990.546466362494
28373,4477.156079454273
28375,5251.016967497851
28376,5709.0225467499995
28377,6620.994874095229
28378,4184.802437673553
28379,5938.773934635061
28382,6376.029786384801
28383,5004.994912239349
28384,7026.117959238276
28385,6372.094115804488
28386,5035.417523565234
28387,5762.573359425303
28389,7200.233588371447
28391,5002.172288790807
28392,5050.976679116513
28393,7854.921741604604
28397,5520.336572181472
28398,5854.423004286216
28399,11219.965902919866
28400,5550.6672581629955
28401,6439.487374817537
28402,5719.706264503214
28403,5920.3290750671595
28404,6922.1377577153735
28406,5859.170757059449
28407,6122.905732428105
28408,4975.929089554359
28409,4486.204414090427
28410,4878.666103308789
28411,7673.373267404825
28412,8212.213056701643
28414,5871.67584866095
28415,6049.1814157462995
28417,3867.5332659935484
28418,4798.471003204461
28419,6175.501722147052
28420,6399.498614917681
28421,6212.556704153196
28422,5387.201662896392
28423,7436.619002632426
28424,7963.054488813457
28425,7149.852797617968
28427,6536.603865683868
28428,7559.544301929277
28429,5172.251598348248
28430,6197.287121800438
28431,6289.074728976098
28432,6847.668839965098
28433,5019.860321159636
28434,5664.778606870444
28435,4899.987681835172
28436,7548.889926200316
28437,6228.602809002438
28438,7704.759866577257
28439,7726.279720300966
28440,5507.3045497698995
28441,6508.489569154373
28442,14095.65589486443
28443,9135.276304849342
28444,5388.546671062397
28445,3998.528598772675
28446,6779.488860860723
28447,8484.285187069254
28449,10822.417510757065
28450,16388.160008226445
28452,4411.755752347486
28453,7218.000275758429
28454,4558.156123320435
28455,7641.259313520078
28456,5006.601673919206
28457,6284.874884110809
28458,5052.979107574499
28461,6102.135746388172
28462,7601.96321509236
28463,6601.571532004541
28464,6898.4741136536595
28467,5319.377209039156
28470,5864.093040914764
28471,5282.7595401096705
28472,4916.237101618407
28473,5031.3495784097495
28474,6249.613257538387
28475,4967.565337263806
28477,6468.181263877137
28478,6684.0398974870295
28479,5158.550253994553
28480,5399.101374071308
28481,4681.677904088024
28482,5723.72008876235
28483,5936.643581847442
28485,6174.994720434556
28486,6178.652169205713
28487,6308.032546376898
28488,6683.556840064232
28489,6456.402990173592
28490,4171.9191618037285
28491,4289.385800819573
28492,7368.328492100583
28494,5918.096699119015
28495,12195.106337456064
28496,6927.991625704825
28497,6340.971223165798
28498,4499.628323486382
28499,4157.05106852014
28500,4897.583790557216
28501,4763.546149572977
28502,5135.884380302855
28503,7039.657155876864
28504,5711.234551765116
28505,9678.817175588574
28506,10994.151936637198
28507,6430.749519657529
28508,6472.318959237703
28509,4935.769111456536
28510,6353.051499787937
28511,6055.163051265471
28513,6861.119635406539
28514,6626.399233625569
28516,6353.051499787937
28517,6012.624466141545
28519,6194.017187589536
28520,5473.563953880976
28521,6813.206128071642
28522,6425.796470211142
28523,7542.520744658396
28524,7470.325951878642
28525,6443.292052735039
28526,6951.77786016669
28527,6990.470128212427
28528,9467.567605595174
28529,4311.259297724093
28531,7053.349132076033
28532,7564.547793273495
28533,6758.368637895582
28534,6400.619398841477
28535,7291.011758236593
28536,7675.0819470952965
28537,6001.964556194837
28538,6458.4766234662475
28539,6583.779551416324
28540,5363.8672183620265
28541,12140.816501456899
28542,13811.640647493286
28544,6827.435967069759
28545,7371.779275724199
28546,7106.178921004902
28547,7789.659434033585
28548,4361.313182471885
28549,5699.315092039902
28550,7078.145954918689
28551,7175.833839853664
28552,4143.133999765403
28553,5126.925431306882
28554,5577.350613499944
28556,6091.316138805554
28557,4472.1775735165875
28558,4313.26019126335
28559,6561.041015021808
28561,4604.9561294524565
28562,5593.3145399193645
28563,5556.192333804681
28564,7659.911572396337
28567,6329.332858917159
28568,6809.438380833873
28569,8552.582018804676
28570,6386.7167324807
28571,4602.547725763745
28573,9564.567434533265
28574,5565.801895624984
28575,7014.754639377164
28576,5967.846878458409
28577,5348.7098882958135
28578,6707.308525182648
28582,8058.933654371729
28583,9978.33849168282
28584,4767.528924691764
28586,4634.535944182985
28587,5276.517227811139
28588,5935.927499987023
28589,4660.850061170481
28590,6827.027785956386
28591,4749.729363029164
28592,6514.22196693145
28593,6323.524661397354
28594,9378.567155142968
28595,7950.959919004264
28596,5221.754193803816
28597,5459.838905300013
28598,6889.419086224422
28599,7103.25931894942
28600,7641.930724012099
28602,6296.346405937499
28603,6554.683026567483
28604,6081.00308110265
28605,5721.986646830059
28606,7064.957846233513
28607,6255.909105023849
28608,10291.15617778407
28609,7025.297646228636
28610,11613.828666776328
28612,7304.880703523054
28613,4225.238436691166
28614,6101.563305860679
28616,6181.513591916302
28617,6395.522621888886
28619,4457.515646320659
28620,6798.090236491719
28621,5737.405218950351
28623,6470.637045264761
28624,5767.220323048524
28625,6826.307480823238
28626,6236.784016753591
28627,7090.080214856623
28629,5665.7585110112595
28632,8781.275163228394
28633,7553.165859309884
28634,5346.783889966781
28635,5338.941697569525
28636,6514.977487195498
28637,6306.016487961541
28638,5429.229010449202
28639,6434.170769860092
28640,5494.713789996921
28641,6013.026445323286
28643,6995.540019865799
28644,5630.3186587103255
28645,5549.670506720297
28646,6228.258654756214
28647,6556.797874134077
28648,5249.987207107335
28649,5148.135960530711
28650,7200.447234687189
28651,6304.778542666267
28652,7401.606643001313
28653,8545.942695650187
28654,7212.441071845768
28655,4873.220112376673
28656,6217.07635523943
28657,8708.558155542565
28658,6745.883500578802
28659,6183.581035493544
28660,5963.992289025171
28661,5897.286743497167
28662,4996.94156675481
28663,5391.199433940166
28666,6874.559630518677
28668,3517.8766944638155
28669,8784.934081225601
28671,5772.476908649099
28672,4695.909934313523
28673,6490.720229077789
28674,5800.3927771982835
28675,5511.316507089441
28676,6338.209439973015
28677,6927.273387494312
28679,4419.313967349309
28680,4299.674862694381
28681,7374.335295720412
28682,14330.639910799426
28683,4994.436245392486
28684,6083.48799885361
28685,6902.266355411461
28686,4799.461248322032
28687,5164.024267574327
28688,5958.194592909734
28689,4553.887824533792
28691,7054.799124670843
28693,6399.896054644766
28694,4517.879054562176
28695,4974.374938444928
28696,6594.885746711066
28697,7016.97791327742
28698,8789.47537152925
28699,5310.319629943122
28700,5707.417833816298
28701,4866.711932906493
28702,6567.276596664456
28703,12936.830850305843
28705,6807.677702656884
28706,4763.223285808866
28707,6156.251160742056
28708,5224.660163172581
28709,4864.54562416415
28710,7225.11620281108
28711,5241.617645133834
28713,6945.360528325003
28714,5576.832789628502
28715,4823.534903955955
28716,5061.935438030936
28718,6125.115765680899
28719,4895.49883069064
28721,6819.190049791067
28722,7159.575244288187
28723,6783.239694699093
28724,7077.736617473918
28727,5470.092077271758
28728,4191.634573107229
28729,5441.65297222944
28730,6406.017108819655
28731,5279.203822293349
28732,7298.206302552942
28733,5786.4259483783935
28735,6098.342485361571
28736,5369.817389156647
28738,5127.318226864696
28741,4397.294999397267
28742,8032.103002229393
28743,4831.509771783937
28744,5031.485223899299
28745,6176.724187488059
28747,9062.073308554813
28749,6009.25758359889
28751,6525.306934190333
28752,5930.063873475384
28753,7713.905384021366
28754,4102.087438386551
28755,5791.99458993135
28756,5832.563885987454
28757,5112.138860318551
28759,6698.9260773816895
28760,6372.26234481288
28761,5838.204583147909
28762,6546.708706533953
28763,6777.849049714362
28764,8110.914320678014
28768,6656.975878755426
28769,6742.462198160371
28770,3883.193752004992
28771,8333.29326614692
28773,6562.2790516098785
28774,5570.796482480105
28775,4015.075613119845
28777,5023.763847070445
28778,7351.744040502323
28779,5893.298378005251
28780,5517.274811702667
28781,7349.150259263593
28782,5430.110689308504
28783,6051.1164152743695
28785,5079.208309795824
28786,7244.912256559265
28787,8386.19859465623
28788,6611.718879221516
28789,4516.514680322083
28792,3811.520233968655
28793,5597.285751334499
28795,6609.92016791593
28797,5900.862000425262
28799,9346.721338513222
28800,5724.8599738066205
28802,6064.822305282012
28803,6974.798597696311
28805,6061.705254589306
28806,6533.154913199512
28807,8261.258111728945
28808,6617.461255181314
28809,6965.683654651491
28810,6480.451474789265
28811,5482.844223423973
28812,5623.508563931185
28813,8045.69786133262
28814,7429.0362222917975
28815,5603.4069322772775
28816,13310.29283587687
28817,5377.658952458646
28819,5175.665910834461
28820,7651.967711001959
28822,6619.744455989262
28823,7265.073761444828
28824,7009.561051400921
28826,6605.954495453383
28827,5215.418799044234
28828,4799.641343510115
28830,4779.156558758186
28831,4298.679515470678
28832,7905.83202180604
28833,17153.839071027196
28834,6046.976946030084
28835,4621.304192248734
28836,5436.751612671994
28837,4685.8791599083
28838,6326.868083131254
28839,3209.3531588845053
28840,7130.9078133553685
28842,6185.712089369223
28843,8866.734663075602
28844,10525.574031646114
28845,5841.3876775086055
28847,5442.8393621036375
28848,5792.576224260075
28849,6212.155307340881
28851,4560.821629752791
28852,4993.567692944779
28854,5874.767537275032
28855,5346.469028971509
28856,6273.654454827976
28857,5163.534816724145
28858,7231.219514450747
28859,6380.0964089840145
28860,5982.258754444635
28861,4923.020440762186
28862,4845.044704950866
28863,6219.884283719673
28865,6933.085398238054
28866,5552.1369197285285
28867,4391.675685302795
28868,6642.400592041982
28869,5485.7030363025015
28873,6997.2851173858435
28874,6420.60414512307
28875,6269.094634823237
28876,5125.191828697677
28877,4976.776690724019
28879,6484.887694952156
28880,5107.831621804278
28881,6035.220448141422
28883,6918.836153366144
28884,5273.904631647625
28885,5751.123114290213
28887,6931.877847541679
28888,6173.1442968919555
28889,7886.083991608915
28890,5962.076340645566
28891,5920.787123534178
28892,4660.263408151737
28893,3211.8427575737933
28894,5584.439692158176
28896,3717.931572387371
28897,4897.18077176436
28898,7121.977148019496
28899,7126.69232964964
28900,5995.886938611484
28901,7004.873420815538
28902,5044.453640906452
28904,5214.0207650247785
28905,6242.702048387147
28906,4878.904412975128
28907,5643.519474508023
28908,6278.486898392893
28911,6759.742352223013
28912,4748.744224827773
28913,6245.13189888041
28914,5958.474990424836
28915,3824.9600688614273
28916,6938.443099474
28917,5762.188523440183
28918,5482.451225202645
28919,8157.922150227608
28920,6823.248687579841
28921,6625.491453708394
28922,5468.402789839854
28923,4802.15628976549
28924,5486.839009585461
28926,6337.1977903967345
28927,4263.00985426475
28928,6330.9780289901455
28929,5099.662858635046
28931,5034.702737547396
28932,5838.650834893676
28933,5863.362232215985
28934,7051.980906802283
28936,6662.469909787105
28938,5913.962371838313
28939,6522.138905478549
28940,7120.625624902193
28941,5731.580529842725
28943,6416.9267623048245
28947,7418.1936433468045
28948,8026.7725847883
28949,7775.653051509028
28950,4248.374336212286
28952,6934.393273439391
28953,7258.318375841634
28954,6456.551565504419
28955,7134.245834692494
28957,4846.90392376766
28958,5535.651301068981
28961,6378.3551849049045
28962,5188.665263915601
28963,5349.37498135751
28964,6755.867052874962
28965,6059.7461066137175
28966,6857.481607420482
28967,6011.794607593681
28968,7086.141607731017
28969,4857.903837304069
28970,5693.727964489003
28971,5981.5743254499075
28972,4732.55947643489
28973,6067.309374092472
28974,6958.485384282122
28975,5909.487526744774
28976,5816.980765756651
28978,6606.413087937623
28979,6142.117490120974
28980,7853.439474932532
28981,5648.009017734277
28982,3380.567643259318
28983,5795.374982631362
28984,7835.033911723497
28985,4972.030286972568
28986,6915.610206695858
28988,6643.244899214749
28989,5533.072417644625
28990,3510.53603531846
28991,5780.204355939125
28992,6692.355929003117
28993,6087.1745707278105
28994,6886.000547366811
28995,6936.675848745371
28996,5463.051816413722
28997,6587.222336327088
28998,3992.3889614823165
28999,2915.1414533556854
29000,6245.441714571157
29002,6023.569627713247
29003,5665.735037195879
29004,4199.592232347432
29005,5495.461920108391
29006,8592.371797884718
29007,5136.658967392277
29008,6715.148758196497
29009,4605.2929894004055
29010,4628.50344654618
29012,5425.149681481799
29013,4993.798169235071
29014,4645.708710267838
29015,6422.167071930022
29016,4116.079505239445
29018,5593.169896608446
29020,5595.835182186882
29021,6804.400434440069
29022,5394.622809460795
29024,6837.1477894396785
29025,5821.960962597336
29027,2949.377328627545
29028,8214.479120283202
29029,6275.650521970853
29030,5610.076237661274
29031,6879.273065410162
29032,9029.376191251722
29033,6635.450257507689
29034,6308.223547998395
29035,5844.387078037198
29036,7780.03328429681
29037,10466.262199169409
29038,4739.496486433799
29039,5878.717484737911
29040,6183.820742863486
29041,7085.413858156656
29043,8051.815711270088
29044,7241.84534440822
29046,4387.310468841094
29047,6545.260431606149
29048,6270.86154814758
29049,4794.578841402457
29050,6714.80876674861
29052,6744.859204153705
29053,6021.15877763043
29054,5701.436514331526
29055,7454.404326767378
29056,5333.164254893425
29057,6208.02038533137
29058,6868.503080463689
29059,6360.515382809574
29060,7557.622458042619
29061,5667.662598214675
29062,7020.113526036421
29063,5894.257168950354
29064,6206.493351938441
29065,7345.574894273887
29067,7343.61853072056
29069,5597.6040109560945
29070,7031.843979748337
29071,4864.739674444471
29072,5663.404048809551
29073,6173.034371685213
29074,3689.5893368929837
29075,3616.150281863633
29076,6401.624208760886
29077,6833.241558916168
29079,5642.058949942664
29080,5655.82232047573
29081,5339.081506066356
29082,6589.48823812424
29083,4700.609572175676
29084,9259.311573497433
29085,6957.2015800611125
29088,5045.5646621960595
29089,9350.697571305338
29090,7294.680827284754
29091,4505.267824916412
29092,8330.377695631694
29094,5511.193497605377
29096,4649.630180052792
29097,4432.890115120256
29098,4873.180695370717
29100,3975.012639408534
29101,8608.547840631469
29102,6200.012830184568
29103,22907.05586567814
29104,7809.449191197992
29105,4830.702345068222
29106,6103.094478089069
29107,7780.662394064525
29108,5507.531942571851
29109,6186.310733784889
29110,5196.114176900989
29111,6945.052564654925
29112,6929.405048392277
29113,4451.473790866785
29114,5120.351383185494
29115,6646.319095860807
29116,6851.8595941403155
29117,6294.308439652424
29118,7132.6745588626545
29119,5792.198813140471
29120,4608.360604209492
29121,5567.743168828675
29122,8212.54521856619
29123,8367.176296510384
29124,7955.599393065417
29125,7027.360537552295
29126,4382.369181848551
29127,6537.743820934486
29128,4460.433968665611
29129,8538.224839477836
29130,7723.608976133054
29131,8006.402427583229
29132,5696.607973934345
29133,4128.602841556956
29134,4697.2911011028245
29135,5992.40891148085
29136,8472.287226867202
29137,5962.611790539631
29138,5253.23164953021
29139,4651.983586268018
29140,6787.042183218252
29141,5361.301918408974
29142,6773.618780876384
29143,5048.323970235434
29144,6397.197840801914
29145,6747.551636234931
29146,5710.2531605497325
29147,6958.425907372623
29148,5968.299731422859
29149,5298.465523189416
29150,5453.4171482493675
29151,6564.594816256727
29152,9471.565993876273
29153,6077.536100827706
29154,6929.636994214277
29155,6957.567457499935
29156,7819.899166934734
29157,7046.49690722777
29158,7869.432960514955
29159,4546.172320400629
29160,6432.329752736136
29161,6018.183018445201
29162,6199.934067525822
29163,8071.9598261758465
29164,7535.321331836493
29165,5348.028367246833
29166,6388.9694534274295
29167,6647.148878549463
29168,7652.889049695204
29169,5395.349298239468
29170,9374.978238226806
29171,4304.197746353435
29172,6312.149417557666
29173,6533.998246555603
29174,5557.430889852005
29175,5672.29152291375
29176,6200.3111713013195
29177,6676.620524582384
29178,5304.15258872685
29179,5863.856796220581
29180,7194.401914698197
29181,6676.833782880239
29182,6124.818019920612
29183,5315.0136774531275
29184,6012.291899764439
29185,7115.957445058065
29186,6417.438577068456
29187,5473.090015090814
29188,7214.002108847155
29189,6011.269833866353
29190,6983.13503551392
29191,7533.7994717070615
29192,5878.76811302313
29193,6857.306917832143
29194,6423.029130216262
29195,5989.083847004559
29196,6311.2376302927605
29197,5626.347672709548
29198,5401.670802009872
29199,5008.522807672093
29200,6331.178374560776
29201,6135.11087656638
29202,4832.994253590795
29203,4976.219346250841
29204,6171.923931401622
29205,5786.852196295539
29206,5626.6671224803495
29207,7693.606584472889
29208,5731.643298219804
29209,6247.478059691179
29210,5749.889483131351
29211,5111.615773737464
29212,5949.153576453985
29213,7233.74985313533
29214,6338.863359006815
29215,7660.029836612647
29216,7179.8503122504335
29217,5580.126833687786
29218,7749.49620185969
29219,6221.262494367774
29220,6199.9659166111815
29221,7734.97105789371
29222,5953.932938527573
29223,7130.702698626521
29224,7118.640437583689
29225,6313.875824161299
29226,5987.2389553766925
29227,6638.2315828350165
29228,6911.159313906821
29229,4992.573442291988
29230,5201.741578102273
29231,5433.668304196551
29232,6399.520675442534
29233,6413.672989609068
29234,4664.581317842908
29235,6516.04055239991
29236,7022.554648948651
29237,5769.975309244375
29238,6327.183305496025
29239,5572.682036756565
29240,7130.447476564061
29241,6372.53716620343
29242,5604.207882645278
29243,5542.782210747998
29244,6017.541557216144
29245,7120.846435915773
29246,5222.119417920751
29247,6020.842754730854
29248,5002.130198227737
29249,7806.075260715828
29250,6264.439680714867
29251,6661.904613716059
29252,8687.616490779683
29253,5776.639825614946
29254,5775.035851830543
29255,11002.893968327639
29256,6044.695236647778
29257,6360.100222361863
29258,6512.968812623043
29259,5748.521474088562
29260,6842.7506052597
29261,5362.591757386942
29262,6192.545860775938
29263,6963.68928645831
29264,5662.399937746445
29265,4486.647464489371
29266,5709.399673370287
29267,7505.886821917777
29268,7980.7077644978735
29269,5802.788149590634
29270,5822.829367772174
29271,6000.334934857524
29272,5211.151340138652
29273,4301.56162372418
29274,5308.025839474097
29275,6096.114569691378
29276,6320.111462462008
29277,6548.441518334869
29278,6093.223215577184
29279,7357.231850176752
29280,7883.667336357784
29281,7070.465645162294
29282,6381.757482191657
29283,7242.6254183646615
29284,7510.697821040501
29285,5741.041957428292
29286,6228.067880614726
29287,6209.687576520425
29288,6768.281687509425
29289,5020.303371558579
29290,5705.225676283482
29291,4851.141200946397
29292,8164.796850802734
29293,6179.756328113663
29294,7625.372714121583
29295,7863.36467287368
29296,5687.917124541852
29297,6459.643088265598
29298,14095.212708215811
29299,9190.90179795231
29300,5349.573391157964
29301,3949.682117883899
29302,6700.10170840505
29303,8109.329574183596
29304,5616.564882346767
29305,10868.55080877474
29306,16339.31352733767
29307,5493.930168229448
29308,5533.462271620195
29309,6843.590527198192
29310,5126.946482400481
29311,7887.941389083938
29312,5795.7800379251685
29313,6870.835182891291
29314,4973.591955118825
29315,7468.775587867821
29316,7050.274785143115
29317,6598.4237131836335
29318,7522.576062636686
29319,6449.302720923905
29320,6819.086961197986
29321,6627.028613153252
29322,5723.706351930922
29323,5864.608389176537
29324,7329.062311271075
29325,5077.716434013835
29326,5864.5360913137065
29327,5950.927402609082
29328,5485.027460698451
29329,5100.602317208608
29330,6292.025460445679
29331,5573.619246073324
29332,7179.681294670172
29333,6740.584320950572
29334,6560.3023165715185
29335,5654.838220790013
29336,5319.714221615634
29337,5644.9447311014
29338,6524.443742434495
29339,5930.769192853687
29340,5933.421061551276
29341,6737.442769841965
29342,6129.805688316937
29343,7025.5795751508185
29344,7060.490943435418
29345,6407.5565092848165
29346,4990.985083242426
29347,5056.406847770567
29348,7319.482011211808
29349,5872.3735125656885
29350,6293.456164215434
29351,12322.439036121434
29352,6848.604473249152
29353,6602.24197174252
29354,4450.781842597607
29355,5005.788032200342
29356,5376.836371339125
29357,4982.569920646514
29358,5805.14024508426
29359,7533.947575371455
29360,5631.847399309442
29361,11073.182590812026
29362,11098.329246083815
29363,6269.069214539014
29364,6945.078888310568
29365,5387.401548389803
29366,6847.3419192825295
29367,6321.321260049555
29368,9981.146418091279
29369,6944.585224760448
29370,6940.106299102189
29371,5679.103605509362
29372,6847.3419192825295
29373,5933.237313685871
29374,7305.501479198694
29375,6145.17070670076
29376,6033.812552964984
29377,6733.818975615968
29378,6346.409317755469
29379,7463.133592202723
29380,7942.933334678612
29381,6363.904900279365
29382,7512.0264592506965
29383,6911.0829757567535
29384,9388.180453139501
29385,4884.77166247831
29386,5206.892331199389
29387,6973.96197962036
29388,7485.160640817821
29389,6678.981485439908
29390,6401.0624492404195
29391,7138.742947155957
29392,7595.694794639623
29393,5922.577403739164
29394,6676.3651509152605
29395,6657.121258287479
29396,5411.577106786241
29397,11670.298689647037
29398,13785.952816220866
29399,6658.936758096003
29400,6748.048814614085
29401,7322.932794835423
29402,7557.656034228145
29403,8262.266816833555
29404,5083.23285488165
29405,6150.792205263146
29406,6998.758802463016
29407,7126.987358964889
29408,4616.141603410374
29409,5323.957668066671
29410,5497.963461044271
29411,5649.75623877543
29412,6846.234482752188
29413,4847.671455111381
29414,4616.635719176034
29415,6481.653862566134
29416,5024.735751414495
29417,4556.109648563681
29418,5513.927387463691
29419,5660.468107816143
29420,7580.524419940663
29421,7571.6914774953775
29422,7773.821102517679
29423,6249.945706461485
29424,6730.0512283782
29425,8926.971646230058
29426,6875.457135429207
29427,5009.755977288949
29428,5880.408078652969
29429,8173.496829696166
29430,6038.409278424954
29431,6935.36748692149
29432,5888.459726002736
29433,5434.915431818646
29434,6803.944490739143
29435,5834.651735787236
29436,6136.639005411184
29437,7366.187011598537
29438,7881.328746541466
29439,10483.755911779974
29440,5690.664963669758
29441,8057.313042700221
29442,4937.9114720956695
29443,5227.670746922363
29444,5887.081019098247
29445,4612.003580281706
29446,6594.746059624579
29447,5294.353847857021
29448,6668.932328221826
29449,6834.083508348642
29450,9719.376907438602
29451,7453.360078325948
29452,5694.761797448786
29453,5910.915797678256
29454,8305.004210812933
29455,7023.872166493747
29456,7672.710574309059
29457,6055.218218132259
29458,6247.4999250487235
29459,6794.588089874429
29460,6001.6159286469765
29461,6194.994250475029
29462,6985.57069377784
29463,6728.516487823818
29464,10089.84956674185
29465,6945.910493772963
29466,10324.054327335789
29467,5863.306461339132
29468,7225.49355106738
29469,4537.589235255784
29470,6341.468369167625
29471,5828.447508433502
29472,6102.126439460629
29473,6868.130004688855
29474,6342.357136907274
29475,4908.992759543902
29476,6718.703084036046
29477,6210.01260175032
29478,6818.695437491986
29479,6391.249892809087
29480,6160.707087765687
29481,6746.920328367564
29482,6187.937535864815
29483,7541.157107234866
29484,6229.275653785814
29485,5586.371358555586
29486,6081.8325786276355
29487,6765.751139745504
29488,8786.811277418883
29489,7473.77870685421
29490,5376.521751920228
29491,6082.084449135622
29492,6987.584869995468
29493,6623.520021050254
29494,5902.236614094172
29495,6906.778152660061
29496,6033.431898659202
29497,5933.639292867612
29498,6739.983796274787
29499,6916.1528674101255
29500,5656.196389767646
29501,6293.010969675802
29502,6148.871502300541
29503,6477.410721678403
29504,5664.6042414012245
29505,5148.579010929653
29506,7121.0600822315155
29507,7324.449367107509
29508,7322.21949054564
29509,9006.336756244007
29510,7133.053919390095
29511,5869.313228884059
29512,6689.6837380394
29513,9084.05203713736
29514,7218.490883378771
29515,6184.024085892486
29516,6436.999892670141
29517,6407.845590448456
29518,5366.953182624769
29519,5694.574961852851
29520,8687.95171527017
29521,6408.83915879155
29522,7226.109214862713
29523,5929.420301115469
29524,3581.0137942856772
29525,9532.34910994762
29526,6383.911206464087
29527,5693.089756193425
29528,5146.9868266917665
29529,5507.914170973107
29530,6405.7422616221165
29531,6013.048065236551
29532,5850.742490780335
29533,6847.886235038639
29534,4583.419176204132
29535,4505.519510872141
29536,4772.682466339352
29537,7433.283230568622
29538,14633.134923258454
29539,5018.248333166213
29540,6004.100846397937
29541,6933.0462057084205
29542,5214.478503460922
29543,5164.467317973269
29544,5878.80744045406
29545,4920.558881080164
29546,7012.839294370375
29547,6975.41197221517
29548,4061.024233048847
29549,6351.04957375599
29550,4821.25458247486
29551,5425.451830823171
29552,6546.03926582229
29553,7116.184127035286
29554,8820.255221826212
29555,6010.3089097332795
29556,5793.6233773391305
29557,4817.865452017717
29558,6487.889444208782
29559,13005.562164754127
29560,7514.749000844864
29561,6827.053713560135
29562,5071.353744901555
29563,6076.864008286382
29564,5697.267545972551
29565,5337.55322780912
29566,8102.422703116977
29567,5481.52270844078
29568,6295.852755871074
29569,6823.309042503758
29570,5527.986308739726
29571,5296.542507600926
29572,5091.673299984383
29573,6586.83508400731
29574,6076.2692847921235
29575,5265.510446560599
29576,5744.868084272124
29577,6739.802897335394
29578,7110.728763399411
29579,7255.847077499063
29580,6998.349465018245
29581,4718.544057472988
29582,7498.451109882424
29583,5454.604117596421
29584,5060.697324533484
29585,5914.660575874411
29586,7003.423423339319
29587,5582.579350206033
29588,7218.819150097269
29589,6237.502840756637
29590,6465.893161896796
29591,6018.955332905897
29592,5842.824992801618
29593,5836.457883861734
29594,5127.7612772636385
29595,6815.147639799865
29596,5868.748814575099
29597,5044.391066049651
29598,7952.715849773719
29599,5273.904033417064
29600,4952.0980714436255
29601,6429.1821174737215
29602,7947.978683482252
29603,8899.361724298358
29604,5713.669721841102
29605,6481.864966398859
29606,5353.114269988931
29607,6297.892798791931
29608,5850.67672101971
29609,7634.518231565693
29610,4053.2409574977755
29611,5688.547121522653
29612,6077.589655144281
29613,5139.20696874355
29614,4649.649109055726
29615,6619.538924926016
29616,6323.415863924104
29617,6310.811965947878
29618,7334.955230583301
29619,6698.461897258689
29620,7695.284069261126
29621,4979.112425197465
29622,5708.9892838900605
29623,6117.785959865689
29624,6669.564550172721
29625,7385.657475700599
29626,4334.670865228237
29627,8253.906113691251
29628,6468.145852265218
29629,6513.432570721103
29630,5328.7965928624935
29631,4220.805987723
29632,6140.033032155866
29633,5672.964084661692
29634,7272.356888046649
29635,5972.122729451252
29636,5603.480355225499
29637,7269.76310680792
29638,5516.3162328313365
29639,6002.269934385594
29640,7168.155790550666
29641,5302.461040514063
29642,7330.322647619739
29643,8337.352113767458
29644,6614.933711697286
29645,4788.6418672252785
29646,4925.172938895439
29647,4701.8082002927495
29648,3929.541600994546
29649,6759.45081400524
29650,6251.877597355938
29651,7292.864687518093
29652,4849.246275471724
29653,6065.12957343666
29654,6027.708527282334
29655,9291.772809550515
29656,5645.472821350947
29657,5466.389757734943
29658,5985.435152826339
29659,7415.166405196299
29660,6238.269384058755
29661,6669.360705369529
29662,7073.767225469247
29663,8061.141224129204
29664,6538.074102725641
29665,6886.296502195818
29666,6487.507179174857
29667,5934.321336647216
29668,5574.662083042409
29669,7966.310708876947
29670,7787.17192346446
29671,6588.608276057688
29672,13230.905683421197
29673,5458.96237674184
29674,5709.009838447597
29675,5428.1238408201225
29676,7572.580558546286
29677,7197.515905802833
29678,6570.897975100486
29679,7033.104603425916
29680,6930.173898945248
29681,5897.266214563463
29682,6526.56734299771
29683,5166.572318155459
29684,5705.8174267610675
29685,5752.092043612693
29686,5302.867694412259
29687,4602.055043383362
29688,7826.444869350366
29689,15190.689300455895
29690,6549.637794148502
29691,5744.517993419805
29692,5980.87890260585
29693,4606.492007452626
29694,6317.5232445679485
29695,3986.308088921297
29696,7876.9248814652
29697,6608.247643594091
29698,6688.372937487639
29699,9407.34697534534
29700,10561.095132584087
29701,6307.185373241421
29702,6079.456398931557
29703,5363.452209647964
29704,5878.781767782907
29705,6636.181751414392
29706,7738.269053165844
29707,4511.975148864015
29708,4914.180540489106
29709,5858.682254066802
29710,5795.380384819358
29711,5722.279070150184
29712,6194.267302372303
29713,5666.195664842561
29714,6811.549648268897
29715,6883.157477947432
29716,6155.607832267422
29717,4874.17395987341
29718,4796.19822406209
29719,6847.344063557785
29720,4534.679020308561
29721,7435.746246356472
29722,5503.290438839753
29723,4775.8421071217035
29724,7017.894473636776
29725,5436.856555413726
29726,5388.825798500424
29727,5781.977299641653
29728,5877.738891200252
29729,7500.346186349261
29730,7097.753677093901
29731,6189.707482367564
29732,5308.629210435238
29733,5515.4947993863
29734,7251.761063260743
29735,6405.500542496483
29736,5058.985140915503
29737,6345.299099195936
29738,9370.537372883255
29739,6643.226267939443
29740,6307.700940927341
29741,7051.366457815365
29742,6161.255148316718
29743,7434.538695660096
29744,6124.29781600318
29745,8444.23505185324
29746,5913.229859756791
29747,5841.399971078505
29748,5003.138354034955
29749,4370.454882609662
29750,5975.056215509897
29751,16576.565829698822
29752,4256.649681049653
29753,4897.623822163302
29754,7624.637996137913
29755,7047.305177193966
29756,6304.017397704172
29757,6925.486268359865
29758,4995.6071600176765
29759,6271.352667010252
29760,5165.174284136003
29761,6745.763117350565
29762,5323.9751334324665
29763,6146.580543471442
29764,6229.640417504117
29765,4858.163807970342
29766,7332.533836379504
29767,6680.355199767339
29768,4669.3570723720995
29769,6747.792746998826
29770,7296.096583051452
29771,4157.58624370707
29772,6859.055947018326
29773,5713.342042551408
29774,5501.827236105896
29775,8078.534997771934
29776,6743.861535124168
29777,7008.541046956408
29778,5971.463858803272
29779,4917.35728650139
29780,6376.274013242602
29781,4290.303617724201
29782,6839.858638515151
29783,4515.467784250412
29784,6195.781879015591
29785,5602.723927598464
29786,6741.995265758228
29787,5397.799325662157
29788,6466.110614731789
29789,6153.545790820759
29790,7003.134425913508
29791,5884.195592088614
29792,6859.502146546896
29793,6060.462461566091
29794,6280.6334283846845
29795,7024.799753596965
29796,7189.356939350471
29797,5652.193377387051
29798,6664.402381663803
29799,6919.587610423242
29800,4851.545476043525
29801,8275.017483405369
29802,6414.2801624461335
29803,7347.832823109941
29804,8112.978128311132
29805,7712.223445109076
29806,4699.85144943553
29807,7775.604910088902
29808,7843.390650999412
29809,7178.931223385961
29810,6542.757109027251
29811,7054.858682236821
29812,6911.052472884759
29813,5213.574980314032
29814,6038.712370032399
29815,5378.789860554582
29816,5942.960185875962
29817,6329.508704016129
29818,5691.726332879019
29819,5300.528500468734
29820,6676.479900419288
29821,6089.483968567165
29822,6778.094454964808
29823,6552.406919863416
29824,6088.305719381209
29825,5271.349183050182
29826,6594.350294812702
29827,6484.235173568324
29828,5674.05821715321
29829,6007.460726716446
29830,6629.544125015604
29831,6499.78959114723
29832,5768.134284867875
29833,4202.874516124815
29834,6527.025935481949
29835,6430.414463928149
29836,7804.592994043756
29837,6150.669865852695
29838,4241.539408135868
29839,5668.5464808251145
29840,7755.646759267824
29841,5649.1798189434
29842,6836.223054240185
29843,6631.334550014176
29844,6491.398929269194
29845,5453.685265188951
29846,4049.254143980743
29847,5731.357875050349
29848,6612.968776547444
29849,6038.328089839035
29850,7105.568648173459
29851,6967.455699042331
29852,5753.64103484284
29853,7352.280235016475
29854,4381.89000997767
29855,3358.6511898451804
29856,6166.054562115483
29857,9723.54354714253
29858,6526.230475831664
29859,6168.796106159298
29860,4576.544482849785
29861,6085.763984510846
29862,7862.317724751743
29863,5087.8124865035015
29864,6635.761605740823
29865,4918.483211822495
29866,4814.457858045222
29867,5416.02819369534
29868,5728.525209394484
29869,5496.85923819849
29870,5097.185823491082
29871,6342.779919474348
29872,4560.368243452678
29873,7148.756472926158
29874,5689.061462834414
29875,6009.834933205828
29876,6098.8962511503
29877,6725.013281984396
29878,5418.001814310993
29879,5224.388853643829
29880,6757.760636984005
29881,6200.768410610469
29882,6854.175308374059
29883,3591.6563380138036
29884,8705.945995862508
29885,6196.26336951518
29886,5530.6890852056
29887,6799.885912954489
29888,7965.280322605751
29889,6917.385170305279
29890,6228.836395542721
29891,6321.401341019556
29892,7731.186803408034
29893,10449.098144903151
29894,5024.679941188586
29895,5829.871003849135
29896,6104.4335904078125
29897,7148.919233222741
29898,6427.1121046695935
29899,7457.118435529718
29900,7444.586081714628
29901,6170.614170080137
29902,4890.371537804512
29903,5891.483860048015
29904,7741.914137503652
29905,5239.649561859795
29906,6635.421614292936
29907,4610.770923647246
29908,6665.4720516980315
29909,5972.312296741655
29910,6204.097362449944
29911,7982.732459149662
29912,5777.834754505762
29913,6128.633232875696
29914,6789.1159280080155
29915,6419.11863863602
29916,7508.775977153843
29917,6170.323446333093
29918,6940.726373580747
29919,5894.700219349295
29920,6709.154200056859
29921,7463.710810103486
29922,4581.304451932586
29923,7846.679599683977
29924,6596.343477586397
29925,5518.216858500421
29926,6952.456827292664
29927,5455.616259457923
29928,6698.866333559209
29929,6608.273499654804
29930,3753.0947119590705
29931,4206.452346266088
29932,6322.237056305213
29933,7594.490747662889
29934,8601.333948295764
29935,5562.671797486991
29936,5774.753388767688
29937,5835.633825196775
29938,6510.101085668566
29939,5203.670641139093
29940,9210.465092608656
29941,7547.1887814826805
29942,10514.33033223263
29943,5467.696786902408
29944,5447.168181188333
29945,9271.310418849665
29946,7582.659196875981
29947,4812.561006509324
29948,8333.957803376468
29949,5986.565416119154
29950,5253.819209964996
29951,5088.90832329032
29952,4408.3904363534075
29953,5266.116386802842
29954,5182.415618977948
29955,5083.641104730436
29956,4426.489752631778
29957,8471.368071583003
29958,6815.978938088606
29959,22019.404368919706
29960,6617.897011604311
29961,4621.824996747275
29962,5943.960866061745
29963,7695.717071790709
29964,5402.321796667414
29965,6092.099044479418
29966,5073.5966313009285
29967,7030.727964765242
29968,6910.776369870256
29969,4238.004443472794
29970,5094.947338790609
29971,6099.847879163554
29972,6736.117414413118
29973,6286.052220654485
29974,6895.7445166540765
29975,5344.107159672645
29976,4582.956559814606
29977,5391.3053139078165
29978,8249.2251088518
29979,8337.569726084546
29980,7878.6907024058555
29981,6538.072531660529
29982,4240.585835392563
29983,6086.0798840925645
29984,4302.865143444176
29985,8221.61082034709
29986,7276.9887778639695
29987,8031.095630309359
29988,5417.155167462807
29989,4047.982846429962
29990,4585.331130821889
29991,5518.296454846023
29992,8331.865249505421
29993,5696.163276643938
29994,4986.783135634516
29995,4447.57173090915
29996,6646.620205856473
29997,5136.644888400151
29998,6310.624112243122
29999,4559.409471016518
30000,5909.872787038078
30001,6311.0614119224
30002,5327.3224976671945
30003,6146.0578622538715
30004,5702.281731871394
30005,4993.841839835073
30006,5153.177107457095
30007,6156.039299912316
30008,8635.74272351682
30009,5811.0875869320125
30010,6696.224998664397
30011,6817.145480138156
30012,7345.786710299906
30013,6557.208901336005
30014,7562.648819295428
30015,4330.51294619674
30016,6040.1327228219425
30017,5773.3613173256435
30018,5632.203970986142
30019,7541.6081486656185
30020,6826.329504325576
30021,5026.257836032834
30022,6122.520939531736
30023,6443.604609181055
30024,7446.456707312684
30025,4953.105564225788
30026,9793.83001835395
30027,4265.8430265633515
30028,6150.870423526167
30029,6495.64352676552
30030,5290.982375956311
30031,5395.118220470886
30032,5783.5626721882045
30033,6285.0682826546135
30034,4461.357256254388
30035,5054.2279505891975
30036,6746.769888083693
30037,5969.585889275499
30038,6119.6296543740955
30039,5064.966196703611
30040,5918.518840301641
30041,6803.116937088771
30042,6210.178038062009
30043,5296.62633353775
30044,6724.7141029553895
30045,5917.496774403555
30046,6460.649240404909
30047,6947.625065326751
30048,5763.464563138605
30049,6430.383745726244
30050,6237.299081631544
30051,5645.336129113362
30052,6134.773948739697
30053,5608.157624030198
30054,5110.477511230945
30055,4761.000540550884
30056,5620.748598859116
30057,5965.883860558967
30058,4547.900348674904
30059,4714.512855067765
30060,5669.723096640688
30061,5466.480216276957
30062,5525.567284512294
30063,7532.32759044139
30064,5637.870238757005
30065,6100.349554889255
30066,5275.777026496523
30067,5093.425725058115
30068,5643.16010407761
30069,7057.286171582266
30070,6240.45277314659
30071,7044.670325971239
30072,6774.808612564905
30073,5264.1927781728355
30074,7377.435091206416
30075,6127.489434904975
30076,6048.046300299394
30077,7343.41881596594
30078,5633.560958508992
30079,6923.442159620076
30080,6673.164729533031
30081,6047.427310265605
30082,5464.753160267681
30083,6430.971043828571
30084,6387.438973166664
30085,4974.383393612638
30086,5032.51456209486
30087,5353.320670668701
30088,6301.524525253633
30089,6112.970493522693
30090,4646.391269163559
30091,6400.737002515384
30092,6885.354019435927
30093,5618.055692932587
30094,6060.734791600332
30095,5457.3784868720395
30096,7103.502462343655
30097,6141.808962542779
30098,5452.28826633349
30099,4921.41551209875
30100,5919.5454070272435
30101,6629.712971700247
30102,5183.764698130668
30103,5844.379073177791
30104,4643.719478222466
30105,7486.378800181233
30106,6310.755961433028
30107,6576.208630468011
30108,7953.980013651314
30109,5738.2851058248625
30110,5106.572915646229
30111,10640.917792153494
30112,5749.070781274952
30113,5615.645049830703
30114,6349.4560445787965
30115,5253.892235804276
30116,6417.059502085939
30117,5302.807180060587
30118,6185.724727774687
30119,6865.6931362694095
30120,5438.647213531892
30121,4084.745523174885
30122,5532.935991817224
30123,6614.951245234404
30124,7522.635772136257
30125,5518.8839803317
30126,5538.92519851324
30127,5669.303906703459
30128,5107.214537426938
30129,4207.788564261382
30130,5289.8357907947475
30131,5554.59881296555
30132,5638.159068519935
30133,6510.086798544786
30134,5999.450156114386
30135,6732.384804454488
30136,7282.015732894207
30137,6482.900919296452
30138,5826.396787465973
30139,7148.852358901862
30140,7267.970228357289
30141,5616.751050704429
30142,6189.713160824643
30143,5781.3742695549645
30144,6339.9683805439645
30145,4643.253646197959
30146,5666.870956493399
30147,4475.784349805694
30148,8054.649813001464
30149,5849.809141321312
30150,6979.1910748040245
30151,7765.207970848812
30152,5146.401367816024
30153,6162.992029459499
30154,13733.236532041667
30155,8743.580631577892
30156,5251.416689133095
30157,3671.6302562315395
30158,5914.292670344213
30159,7994.035517469302
30160,5518.568732157867
30161,11005.057265944726
30162,16393.451275140767
30163,5336.4010770786335
30164,5287.741964204744
30165,6486.879067077686
30166,5002.6555756766165
30167,7774.592016600024
30168,5643.860421613381
30169,6680.88204358047
30170,4130.207140545907
30171,6956.163820844573
30172,6505.217854804701
30173,6408.470573872811
30174,6836.954388802522
30175,5565.215793696594
30176,6264.0817467144
30177,6465.749619121754
30178,5392.464023756368
30179,5749.304839292012
30180,7085.401402246426
30181,4728.040014839573
30182,5492.781777255292
30183,5825.329660542882
30184,5369.7239108139265
30185,5062.2475974185245
30186,6126.523375688078
30187,5479.846186610525
30188,6868.719134966585
30189,6199.068564224744
30190,6311.477336249074
30191,5203.7834917260925
30192,4499.426363709905
30193,5493.0251147896115
30194,6430.670682971697
30195,5139.179797348406
30196,5741.624220258713
30197,6783.759050560125
30198,5887.078095633725
30199,6735.362124996746
30200,7053.710600325746
30201,6094.985922776559
30202,4821.758067235014
30203,4879.943166217504
30204,7070.2583806845305
30205,5466.176510825926
30206,6286.635031214183
30207,11960.462859947293
30208,6147.848134142609
30209,6504.0852697176515
30210,4095.42111934777
30211,4890.484482315816
30212,5358.646322659776
30213,4975.748787645263
30214,5750.9778486250425
30215,7326.687036365009
30216,4948.18438113311
30217,11028.998538125334
30218,11028.634551139792
30219,5449.045390953772
30220,6759.348839725849
30221,5164.690032804429
30222,6657.388779971708
30223,6251.62656510553
30224,9282.965986361329
30225,6567.517124063634
30226,6841.9495970773205
30227,5609.408910565337
30228,6657.388779971708
30229,5249.574295509539
30230,7080.341487567274
30231,5848.51964789466
30232,5855.598180118232
30233,6078.649089810355
30234,5784.771580908383
30235,7047.055425244335
30236,7752.98019536779
30237,5619.449727748205
30238,7396.722909366172
30239,6419.949511541227
30240,9128.633484786646
30241,4549.897113233004
30242,4933.712950487626
30243,6374.815891524525
30244,7232.522138311542
30245,6220.730870883892
30246,5995.147313972301
30247,6356.47433410409
30248,6844.5258418945905
30249,5297.7303580169
30250,6628.577028769666
30251,6471.39120970276
30252,5168.849514103028
30253,11509.01969561554
30254,13423.976640046722
30255,6287.1824440375885
30256,6322.858815838784
30257,7039.028625576489
30258,7463.882974765346
30259,8072.313677522733
30260,5044.878135091567
30261,6057.019145800347
30262,6482.953907663382
30263,6884.259766281676
30264,4500.838053525848
30265,5276.169545921077
30266,4824.552506846793
30267,5525.465332051565
30268,6721.943576028325
30269,4700.542950309457
30270,4598.445670496685
30271,5819.192599898559
30272,4846.521378567744
30273,4292.373254957826
30274,4864.472310688336
30275,5434.852886998223
30276,7173.637261931374
30277,7080.558013279851
30278,7734.4812480257515
30279,5483.747006313177
30280,6418.442789341044
30281,8678.164239002019
30282,6660.8226960585835
30283,4991.5659286096
30284,5667.053058241771
30285,7558.355768474831
30286,5831.148739418509
30287,6428.95778393435
30288,5488.234797163382
30289,5396.560712028562
30290,6756.156368593548
30291,5425.514227134947
30292,5343.687108029512
30293,6824.671254872708
30294,7390.19528232594
30295,10465.565863100624
30296,5514.2012821166945
30297,7891.81095794262
30298,4919.72142341632
30299,4927.869485058532
30300,5556.049990944182
30301,4320.178808549745
30302,6436.431688948222
30303,5255.999128066937
30304,6652.51027260463
30305,6743.386499006036
30306,9703.535603308263
30307,7126.5824787815045
30308,5525.5347814413735
30309,5688.204282092884
30310,8128.540529259867
30311,6489.606911557183
30312,7624.922452163464
30313,5420.438027856172
30314,5981.349730053929
30315,6756.233370084346
30316,5109.1809921322365
30317,6069.3965084088295
30318,6694.702214287706
30319,6521.255948817373
30320,9913.385885188789
30321,6411.645238836399
30322,10276.266205190195
30323,5573.85326731556
30324,6752.020450485645
30325,4467.894540311759
30326,6271.773674223599
30327,5473.512366528172
30328,5348.186696766427
30329,6691.666323135792
30330,5609.841182667192
30331,4815.219700081104
30332,5996.742928238519
30333,5970.192551361619
30334,6672.824461642547
30335,5658.733938569005
30336,6066.934028302889
30337,6247.539811097394
30338,5845.467418587643
30339,7355.427058650146
30340,6143.579670537765
30341,4896.735936137673
30342,5272.50208775829
30343,6580.0210911607855
30344,8748.456557628802
30345,7005.285054246192
30346,5338.167032130144
30347,6052.817719070332
30348,6797.631730684646
30349,6533.496864468139
30350,5777.945707370309
30351,6716.82501334924
30352,5939.658839196403
30353,5665.465640695167
30354,6199.969460769207
30355,6157.760947902872
30356,5465.7825353107955
30357,6116.547288122737
30358,5421.6791373962
30359,5728.872385163885
30360,5494.774983309559
30361,4749.861740444063
30362,6628.279608877282
30363,7147.985685554445
30364,7233.818364434015
30365,8618.570753251204
30366,6655.767773892761
30367,5692.849547330996
30368,6472.129006851279
30369,8973.904999336091
30370,7002.242987532987
30371,5840.09450609513
30372,6321.696342785616
30373,6157.798109698938
30374,5288.58814134403
30375,5676.384913173501
30376,8602.255732022122
30377,5805.050341112896
30378,7159.153879151651
30379,5777.50068480368
30380,3387.8086577929016
30381,9214.795694629402
30382,5745.904854118178
30383,5125.516766412718
30384,4961.256778107047
30385,5133.600925965971
30386,6187.452701655141
30387,6014.308045015865
30388,5489.294321827528
30389,6407.480960556727
30390,4248.01461309521
30391,4467.1647910820575
30392,4657.378916454826
30393,7114.116112320227
30394,15027.452529413014
30395,4932.552349918164
30396,5218.5679689042545
30397,6885.258083562826
30398,5099.174953576397
30399,4860.076211051295
30400,5036.16921474057
30401,4850.864186136138
30402,6612.007308572524
30403,6549.508607209473
30404,4042.8341843694975
30405,6031.882455507596
30406,4803.064533795511
30407,5259.845663457607
30408,6280.3216902584345
30409,6782.9789922389255
30410,8772.467099680616
30411,5976.8190889418875
30412,5723.928682395105
30413,4484.838321846454
30414,6082.235221463752
30415,12643.585988579982
30416,7080.393034363649
30417,6376.707619017919
30418,5064.532611900305
30419,5298.124233379165
30420,5456.207422062372
30421,5222.249677924595
30422,8116.445694527071
30423,5411.8280134967545
30424,6081.497570669135
30425,6200.271772383468
30426,5208.345267052983
30427,5127.315491593513
30428,5053.3185801943
30429,6241.987533792475
30430,5771.7902681342775
30431,5187.14540527986
30432,5711.378263480733
30433,6125.099544018263
30434,6964.967477057472
30435,6994.663072369729
30436,6515.022781443774
30437,4624.77099801019
30438,6676.032764914152
30439,5328.979959956517
30440,4884.23364298042
30441,5861.997089530837
30442,6813.470284028498
30443,5564.389301526684
30444,6618.693036042829
30445,6051.772792171917
30446,6226.945509019717
30447,5210.119456383437
30448,5727.521442917092
30449,5542.497274141432
30450,5032.3938069960695
30451,6733.8123005245225
30452,5561.224111745179
30453,4946.39491586075
30454,7925.303976621264
30455,5291.578908322667
30456,4514.56148702042
30457,6390.827397683638
30458,7586.530514529444
30459,8829.667029354336
30460,5635.304680560363
30461,6291.911827088038
30462,5334.924221309581
30463,6228.198103847906
30464,5224.957987416985
30465,6963.497737375443
30466,4013.7282246027407
30467,5449.927765536711
30468,5778.110851134529
30469,5462.430336951059
30470,4631.459060376376
30471,6189.555476025753
30472,6031.572777981812
30473,6120.858826637057
30474,7329.766865036785
30475,5896.593589181201
30476,7204.508466006035
30477,4512.903204341616
30478,5615.216224427262
30479,5932.055911280969
30480,6380.576898845243
30481,7250.883323772248
30482,4240.8978057654385
30483,7806.6996316194845
30484,6051.685998583582
30485,6263.776626628162
30486,5188.032513375732
30487,4049.3632504425846
30488,5699.8208055848045
30489,5594.599043380953
30490,6797.598071450173
30491,5664.598026621332
30492,5533.785660281474
30493,6771.701291182666
30494,5446.621537887311
30495,5853.585252425806
30496,7161.334657549415
30497,5264.1063207239795
30498,7303.377633399333
30499,8215.26379740619
30500,6348.2471341223145
30501,4801.985405334763
30502,4802.199202124095
30503,4573.758584785402
30504,3859.8469060505213
30505,6676.73386234322
30506,5797.243061867991
30507,7055.5506831932
30508,4670.781212901064
30509,6147.9537994873945
30510,5873.364155240023
30511,9126.110172956947
30512,4893.121439920832
30513,5028.538636889105
30514,5680.790510564334
30515,7388.560528781901
30516,5662.554632241325
30517,6429.043973594285
30518,6802.653636240621
30519,7991.446529185178
30520,5772.233263537766
30521,6301.682698749157
30522,6139.535144987349
30523,5840.548277184418
30524,5184.530685005174
30525,7422.018050753605
30526,7537.692907265525
30527,6382.091129186177
30528,13412.46340392037
30529,5452.049683887427
30530,5307.640002526719
30531,5358.429145876097
30532,6898.973789113119
30533,6521.154436841025
30534,6208.723843626776
30535,6545.940796350328
30536,6345.274327905665
30537,5943.582495281623
30538,5727.432653791136
30539,4857.106387222951
30540,5439.031010866507
30541,5374.8026379953435
30542,5224.50265313152
30543,4583.864994704013
30544,7340.562167823214
30545,14067.05603903772
30546,6312.3237898236075
30547,5538.000846548294
30548,5911.184207661825
30549,4000.0317111315794
30550,5844.862028595923
30551,3621.380074357548
30552,7670.40773459369
30553,6120.722138773553
30554,6481.855790616129
30555,9170.032971020446
30556,10141.613354696945
30557,6024.590417877691
30558,5951.406783424209
30559,5263.562784688765
30560,5809.087072838882
30561,6536.666904321075
30562,7002.369143887417
30563,4465.5365556692095
30564,4344.309550619571
30565,5752.821599708018
30566,5316.479253739539
30567,5683.924350360101
30568,5565.5825988689885
30569,5446.189060213293
30570,6374.205054009329
30571,6728.813105905121
30572,5766.995245004254
30573,4945.463177954103
30574,4577.722384895502
30575,6627.337458928516
30576,4440.905960845762
30577,7198.4322420315775
30578,5548.899224954005
30579,4634.415267745534
30580,6927.871317054661
30581,5235.043009923561
30582,4732.9262906885215
30583,5565.834352486928
30584,5667.18365450669
30585,7471.552700810128
30586,6969.7040615865535
30587,5811.677589528299
30588,5270.274490645154
30589,5421.721739923501
30590,7145.90040890196
30591,6088.335648918452
30592,4840.509301748914
30593,6305.959244704009
30594,9137.42527094899
30595,6616.281253719037
30596,6101.18379405583
30597,6923.316842308017
30598,6055.394493957934
30599,7214.532091030827
30600,6017.891902496369
30601,8426.045003173891
30602,5680.048454676419
30603,5440.569061130408
30604,4868.364202106603
30605,3961.690413902268
30606,5956.866166830548
30607,13584.759439918085
30608,4162.8766215868545
30609,4567.923449420531
30610,7404.631391508644
30611,6677.396554727481
30612,6297.196264702921
30613,6396.999607920344
30614,4880.139488540888
30615,5423.943461368492
30616,5000.75953574334
30617,6617.713501843217
30618,5178.618118229493
30619,6001.223528268469
30620,5893.226264547474
30621,4777.313122164877
30622,7091.868652148009
30623,6075.444936982487
30624,4009.7474161392356
30625,6476.679157770201
30626,7089.579436179941
30627,4139.396195027721
30628,6334.893819318431
30629,5431.3820430695405
30630,5056.288886818599
30631,7379.64673051243
30632,6351.665436439112
30633,6753.925541440665
30634,5826.1068436003
30635,4587.656913758619
30636,6169.756866371091
30637,3961.1262367978716
30638,6593.557277350919
30639,4445.773089306386
30640,5997.097357959952
30641,5457.366912395491
30642,6265.552860866936
30643,5423.950935269582
30644,6259.593467860277
30645,5902.2062584330015
30646,6650.79930737637
30647,5675.9277539234145
30648,6761.345444522028
30649,5990.767766622066
30650,6210.938733440659
30651,6777.1915570903975
30652,7141.568817204877
30653,4724.498155860813
30654,6441.245239710456
30655,6649.714094716092
30656,4745.684821684742
30657,7453.703289507399
30658,5811.914799849031
30659,7278.138128165916
30660,8043.283433367107
30661,7174.896808579966
30662,4606.078389972731
30663,7589.874861504182
30664,7636.873504127901
30665,6849.217527650731
30666,6444.346523167026
30667,6593.076175663125
30668,5928.952064564131
30669,5143.880285370006
30670,5910.662754525051
30671,5233.432845351609
30672,5857.2642026279145
30673,6086.24367020968
30674,5483.45849471382
30675,5136.803295102545
30676,6150.376660232135
30677,6051.129248777082
30678,6404.050686430008
30679,6273.546047316929
30680,6018.611024437184
30681,5124.220678248259
30682,6412.377213182465
30683,6204.13422750036
30684,5467.541070281697
30685,5969.106006926362
30686,6341.2732928629
30687,6354.432575944256
30688,5649.362326474493
30689,4249.190796842975
30690,5893.8187447755445
30691,6112.902924898714
30692,7541.129862409484
30693,5944.152718981183
30694,4212.272678070578
30695,5630.191761035031
30696,7231.968612360582
30697,5521.1302034360515
30698,6410.787908550499
30699,6139.747231586865
30700,6385.53827491041
30701,4747.674534333419
30702,3955.481084517943
30703,5510.5929774663455
30704,6281.967779760251
30705,5958.947089291205
30706,7067.213928383376
30707,6919.667576896736
30708,5735.450986163491
30709,7048.607134405592
30710,4277.953207265957
30711,3404.9674705633397
30712,6148.769431205497
30713,9586.342917629807
30714,6272.424286298663
30715,6013.14489877465
30716,4538.189763059701
30717,5931.419612468534
30718,7725.117095239018
30719,5000.510883482645
30720,6213.42452339656
30721,4840.118170541756
30722,4587.948697213804
30723,5322.2551342325405
30724,5710.335160715134
30725,5351.502222995517
30726,5003.412764028283
30727,5781.368493463915
30728,4542.178194773329
30729,6915.644370991894
30730,5619.3667678903885
30731,5479.889092107398
30732,5944.5518791079885
30733,6265.985474939341
30734,5138.683237503325
30735,5118.528199285045
30736,6374.123475125888
30737,6161.221752840092
30738,6536.44334192373
30739,3480.5657719639385
30740,8575.063769068514
30741,5462.170326537343
30742,5146.537759340059
30743,6315.167282759119
30744,7730.91256647102
30745,6900.797101301212
30746,5739.390338563073
30747,6270.485767571081
30748,7425.906579609608
30749,10286.87594295522
30750,4922.259721475435
30751,5665.456255456473
30752,5461.461360661154
30753,7068.405586308021
30754,6125.654766083269
30755,7376.604788614998
30756,7294.363195483907
30757,5747.336751027469
30758,4691.091056478652
30759,5613.352091600409
30760,7599.903320029649
30761,5094.292546656822
30762,5886.341420074155
30763,4539.690679088037
30764,6005.66062083278
30765,5842.119256020389
30766,5923.996416381978
30767,7888.959399686863
30768,5591.441488853405
30769,5455.338163045687
30770,6260.600965433577
30771,6338.6049917212995
30772,7274.806197800024
30773,5899.209857104465
30774,6539.01703057584
30775,5508.3037069935
30776,6462.852838892626
30777,7404.040271113955
30778,4530.388878484111
30779,7701.322584481005
30780,6142.110127124544
30781,4757.1959733564945
30782,6419.096127018587
30783,5404.700686009448
30784,6341.49608366882
30785,6442.66733228924
30786,3672.5810650443505
30787,4007.1718649402283
30788,5826.093564397813
30789,7466.44113215554
30790,8388.470998524088
30791,4885.897218549302
30792,5672.333169054537
30793,5733.213605483625
30794,5981.586123094128
30795,4995.402802973895
30796,8674.049338750596
30797,7327.182176853412
30798,10375.744153104726
30799,5037.234041314327
30800,5199.808217048584
30801,9502.703862776541
30802,7420.436994928045
30803,4741.480761950115
30804,7805.44284080203
30805,5935.649842670679
30806,4492.157567389979
30807,4817.181353996806
30808,4024.2157727182675
30809,4986.0154407348755
30810,5131.500045529473
30811,4821.428291220172
30812,4332.716693168979
30813,8205.125701417794
30814,6606.2612647705555
30815,19635.56049496832
30816,5913.981474680192
30817,4354.544485958525
30818,5628.660367756015
30819,7362.003025014992
30820,5068.607749891697
30821,5776.798546173688
30822,4758.296132995199
30823,6715.427466459512
30824,6595.475871564526
30825,3922.7039451670644
30826,4761.233292014892
30827,5784.5473808578245
30828,6420.816916107388
30829,5970.751722348755
30830,6580.444018348347
30831,5028.806661366916
30832,4267.656061508876
30833,5076.004815602087
30834,7933.92461054607
30835,8022.269227778815
30836,7563.390204100126
30837,6222.7720333547995
30838,3906.8717886168456
30839,5752.365837316847
30840,3987.5646451384473
30841,7887.896773571367
30842,6961.688279558239
30843,7715.795132003629
30844,5101.854669157077
30845,3732.6823481242322
30846,4270.030632516159
30847,5202.995956540292
30848,8016.5647511996885
30849,5380.862778338208
30850,4653.0690888588
30851,4132.27123260342
30852,6312.906159080755
30853,4802.930841624434
30854,5995.323613937393
30855,4244.108972710788
30856,5576.158740262361
30857,5977.347365146683
30858,4993.608450891477
30859,5812.343815478154
30860,5386.981233565664
30861,4678.541341529343
30862,4837.876609151365
30863,5840.738801606586
30864,8320.442225211089
30865,5495.787088626283
30866,6380.9245003586675
30867,6501.844981832426
30868,7030.486211994176
30869,6241.908403030275
30870,7247.348320989699
30871,4015.212447891011
30872,5724.832224516213
30873,5458.060819019914
30874,5298.489924210424
30875,7226.307650359889
30876,6511.029006019846
30877,4710.9573377271045
30878,5807.220441226006
30879,6128.304110875325
30880,7131.156209006954
30881,4659.911412902657
30882,9460.11597157823
30883,3950.5425282576225
30884,5835.569925220437
30885,6180.34302845979
30886,4975.681877650582
30887,5079.817722165156
30888,5468.262173882475
30889,5969.767784348884
30890,4146.056757948658
30891,4738.927452283468
30892,6431.469389777963
30893,5654.285390969769
30894,5804.329156068366
30895,4749.66569839788
30896,5603.218341995911
30897,6487.816438783041
30898,5894.8775397562795
30899,4962.912286762033
30900,6409.41360464966
30901,5602.196276097825
30902,6145.348742099178
30903,6632.324567021021
30904,5448.164064832874
30905,6096.669698950527
30906,5921.998583325813
30907,5311.622082337645
30908,5801.059901963979
30909,5292.8571257244685
30910,4776.763464455228
30911,4445.700042245154
30912,5305.448100553387
30913,5650.583362253237
30914,4232.599850369174
30915,4380.7988082920465
30916,5354.422598334958
30917,5151.1797179712285
30918,5210.266786206564
30919,7198.613543665673
30920,5322.569740451275
30921,5785.049056583526
30922,4960.476528190793
30923,4778.125226752385
30924,5327.8596057718805
30925,6741.9856732765365
30926,5925.15227484086
30927,6729.3698276655105
30928,6459.508114259175
30929,4948.892279867106
30930,7062.134592900686
30931,5812.188936599245
30932,5732.745801993664
30933,7028.11831766021
30934,5318.2604602032625
30935,6608.141661314346
30936,6357.864231227301
30937,5713.713263489888
30938,5149.452661961951
30939,6115.670545522841
30940,6053.724926390947
30941,4659.0828953069085
30942,4717.214063789129
30943,5019.606623892984
30944,5986.224026947903
30945,5779.256446746976
30946,4312.6772223878415
30947,6085.436504209654
30948,6570.053521130197
30949,5302.755194626857
30950,5745.434293294602
30951,5142.077988566309
30952,6788.201964037925
30953,5826.508464237049
30954,5118.574219557773
30955,4606.115013793019
30956,5604.244908721514
30957,6314.412473394517
30958,4868.464199824937
30959,5529.078574872061
30960,4328.418979916736
30961,7152.6647534055155
30962,5995.455463127297
30963,6242.494583692293
30964,7638.679515345584
30965,5422.984607519133
30966,4791.2724173404995
30967,10325.617293847761
30968,5415.356734499235
30969,5300.344551524973
30970,6034.155546273067
30971,4938.591737498546
30972,6101.759003780209
30973,4987.506681754857
30974,5870.4242294689575
30975,6550.39263796368
30976,5123.346715226161
30977,3769.445024869158
30978,5217.635493511494
30979,6281.237198458687
30980,7188.921725360541
30981,5203.58348202597
30982,5223.62470020751
30983,5354.003408397729
30984,4791.914039121208
30985,3874.0745174856634
30986,4974.535292489018
30987,5220.884766189833
30988,5322.858570214206
30989,6194.786300239056
30990,5684.149657808656
30991,6417.0843061487585
30992,6966.715234588477
30993,6149.186872520735
30994,5511.096289160243
30995,6833.551860596132
30996,6952.669730051559
30997,5283.037003928712
30998,5874.412662518913
30999,5466.073771249235
31000,6024.667882238235
31001,4327.953147892229
31002,5351.57045818767
31003,4142.0703030299765
31004,7739.349314695734
31005,5516.095094545595
31006,6663.890576498296
31007,7431.493924073095
31008,4812.687321040306
31009,5847.691531153768
31010,13417.936033735934
31011,8428.280133272161
31012,4936.116190827366
31013,3356.3297579258087
31014,5598.992172038483
31015,7678.735019163572
31016,5203.268233852137
31017,10689.756767638994
31018,16059.737228365047
31019,5002.687030302916
31020,4972.4414658990145
31021,6153.165020301969
31022,4668.941528900898
31023,7440.877969824308
31024,5328.559923307651
31025,6365.58154527474
31026,3814.9066422401793
31027,6622.449774068856
31028,6189.9173564989715
31029,6093.170075567082
31030,6521.653890496792
31031,5183.852744917278
31032,5948.78124840867
31033,6150.449120816024
31034,5077.163525450637
31035,5434.004340986282
31036,6770.100903940696
31037,4412.739516533843
31038,5177.481278949562
31039,5510.029162237152
31040,5054.423412508197
31041,4746.9470991127955
31042,5811.222877382348
31043,5164.5456883047955
31044,6553.418636660856
31045,5865.354517449026
31046,5996.176837943344
31047,4870.069444950375
31048,4184.125865404175
31049,5159.311068013894
31050,6096.95663619598
31051,4823.879299042677
31052,5426.323721952983
31053,6468.458552254395
31054,5571.777597327995
31055,6420.0616266910165
31056,6738.410102020016
31057,5761.271876000842
31058,4506.457568929283
31059,4546.229119441787
31060,6754.9578823788
31061,5132.462464050209
31062,5952.920984438466
31063,11626.748813171573
31064,5814.1340873668905
31065,6188.784771411922
31066,3761.707072572052
31067,4575.183984010086
31068,5043.345824354046
31069,4660.448289339533
31070,5435.677350319313
31071,7011.38653805928
31072,4632.883882827379
31073,10713.698039819603
31074,10694.920504364074
31075,5133.744892648042
31076,6444.048341420119
31077,4849.3895344987
31078,6342.088281665978
31079,5936.3260667998
31080,8967.665488055598
31081,6252.216625757904
31082,6526.649098771591
31083,5294.108412259607
31084,6342.088281665978
31085,4915.860248733822
31086,6765.040989261544
31087,5533.21914958893
31088,5521.884133342516
31089,5763.348591504625
31090,5469.471082602654
31091,6731.754926938605
31092,7419.266148592073
31093,5304.149229442475
31094,7081.422411060442
31095,6104.6490132354975
31096,8813.332986480913
31097,4234.596614927275
31098,4618.412452181896
31099,6041.101844748808
31100,6917.221640005812
31101,5887.016824108175
31102,5679.846815666571
31103,6041.17383579836
31104,6529.225343588861
31105,4982.42985971117
31106,6313.276530463936
31107,6137.677162927042
31108,4853.549015797298
31109,11175.305648839822
31110,13108.676141740989
31111,5971.881945731858
31112,5989.1447690630675
31113,6723.728127270758
31114,7148.582476459617
31115,7757.013179217002
31116,4711.164088315849
31117,5741.7186474946175
31118,6167.653409357652
31119,6568.959267975946
31120,4167.12400675013
31121,4960.869047615348
31122,4509.252008541063
31123,5191.751285275848
31124,6388.229529252608
31125,4385.242452003728
31126,4283.145172190955
31127,5503.892101592828
31128,4531.220880262014
31129,3977.072756652096
31130,4549.171812382605
31131,5119.552388692493
31132,6858.336763625644
31133,6765.2575149741215
31134,7400.767201250034
31135,5168.446508007448
31136,6103.142291035314
31137,8344.4501922263
31138,6345.522197752854
31139,4676.26543030387
31140,5351.7525599360415
31141,7224.641721699114
31142,5515.848241112778
31143,6113.65728562862
31144,5172.934298857651
31145,5081.260213722832
31146,6440.855870287818
31147,5091.80018035923
31148,5028.386609723783
31149,6509.370756566978
31150,7074.89478402021
31151,10131.851816324906
31152,5198.900783810965
31153,7576.510459636889
31154,4604.42092511059
31155,4612.568986752802
31156,5240.7494926384525
31157,4004.8783102440143
31158,6121.131190642492
31159,4940.698629761207
31160,6318.796225828912
31161,6428.086000700306
31162,9369.821556532544
31163,6811.281980475775
31164,5210.234283135644
31165,5354.4902353171665
31166,7813.240030954137
31167,6174.306413251453
31168,7309.621953857734
31169,5105.137529550441
31170,5666.049231748199
31171,6440.932871778615
31172,4775.46694535652
31173,5754.0960101031
31174,6379.401715981976
31175,6205.955450511643
31176,9598.085386883058
31177,6077.9311920606815
31178,9960.965706884464
31179,5258.55276900983
31180,6436.719952179915
31181,4152.594042006028
31182,5956.473175917869
31183,5158.211868222442
31184,5032.886198460697
31185,6376.365824830062
31186,5294.540684361462
31187,4499.919201775373
31188,5663.028881462802
31189,5636.478504585902
31190,6339.11041486683
31191,5343.433440263275
31192,5751.633529997159
31193,5932.239312791664
31194,5530.166920281913
31195,7040.126560344416
31196,5828.279172232035
31197,4581.435437831944
31198,4957.201589452559
31199,6264.720592855055
31200,8433.156059323072
31201,6689.984555940462
31202,5022.8665338244155
31203,5719.1036722946155
31204,6482.331232378916
31205,6218.1963661624095
31206,5462.645209064579
31207,6401.52451504351
31208,5624.358340890673
31209,5350.165142389438
31210,5866.25541399349
31211,5842.4604495971425
31212,5092.287900862497
31213,5801.246789817008
31214,5087.965090620482
31215,5413.571886858155
31216,5179.474485003828
31217,4434.561242138333
31218,6294.565562101566
31219,6814.271638778728
31220,6918.517866128285
31221,8303.270254945473
31222,6322.053727117044
31223,5377.549049025266
31224,6156.828508545549
31225,8658.604501030359
31226,6686.942489227257
31227,5524.7940077894
31228,6006.395844479885
31229,5842.497611393209
31230,4973.2876430383
31231,5361.084414867771
31232,8268.541685246402
31233,5489.749842807166
31234,6843.8533808459215
31235,5443.786638027964
31236,3054.094611017183
31237,8899.495196323667
31238,5430.604355812448
31239,4810.216268106988
31240,4645.956279801317
31241,4799.886879190254
31242,5853.738654879424
31243,5699.007546710135
31244,5173.993823521798
31245,6092.180462250997
31246,3914.3005663194895
31247,4151.864292776328
31248,4342.078418149095
31249,6798.815614014497
31250,14712.152031107282
31251,4598.838303142446
31252,4903.267470598524
31253,6569.957585257096
31254,4783.874455270668
31255,4526.362164275578
31256,4720.868716434839
31257,4535.5636878304085
31258,6296.706810266795
31259,6234.208108903743
31260,3709.1201375937803
31261,5716.581957201866
31262,4487.764035489781
31263,4944.545165151877
31264,5946.607643482717
31265,6449.264945463209
31266,8457.166601374885
31267,5643.10504216617
31268,5408.628184089375
31269,4169.537823540724
31270,5748.521174688035
31271,12328.28549027425
31272,6765.0925360579195
31273,6061.407120712189
31274,4749.232113594574
31275,4982.823735073434
31276,5140.906923756642
31277,4906.949179618865
31278,7740.937237954088
31279,5096.527515191025
31280,5747.783523893418
31281,5884.971274077738
31282,4874.631220277266
31283,4812.014993287783
31284,4738.01808188857
31285,5908.273487016758
31286,5456.489769828548
31287,4871.84490697413
31288,5396.077765175003
31289,5791.385497242546
31290,6649.666978751742
31291,6679.362574063999
31292,6199.722283138044
31293,4309.47049970446
31294,6360.732266608422
31295,5013.679461650787
31296,4568.93314467469
31297,5546.696591225107
31298,6498.169785722768
31299,5249.088803220954
31300,6303.392537737099
31301,5736.472293866187
31302,5893.231462244
31303,4894.818958077707
31304,5412.220944611363
31305,5227.196775835702
31306,4717.09330869034
31307,6418.511802218793
31308,5245.923613439449
31309,4631.09441755502
31310,7610.003478315534
31311,4976.2784100169365
31312,4199.26098871469
31313,6075.526899377909
31314,7271.230016223714
31315,8514.366531048609
31316,5301.590633784645
31317,5958.197780312321
31318,5001.210174533864
31319,5912.897605542176
31320,4891.243940641268
31321,6629.783690599725
31322,3698.427726297011
31323,5134.6272672309815
31324,5462.810352828799
31325,5128.716290175342
31326,4316.158562070646
31327,5855.841429250036
31328,5716.272279676082
31329,5805.558328331327
31330,6996.052818261067
31331,5581.2930908754715
31332,6870.7944192303175
31333,4179.189157565899
31334,5299.915726121532
31335,5616.75541297524
31336,6065.276400539512
31337,6935.582825466519
31338,3907.18375898972
31339,7491.399133313756
31340,5717.971951807864
31341,5948.4761283224325
31342,4872.7320150700025
31343,3734.0627521368547
31344,5384.520307279075
31345,5260.884996605236
31346,6482.297573144443
31347,5349.297528315601
31348,5218.485161975744
31349,6456.400792876936
31350,5131.321039581581
31351,5538.284754120076
31352,6827.620610773698
31353,4948.80582241825
31354,6988.077135093603
31355,7899.96329910046
31356,6032.9466358165855
31357,4486.684907029032
31358,4468.485155348378
31359,4258.458086479672
31360,3544.54640774479
31361,6343.019815567503
31362,5463.529015092273
31363,6740.25018488747
31364,4355.480714595334
31365,5832.653301181665
31366,5558.063656934293
31367,8810.809674651211
31368,4577.820941615101
31369,4713.238138583375
31370,5365.490012258604
31371,7054.846482006184
31372,5347.254133935595
31373,6113.743475288556
31374,6468.939589464904
31375,7676.1460308794485
31376,5456.932765232037
31377,5986.382200443427
31378,5805.821098211632
31379,5525.247778878688
31380,4869.230186699444
31381,7106.717552447875
31382,7222.392408959795
31383,6066.790630880447
31384,13097.162905614638
31385,5136.749185581696
31386,4992.3395042209895
31387,5043.128647570368
31388,6583.673290807388
31389,6205.853938535295
31390,5875.009796851059
31391,6230.640298044598
31392,6029.973829599935
31393,5609.868448505906
31394,5412.132155485407
31395,4541.805888917221
31396,5123.730512560778
31397,5059.502139689614
31398,4909.20215482579
31399,4250.150947928295
31400,7006.8481210474965
31401,13751.755540731987
31402,5997.023291517878
31403,5222.700348242564
31404,5577.470160886109
31405,3684.731212825847
31406,5529.561530290193
31407,3306.0795760518176
31408,7355.1072362879595
31409,5805.421640467823
31410,6166.555292310399
31411,8836.318924244726
31412,9826.312856391212
31413,5690.876371101974
31414,5636.106285118478
31415,4948.262286383035
31416,5493.786574533152
31417,6202.952857545358
31418,6687.068645581687
31419,4150.23605736348
31420,4029.009052313842
31421,5437.521101402288
31422,5001.178755433809
31423,5350.210303584384
31424,5250.282100563258
31425,5130.888561907563
31426,6058.904555703599
31427,6413.512607599391
31428,5451.694746698525
31429,4630.162679648373
31430,4262.421886589772
31431,6293.623412152799
31432,4107.191914070045
31433,6883.131743725848
31434,5215.185178178288
31435,4300.701220969817
31436,6612.570818748931
31437,4919.742511617831
31438,4417.625792382791
31439,5250.533854181197
31440,5351.883156200959
31441,7156.252202504398
31442,6654.403563280824
31443,5477.963542752582
31444,4936.560443869437
31445,5106.421241617772
31446,6830.59991059623
31447,5773.035150612723
31448,4525.2088034431845
31449,5972.245197928291
31450,8822.124772643256
31451,6300.980755413307
31452,5785.8832957501
31453,6608.016344002287
31454,5740.093995652204
31455,6899.2315927250975
31456,5702.591404190639
31457,8110.744504868162
31458,5364.747956370689
31459,5125.268562824678
31460,4553.063703800874
31461,3627.9763671265514
31462,5641.565668524818
31463,13269.458941612353
31464,3829.1625748111355
31465,4252.622951114801
31466,7089.330893202914
31467,6362.096056421752
31468,5981.895766397191
31469,6081.699109614614
31470,4564.838990235157
31471,5108.642963062762
31472,4685.45903743761
31473,6302.413003537487
31474,4863.317619923762
31475,5685.92302996274
31476,5577.925766241744
31477,4462.012623859147
31478,6758.1546053722905
31479,5760.144438676756
31480,3694.4469178335066
31481,6161.378659464471
31482,6774.278937874212
31483,3805.682148252003
31484,6019.593321012701
31485,5116.0815447638115
31486,4722.574840042881
31487,7064.3462322067
31488,6036.364938133383
31489,6420.211494664948
31490,5510.80634529457
31491,4272.356415452889
31492,5854.456368065361
31493,3539.3537469860394
31494,6278.256779045189
31495,4130.472591000657
31496,5663.383311184235
31497,5142.066414089762
31498,5950.252362561206
31499,5108.650436963852
31500,5944.292969554547
31501,5586.9057601272725
31502,6317.085260600653
31503,5360.627255617685
31504,6446.044946216297
31505,5675.467268316335
31506,5877.224686664942
31507,6461.891058784668
31508,6807.8547704291595
31509,4409.197657555084
31510,6125.944741404726
31511,6316.000047940375
31512,4411.970774909025
31513,7119.989242731682
31514,5478.2007530733135
31515,6944.424081390199
31516,7727.982935061377
31517,6859.596310274236
31518,4290.777891667001
31519,7274.574363198453
31520,7321.573005822171
31521,6533.9170293450015
31522,6129.046024861296
31523,6277.775677357395
31524,5595.238017788414
31525,4810.166238594289
31526,5595.362256219322
31527,4918.132347045879
31528,5523.550155852196
31529,5770.94317190395
31530,5168.15799640809
31531,4821.502796796815
31532,5835.076161926405
31533,5735.828750471352
31534,6088.750188124277
31535,5939.8320005412115
31536,5703.310526131454
31537,4808.920179942529
31538,6097.076714876735
31539,5888.83372919463
31540,5152.240571975968
31541,5653.805508620631
31542,6025.97279455717
31543,6039.132077638526
31544,5334.061828168763
31545,3915.4767500672565
31546,5578.518246469815
31547,5797.602426592985
31548,7207.415815633767
31549,5628.852220675453
31550,3878.55863129486
31551,5296.477714259314
31552,6916.668114054851
31553,5205.829705130322
31554,6095.487410244769
31555,5806.033184811148
31556,6051.824228134694
31557,4432.37403602769
31558,3621.7670377422246
31559,5195.292479160616
31560,5966.667281454521
31561,5643.646590985475
31562,6751.913430077645
31563,6604.367078591006
31564,5420.150487857762
31565,6714.8930876298755
31566,3962.6527089602255
31567,3071.253423787622
31568,5833.468932899767
31569,9271.042419324076
31570,5957.123787992933
31571,5697.84440046892
31572,4222.8892647539715
31573,5616.119114162804
31574,7391.403048463301
31575,4685.210385176914
31576,5898.12402509083
31577,4506.4041237660385
31578,4254.234650438087
31579,5006.954635926811
31580,5395.0346624094045
31581,5036.201724689787
31582,4688.112265722553
31583,5466.067995158185
31584,4226.877696467598
31585,6600.343872686164
31586,5285.65272111467
31587,5164.588593801668
31588,5629.251380802259
31589,5932.271428163624
31590,4874.001088756193
31591,4803.227700979315
31592,6058.822976820158
31593,5827.507706064375
31594,6221.142843618
31595,3146.85172518822
31596,8259.763270762785
31597,5146.869828231613
31598,4831.237261034329
31599,5981.453235983402
31600,7397.198519695303
31601,6585.496602995482
31602,5405.676291787356
31603,5955.185269265351
31604,7110.606081303878
31605,9971.575444649487
31606,4606.959223169706
31607,5350.155757150743
31608,5146.160862355423
31609,6753.105088002291
31610,5791.940719307552
31611,7061.304290309268
31612,6960.6491487081885
31613,5413.622704251752
31614,4375.790558172923
31615,5279.638044824692
31616,7266.189273253932
31617,4778.992048351093
31618,5552.627373298438
31619,4205.976632312319
31620,5671.946574057063
31621,5526.818757714659
31622,5608.695918076249
31623,7555.245352911146
31624,5276.140990547676
31625,5140.037664739956
31626,5945.300467127847
31627,6023.30449341557
31628,6941.092151024307
31629,5583.909358798736
31630,6223.71653227011
31631,5174.589660217782
31632,6147.552340586896
31633,7088.739772808225
31634,4215.088380178381
31635,7386.022086175276
31636,5826.809628818814
31637,4441.8954750507655
31638,6103.795628712857
31639,5070.986639233731
31640,6007.7820368931025
31641,6127.36683398351
31642,3357.2805667386183
31643,3691.8713666344966
31644,5510.793066092083
31645,7151.14063384981
31646,8073.170500218361
31647,4570.596720243571
31648,5357.032670748807
31649,5399.4995587079065
31650,5666.285624788397
31651,4680.102304668164
31652,8358.748840444867
31653,7011.881678547682
31654,10060.443654798994
31655,4703.51999453861
31656,4884.507718742854
31657,9187.403364470809
31658,7086.722948152329
31659,4426.180263644385
31660,7471.728794026313
31661,5601.935795894962
31662,4176.85706908425
31663,4483.46730722109
31664,3708.9152744125367
31665,4670.7149424291465
31666,4797.785998753756
31667,4506.127792914441
31668,3999.0026463932622
31669,7847.518747630684
31670,6248.654310983445
31671,19320.259996662586
31672,5327.563002491494
31673,4354.544485958525
31674,5628.660367756015
31675,7362.003025014992
31676,5068.607749891697
31677,5776.798546173688
31678,4758.296132995199
31679,6715.427466459512
31680,6595.475871564526
31681,3922.7039451670644
31682,4761.233292014892
31683,5784.5473808578245
31684,6420.816916107388
31685,5970.751722348755
31686,6580.444018348347
31687,5028.806661366916
31688,4267.656061508876
31689,5076.004815602087
31690,7933.92461054607
31691,8022.269227778815
31692,7563.390204100126
31693,6222.7720333547995
31694,3906.8717886168456
31695,5752.365837316847
31696,3987.5646451384473
31697,7887.896773571367
31698,6961.688279558239
31699,7715.795132003629
31700,5101.854669157077
31701,3732.6823481242322
31702,4270.030632516159
31703,5202.995956540292
31704,8016.5647511996885
31705,5380.862778338208
31706,4653.0690888588
31707,4132.27123260342
31708,6312.906159080755
31709,4802.930841624434
31710,5995.323613937393
31711,4244.108972710788
31712,5576.158740262361
31713,5977.347365146683
31714,4993.608450891477
31715,5812.343815478154
31716,5386.981233565664
31717,4678.541341529343
31718,4837.876609151365
31719,5840.738801606586
31720,8320.442225211089
31721,5495.787088626283
31722,6380.9245003586675
31723,6501.844981832426
31724,7030.486211994176
31725,6241.908403030275
31726,7247.348320989699
31727,4015.212447891011
31728,5724.832224516213
31729,5458.060819019914
31730,5298.489924210424
31731,7226.307650359889
31732,6511.029006019846
31733,4710.9573377271045
31734,5807.220441226006
31735,6128.304110875325
31736,7131.156209006954
31737,4659.911412902657
31738,9460.11597157823
31739,3963.3124881697136
31740,5848.339885132528
31741,6193.112988371881
31742,4975.681877650582
31743,5079.817722165156
31744,5481.032133794566
31745,5969.767784348884
31746,4146.056757948658
31747,4738.927452283468
31748,6431.469389777963
31749,5654.285390969769
31750,5817.099115980457
31751,4762.435658309972
31752,5615.9883019080025
31753,6487.816438783041
31754,5907.647499668371
31755,4975.682246674124
31756,6409.41360464966
31757,5614.966236009916
31758,6145.348742099178
31759,6632.324567021021
31760,5460.934024744965
31761,6096.669698950527
31762,5934.768543237905
31763,5311.622082337645
31764,5813.829861876071
31765,5305.62708563656
31766,4776.763464455228
31767,4445.700042245154
31768,5305.448100553387
31769,5663.353322165329
31770,4232.599850369174
31771,4343.10207848122
31772,5354.422598334958
31773,5151.1797179712285
31774,5223.036746118655
31775,7211.383503577765
31776,5335.339700363366
31777,5837.124399562466
31778,4960.476528190793
31779,4790.895186664477
31780,5327.8596057718805
31781,6754.755633188628
31782,5937.922234752951
31783,6729.3698276655105
31784,6459.508114259175
31785,4948.892279867106
31786,7062.134592900686
31787,5824.958896511336
31788,5745.515761905755
31789,7028.11831766021
31790,5318.2604602032625
31791,6620.911621226437
31792,6357.864231227301
31793,5713.713263489888
31794,5149.452661961951
31795,6128.440505434933
31796,6053.724926390947
31797,4671.852855219
31798,4729.98402370122
31799,5032.376583805076
31800,5998.993986859995
31801,5779.256446746976
31802,4325.447182299933
31803,6098.206464121746
31804,6582.823481042288
31805,5315.525154538948
31806,5745.434293294602
31807,5154.8479484784
31808,6800.971923950016
31809,5826.508464237049
31810,5131.344179469865
31811,4606.115013793019
31812,5617.014868633605
31813,6314.412473394517
31814,4881.234159737029
31815,5541.848534784152
31816,4328.418979916736
31817,7152.6647534055155
31818,6008.225423039388
31819,6255.264543604385
31820,7638.679515345584
31821,5435.754567431224
31822,4791.2724173404995
31823,10338.38725375985
31824,5415.356734499235
31825,5300.344551524973
31826,6046.925506185158
31827,4896.582780755178
31828,6101.759003780209
31829,5000.276641666948
31830,5883.194189381049
31831,6563.162597875771
31832,5136.1166751382525
31833,3769.445024869158
31834,5230.405453423586
31835,6281.237198458687
31836,7188.921725360541
31837,5203.58348202597
31838,5223.62470020751
31839,5354.003408397729
31840,4804.683999033299
31841,3886.8444773977544
31842,4987.305252401109
31843,5220.884766189833
31844,5322.858570214206
31845,6207.556260151147
31846,5696.919617720748
31847,6417.0843061487585
31848,6966.715234588477
31849,6149.186872520735
31850,5511.096289160243
31851,6846.321820508224
31852,6952.669730051559
31853,5295.806963840803
31854,5887.182622431004
31855,5466.073771249235
31856,6024.667882238235
31857,4327.953147892229
31858,5364.340418099761
31859,4142.0703030299765
31860,7752.119274607826
31861,5516.095094545595
31862,6663.890576498296
31863,7444.263883985186
31864,4812.687321040306
31865,5847.691531153768
31866,13430.705993648024
31867,8428.280133272161
31868,4948.886150739458
31869,3356.3297579258087
31870,5598.992172038483
31871,7691.504979075664
31872,5216.038193764229
31873,10689.756767638994
31874,16059.737228365047
31875,5015.456990215008
31876,4985.211425811106
31877,6153.165020301969
31878,4681.71148881299
31879,7453.647929736399
31880,5341.329883219742
31881,6378.351505186832
31882,3814.9066422401793
31883,6622.449774068856
31884,6189.9173564989715
31885,6105.940035479173
31886,6521.653890496792
31887,5183.852744917278
31888,5948.78124840867
31889,6163.219080728116
31890,5035.154568707269
31891,5446.774300898373
31892,6770.100903940696
31893,4412.739516533843
31894,5177.481278949562
31895,5522.799122149244
31896,5067.193372420288
31897,4759.717059024887
31898,5823.99283729444
31899,5177.315648216887
31900,6553.418636660856
31901,5865.354517449026
31902,6008.946797855436
31903,4882.839404862467
31904,4184.125865404175
31905,5172.081027925986
31906,6109.726596108071
31907,4823.879299042677
31908,5439.093681865074
31909,6481.228512166486
31910,5571.777597327995
31911,6432.831586603108
31912,6751.1800619321075
31913,5761.271876000842
31914,4519.227528841375
31915,4558.999079353878
31916,6754.9578823788
31917,5132.462464050209
31918,5965.690944350557
31919,11639.518773083662
31920,5814.1340873668905
31921,6201.554731324013
31922,3761.707072572052
31923,4587.953943922177
31924,5056.115784266138
31925,4673.218249251625
31926,5448.447310231404
31927,7024.156497971371
31928,4632.883882827379
31929,10713.698039819603
31930,10707.690464276164
31931,5091.735935904674
31932,6456.8183013322105
31933,4862.159494410792
31934,6354.858241578069
31935,5949.096026711892
31936,8967.665488055598
31937,6252.216625757904
31938,6539.419058683682
31939,5306.878372171698
31940,6354.858241578069
31941,4915.860248733822
31942,6777.810949173636
31943,5533.21914958893
31944,5534.654093254608
31945,5763.348591504625
31946,5469.471082602654
31947,6731.754926938605
31948,7432.036108504164
31949,5304.149229442475
31950,7094.192370972533
31951,6104.6490132354975
31952,8813.332986480913
31953,4247.366574839367
31954,4618.412452181896
31955,6041.101844748808
31956,6917.221640005812
31957,5887.016824108175
31958,5679.846815666571
31959,6041.17383579836
31960,6529.225343588861
31961,4982.42985971117
31962,6326.046490376028
31963,6150.447122839134
31964,4853.549015797298
31965,11188.075608751911
31966,13121.446101653079
31967,5971.881945731858
31968,6066.179819175532
31969,6800.763177383223
31970,7161.352436371709
31971,7769.783139129094
31972,4723.93404822794
31973,5754.488607406709
31974,6167.653409357652
31975,6568.959267975946
31976,4179.893966662222
31977,4973.639007527439
31978,4509.252008541063
31979,5204.52124518794
31980,6400.999489164699
31981,4398.01241191582
31982,4295.915132103047
31983,5503.892101592828
31984,4543.990840174106
31985,3977.072756652096
31986,4549.171812382605
31987,5119.552388692493
31988,6858.336763625644
31989,6765.2575149741215
31990,7413.537161162126
31991,5168.446508007448
31992,6103.142291035314
31993,8357.22015213839
31994,6358.292157664945
31995,4689.035390215961
31996,5351.7525599360415
31997,7224.641721699114
31998,5528.618201024869
31999,6113.65728562862
32000,5172.934298857651
32001,5094.030173634924
32002,6453.62583019991
32003,5091.80018035923
32004,5028.386609723783
32005,6509.370756566978
32006,7074.89478402021
32007,10144.621776236996
32008,5211.670743723056
32009,7589.280419548981
32010,4617.190885022682
32011,4612.568986752802
32012,5240.7494926384525
32013,4004.8783102440143
32014,6133.901150554583
32015,4953.468589673298
32016,6331.566185741003
32017,6440.855960612397
32018,9382.591516444634
32019,6811.281980475775
32020,5223.004243047735
32021,5367.260195229258
32022,7826.009990866229
32023,6174.306413251453
32024,7322.391913769826
32025,5105.137529550441
32026,5666.049231748199
32027,6453.702831690706
32028,4775.46694535652
32029,5766.865970015191
32030,6379.401715981976
32031,6218.7254104237345
32032,9726.454484552052
32033,6077.9311920606815
32034,9973.735666796554
32035,5258.55276900983
32036,6436.719952179915
32037,4165.364001918119
32038,5969.243135829961
32039,5158.211868222442
32040,5032.886198460697
32041,6389.135784742153
32042,5294.540684361462
32043,4512.689161687465
32044,5663.028881462802
32045,5649.248464497993
32046,6351.880374778922
32047,5343.433440263275
32048,5764.40348990925
32049,5932.239312791664
32050,5530.166920281913
32051,7052.896520256508
32052,5841.049132144127
32053,4581.435437831944
32054,4957.201589452559
32055,6277.490552767146
32056,8445.926019235161
32057,6689.984555940462
32058,5035.636493736507
32059,5731.873632206707
32060,6495.1011922910075
32061,6230.966326074501
32062,5475.41516897667
32063,6414.294474955602
32064,5637.128300802765
32065,5350.165142389438
32066,5866.25541399349
32067,5842.4604495971425
32068,5192.50647266554
32069,5814.0167497290995
32070,5087.965090620482
32071,5413.571886858155
32072,5192.244444915919
32073,4434.561242138333
32074,6294.565562101566
32075,6827.041598690819
32076,6918.517866128285
32077,8316.040214857565
32078,6322.053727117044
32079,5390.3190089373575
32080,6169.598468457641
32081,8671.374460942448
32082,6699.712449139349
32083,5524.7940077894
32084,6019.165804391977
32085,5855.2675713053
32086,4986.057602950392
32087,5373.854374779862
32088,8281.311645158494
32089,5489.749842807166
32090,6856.623340758013
32091,5456.556597940055
32092,3054.094611017183
32093,8912.265156235757
32094,5430.604355812448
32095,4810.216268106988
32096,4658.726239713408
32097,4799.886879190254
32098,5866.508614791515
32099,5711.777506622227
32100,5173.993823521798
32101,6092.180462250997
32102,3914.3005663194895
32103,4164.634252688419
32104,4354.848378061187
32105,6798.815614014497
32106,14712.152031107282
32107,4611.608263054538
32108,4903.267470598524
32109,6582.727545169188
32110,4796.644415182759
32111,4526.362164275578
32112,4720.868716434839
32113,4548.3336477425
32114,6296.706810266795
32115,6234.208108903743
32116,3721.8900975058714
32117,5716.581957201866
32118,4500.533995401873
32119,4957.3151250639685
32120,5946.607643482717
32121,6449.264945463209
32122,8469.936561286975
32123,5655.875002078262
32124,5421.398144001467
32125,4169.537823540724
32126,5748.521174688035
32127,12341.055450186339
32128,6765.0925360579195
32129,6061.407120712189
32130,4762.0020735066655
32131,4982.823735073434
32132,5153.676883668733
32133,4919.719139530956
32134,7753.70719786618
32135,5109.297475103116
32136,5747.783523893418
32137,5884.971274077738
32138,4874.631220277266
32139,4824.7849531998745
32140,4750.788041800662
32141,5908.273487016758
32142,5456.489769828548
32143,4884.6148668862215
32144,5408.847725087095
32145,5791.385497242546
32146,6649.666978751742
32147,6692.132533976091
32148,6199.722283138044
32149,4322.240459616552
32150,6360.732266608422
32151,5026.449421562878
32152,4502.271908507152
32153,5559.466551137199
32154,6510.93974563486
32155,5261.858763133046
32156,6303.392537737099
32157,5749.242253778279
32158,5893.231462244
32159,4894.818958077707
32160,5424.990904523454
32161,5227.196775835702
32162,4717.09330869034
32163,6418.511802218793
32164,5245.923613439449
32165,4643.864377467112
32166,7610.003478315534
32167,4989.048369929028
32168,4199.26098871469
32169,6088.296859290001
32170,7271.230016223714
32171,8527.136490960698
32172,5314.360593696737
32173,5970.967740224412
32174,5013.980134445956
32175,5925.667565454268
32176,4891.243940641268
32177,6629.783690599725
32178,3698.427726297011
32179,5134.6272672309815
32180,5462.810352828799
32181,5128.716290175342
32182,4328.928521982738
32183,5855.841429250036
32184,5716.272279676082
32185,5818.328288243419
32186,7008.822778173158
32187,5581.2930908754715
32188,6870.7944192303175
32189,4179.189157565899
32190,5312.685686033624
32191,5629.525372887331
32192,6065.276400539512
32193,6948.352785378611
32194,3919.9537189018115
32195,7491.399133313756
32196,5717.971951807864
32197,5948.4761283224325
32198,4872.7320150700025
32199,3746.8327120489457
32200,5384.520307279075
32201,5273.654956517327
32202,6482.297573144443
32203,5349.297528315601
32204,5231.255121887835
32205,6456.400792876936
32206,5144.090999493673
32207,5538.284754120076
32208,6840.3905706857895
32209,4961.575782330341
32210,7000.847095005694
32211,7899.96329910046
32212,6045.716595728677
32213,4499.454866941123
32214,4505.386797758665
32215,4271.228046391763
32216,3557.316367656881
32217,6410.5843814996615
32218,5463.529015092273
32219,6753.020144799561
32220,4355.480714595334
32221,5832.653301181665
32222,5570.833616846385
32223,8823.5796345633
32224,4577.820941615101
32225,4713.238138583375
32226,5365.490012258604
32227,7067.616441918275
32228,5347.254133935595
32229,6126.513435200647
32230,6481.709549376996
32231,7688.91599079154
32232,5456.932765232037
32233,5986.382200443427
32234,5805.821098211632
32235,5538.01773879078
32236,4869.230186699444
32237,7106.717552447875
32238,7235.162368871886
32239,6079.560590792538
32240,13097.162905614638
32241,5149.519145493788
32242,4992.3395042209895
32243,5055.89860748246
32244,6583.673290807388
32245,6205.853938535295
32246,5875.009796851059
32247,6230.640298044598
32248,6029.973829599935
32249,5622.638408417997
32250,5412.132155485407
32251,4541.805888917221
32252,5136.50047247287
32253,5059.502139689614
32254,4921.972114737881
32255,4262.9209078403865
32256,7006.8481210474965
32257,13764.525500644077
32258,6009.793251429969
32259,5235.470308154656
32260,5590.2401207982
32261,3684.731212825847
32262,5529.561530290193
32263,3318.8495359639087
32264,7367.877196200051
32265,5805.421640467823
32266,6179.32525222249
32267,8849.088884156816
32268,9826.312856391212
32269,5703.646331014065
32270,5648.876245030569
32271,4948.262286383035
32272,5506.556534445243
32273,6215.722817457449
32274,6687.068645581687
32275,4150.23605736348
32276,4029.009052313842
32277,5450.2910613143795
32278,5001.178755433809
32279,5362.980263496475
32280,5250.282100563258
32281,5143.658521819654
32282,6058.904555703599
32283,6426.282567511483
32284,5451.694746698525
32285,4630.162679648373
32286,4262.421886589772
32287,6306.39337206489
32288,4119.961873982136
32289,6895.901703637939
32290,5215.185178178288
32291,4300.701220969817
32292,6625.340778661022
32293,4919.742511617831
32294,4417.625792382791
32295,5250.533854181197
32296,5351.883156200959
32297,7169.02216241649
32298,6667.173523192915
32299,5477.963542752582
32300,4949.330403781529
32301,5119.191201529863
32302,6843.369870508322
32303,5773.035150612723
32304,4525.2088034431845
32305,5985.015157840383
32306,8834.894732555345
32307,6313.750715325398
32308,5798.653255662191
32309,6620.786303914379
32310,5752.863955564296
32311,6912.001552637189
32312,5702.591404190639
32313,8123.514464780254
32314,5364.747956370689
32315,5125.268562824678
32316,4565.833663712965
32317,3640.7463270386424
32318,5654.335628436909
32319,13269.458941612353
32320,3841.9325347232266
32321,4252.622951114801
32322,7102.1008531150055
32323,6362.096056421752
32324,5994.665726309283
32325,6081.699109614614
32326,4564.838990235157
32327,5108.642963062762
32328,4685.45903743761
32329,6315.182963449579
32330,4876.087579835854
32331,5698.692989874831
32332,5577.925766241744
32333,4474.782583771239
32334,6758.1546053722905
32335,5760.144438676756
32336,3694.4469178335066
32337,6174.148619376562
32338,6787.048897786303
32339,3818.452108164094
32340,6019.593321012701
32341,5116.0815447638115
32342,4722.574840042881
32343,7064.3462322067
32344,6036.364938133383
32345,6432.98145457704
32346,5523.576305206661
32347,4272.356415452889
32348,5867.2263279774525
32349,3539.3537469860394
32350,6291.026738957281
32351,4143.242550912749
32352,5676.1532710963265
32353,5154.836374001853
32354,5950.252362561206
32355,5121.420396875944
32356,5957.062929466639
32357,5586.9057601272725
32358,6317.085260600653
32359,5373.397215529776
32360,6458.814906128388
32361,5688.237228228427
32362,5889.994646577034
32363,6474.661018696759
32364,6820.624730341251
32365,4409.197657555084
32366,6138.714701316818
32367,6328.770007852467
32368,4424.740734821116
32369,7119.989242731682
32370,5478.2007530733135
32371,6957.19404130229
32372,7740.752894973469
32373,6872.366270186328
32374,4303.547851579093
32375,7287.344323110545
32376,7334.342965734262
32377,6533.9170293450015
32378,6141.815984773388
32379,6277.775677357395
32380,5595.238017788414
32381,4822.936198506381
32382,5608.132216131414
32383,4930.902306957971
32384,5536.320115764288
32385,5770.94317190395
32386,5180.927956320182
32387,4821.502796796815
32388,5835.076161926405
32389,5748.598710383443
32390,6088.750188124277
32391,5952.601960453303
32392,5716.0804860435455
32393,4821.690139854621
32394,6109.846674788827
32395,5901.6036891067215
32396,5165.01053188806
32397,5666.575468532723
32398,6025.97279455717
32399,6051.902037550618
32400,5334.061828168763
32401,3928.2467099793475
32402,5578.518246469815
32403,5797.602426592985
32404,7207.415815633767
32405,5641.622180587545
32406,3891.328591206951
32407,5309.247674171405
32408,6916.668114054851
32409,5218.599665042413
32410,6095.487410244769
32411,5806.033184811148
32412,6064.594188046785
32413,4432.37403602769
32414,3634.5369976543157
32415,5195.292479160616
32416,5966.667281454521
32417,5643.646590985475
32418,6764.6833899897365
32419,6617.137038503098
32420,5432.920447769853
32421,6727.663047541967
32422,3975.422668872317
32423,3084.023383699713
32424,5833.468932899767
32425,9283.812379236166
32426,5969.893747905025
32427,5710.6143603810115
32428,4235.659224666063
32429,5628.889074074896
32430,7404.173008375393
32431,4685.210385176914
32432,5898.12402509083
32433,4519.17408367813
32434,4267.004610350178
32435,5019.724595838902
32436,5407.804622321496
32437,5048.971684601878
32438,4700.882225634645
32439,5466.067995158185
32440,4239.64765637969
32441,6613.113832598256
32442,5298.422681026762
32443,5164.588593801668
32444,5642.02134071435
32445,5932.271428163624
32446,4928.269435488064
32447,4815.997660891407
32448,6058.822976820158
32449,5840.277665976467
32450,6221.142843618
32451,3159.621685100311
32452,8272.533230674877
32453,5146.869828231613
32454,4831.237261034329
32455,5981.453235983402
32456,7409.968479607394
32457,6598.266562907574
32458,5405.676291787356
32459,5967.955229177443
32460,7110.606081303878
32461,9984.345404561576
32462,4619.729183081798
32463,5350.155757150743
32464,5146.160862355423
32465,6765.875047914383
32466,5791.940719307552
32467,7074.07425022136
32468,6973.41910862028
32469,5413.622704251752
32470,4388.560518085014
32471,5279.638044824692
32472,7278.959233166023
32473,4791.762008263185
32474,5552.627373298438
32475,4218.746592224411
32476,5671.946574057063
32477,5526.818757714659
32478,5621.46587798834
32479,7568.015312823238
32480,5288.910950459767
32481,5140.037664739956
32482,5945.300467127847
32483,6036.074453327661
32484,6941.092151024307
32485,5596.679318710828
32486,6223.71653227011
32487,5174.589660217782
32488,6160.322300498988
32489,7101.509732720317
32490,4227.858340090473
32491,7398.792046087367
32492,5826.809628818814
32493,4441.8954750507655
32494,6103.795628712857
32495,5083.756599145822
32496,6020.551996805194
32497,6140.136793895602
32498,3370.0505266507093
32499,3704.6413265465876
32500,5510.793066092083
32501,7163.9105937619015
32502,8085.940460130452
32503,4570.596720243571
32504,5369.802630660898
32505,5412.269518619998
32506,5666.285624788397
32507,4692.872264580255
32508,8358.748840444867
32509,7024.6516384597735
32510,10073.213614711083
32511,4703.51999453861
32512,4897.277678654946
32513,9187.403364470809
32514,7099.492908064421
32515,4438.950223556477
32516,7471.728794026313
32517,5697.261936165883
32518,4176.85706908425
32519,4483.46730722109
32520,3708.9152744125367
32521,4683.484902341238
32522,4810.555958665847
32523,4506.127792914441
32524,4011.7726063053533
32525,7847.518747630684
32526,6261.424270895536
32527,19470.86447388282
32528,5185.329300763166
32529,4388.4514023176
32530,5853.840488245847
32531,7967.385174371317
32532,5437.6066422528365
32533,5956.544918001488
32534,4968.413852228747
32535,6857.420137741254
32536,6834.993388132149
32537,4314.710254212818
32538,4853.0749855470585
32539,5982.837771268766
32540,6598.890237769071
32541,6074.113968362078
32542,6784.696970732658
32543,5131.524454198978
32544,4334.594969932559
32545,5168.046872789386
32546,8089.405502665862
32547,8379.603348525181
32548,7782.217624076954
32549,6688.771628518958
32550,4000.1836225694883
32551,6184.40134806399
32552,4112.290029105511
32553,7687.3961816739165
32554,7267.19601652958
32555,7834.041395971231
32556,5466.97329277715
32557,4044.3900213941442
32558,4398.946393799179
32559,5408.661879547329
32560,8295.292163439475
32561,5706.648153537027
32562,5019.289019279381
32563,4338.850873823931
32564,6560.6085635513955
32565,4991.240027887048
32566,6112.64088167473
32567,4695.381341595048
32568,5765.392676615524
32569,6193.378539493713
32570,5291.951703922765
32571,6024.849171814007
32572,5630.697752888771
32573,4748.588971115655
32574,5276.864421316205
32575,6085.030513233017
32576,8915.563575472628
32577,5761.611107285985
32578,6655.27867311503
32579,6623.926582556996
32580,7292.7483078811465
32581,6425.458676901493
32582,7691.401294420475
32583,4159.03671323794
32584,5881.938222921205
32585,5836.070930960836
32586,5805.070625829736
32587,7688.361064554163
32588,6654.777857312416
32589,5113.775155036239
32590,6148.047219768996
32591,6310.581739741754
32592,7553.581869177954
32593,4919.454554249036
32594,9546.603534656791
32595,4200.421207657341
32596,6062.857415175416
32597,6334.455078504315
32598,5213.6820965231855
32599,5351.319915738628
32600,5798.212299526836
32601,6288.058640284327
32602,4304.533572460274
32603,4929.800824988806
32604,6734.491440851321
32605,5771.515182741444
32606,6021.711845382253
32607,4913.737274056001
32608,5818.308092264353
32609,6922.170812933551
32610,6165.440115253451
32611,5272.173623557683
32612,6553.555274129254
32613,5817.286026366267
32614,6575.984119242644
32615,6632.055166737519
32616,5663.253815101316
32617,6345.052914193985
32618,6176.305829600803
32619,5654.57810204534
32620,6110.3212387596295
32621,5505.820452976339
32622,4932.6557427250345
32623,4646.253676025453
32624,5677.322067845229
32625,5887.7696476583515
32626,4518.61888665476
32627,4802.081640545067
32628,5518.228179234584
32629,5286.296930457957
32630,5341.254711582262
32631,7295.51070402447
32632,5527.671804784303
32633,6023.283796683136
32634,5125.165738857052
32635,4959.386874634897
32636,5721.025744677881
32637,7139.343097296813
32638,6135.188962407987
32639,6901.505486564843
32640,6777.798970194619
32641,5096.456288002864
32642,7483.393519763248
32643,6043.1075787175905
32644,6110.946961326752
32645,7474.682529964479
32646,5556.260679075866
32647,6878.704236811517
32648,6502.005900706896
32649,6154.787399876413
32650,5077.14432118679
32651,6384.106698003441
32652,6332.994035737017
32653,4880.440288862119
32654,4936.445034327768
32655,5196.963540546212
32656,6181.633152936672
32657,5987.828684881484
32658,4549.924388705069
32659,6316.355146328
32660,6697.703912346423
32661,5443.31490555348
32662,5892.981180217669
32663,5372.996630684655
32664,6974.9910822200745
32665,6007.665706085642
32666,5379.309959661822
32667,4931.099336407782
32668,5799.654034710282
32669,6541.163396636226
32670,5081.471633301168
32671,5818.897224609577
32672,4663.126450109617
32673,7106.362561841483
32674,6208.6477751252305
32675,6442.92028504347
32676,7685.958769171184
32677,5592.925549413561
32678,4897.7606476971705
32679,10652.286492611274
32680,5562.632325241803
32681,5713.552116016992
32682,6249.245296541509
32683,5224.115317339254
32684,6328.617159270313
32685,5138.128963708231
32686,5954.496081538913
32687,6745.801763952448
32688,5253.056430398384
32689,4024.7849454397606
32690,5280.282109161763
32691,6284.264465288506
32692,7316.018190140313
32693,5512.45785320895
32694,5532.49907139049
32695,5666.44296632326
32696,5062.326395136282
32697,4137.158392164922
32698,5102.441669921585
32699,5491.826979552403
32700,5474.379838795745
32701,6364.727242133485
32702,5915.068299927002
32703,6588.020126954254
32704,7189.895836069357
32705,6420.129085883305
32706,5673.463677979937
32707,7064.470502714478
32708,7158.603736072285
32709,5439.697944422792
32710,6084.44935008604
32711,5797.447045311249
32712,6356.041156300249
32713,4421.108556461853
32714,5542.909828031691
32715,4436.417169688211
32716,7789.942161884729
32717,5831.600808727064
32718,7105.838173634933
32719,7561.642860301641
32720,4893.3680115385205
32721,6016.978238546302
32722,13744.605232499447
32723,9143.43912053312
32724,5116.751971632655
32725,3624.996192617602
32726,5816.681100985655
32727,7983.287318120407
32728,5463.850513995289
32729,10844.028639224081
32730,15214.470972127045
32731,5129.546347239029
32732,5119.160174391278
32733,6459.200789121855
32734,4854.0737573856395
32735,7984.805670364052
32736,5516.658677362249
32737,6634.665612926191
32738,4006.5701635851483
32739,6872.037202031823
32740,6404.650275583617
32741,6330.169922146447
32742,6645.88246187636
32743,5346.934065161721
32744,6201.230781988597
32745,6273.909134716296
32746,5229.74326986701
32747,5664.922983104628
32748,6823.349805300177
32749,4779.465535159125
32750,5290.4394192562395
32751,5663.855717803372
32752,5216.157892326694
32753,4930.219365005882
32754,5891.106271202108
32755,5326.280168123293
32756,6979.437942417625
32757,6266.153015105762
32758,6128.790327692193
32759,5083.497722086731
32760,4383.663169970847
32761,5172.408910852056
32762,6237.909511275492
32763,5042.571866596281
32764,5503.626450674066
32765,6780.036796292391
32766,5762.122370584226
32767,6517.298512384039
32768,7053.70549598932
32769,6022.796010909774
32770,4795.794029091203
32771,4855.490456237437
32772,7018.482036406364
32773,5525.031257109285
32774,6199.466572806503
32775,12054.774689884252
32776,6076.918821342945
32777,6525.24698002974
32778,4204.438643255125
32779,4815.833060259428
32780,5290.262543890157
32781,4744.520141409489
32782,5494.289587071326
32783,7302.572064494334
32784,4806.02424536025
32785,11411.555935131264
32786,10732.399809463814
32787,5270.768805567641
32788,6736.40411155805
32789,5078.5336541335255
32790,6648.050629477494
32791,6275.841941957404
32792,9229.283449640914
32793,6341.274250576372
32794,6899.989587549475
32795,5511.246296791827
32796,6648.050629477494
32797,5180.975674124008
32798,7131.869395065972
32799,5723.563922845161
32800,5838.884114069886
32801,5835.268498804378
32802,5695.490358381405
32803,6895.988175500656
32804,7438.934374718859
32805,5413.012975298273
32806,7358.94976746985
32807,6372.152785740616
32808,9336.630596672525
32809,4351.404381084739
32810,4879.268005951894
32811,6438.463724423092
32812,7166.798404196964
32813,6205.178273183605
32814,5951.901756579699
32815,6363.513245014057
32816,6701.013958142014
32817,5054.349767010924
32818,6720.083417412334
32819,6470.67734456518
32820,5037.626145766761
32821,11312.737108769172
32822,13472.223620664567
32823,6279.288764322666
32824,6173.212322779719
32825,7090.940230843097
32826,7416.379398738029
32827,8072.705961159515
32828,5114.336140158531
32829,6009.515569773029
32830,6486.9237548358
32831,6753.036397945409
32832,4383.800060213578
32833,5209.723083734643
32834,4828.017522461723
32835,5466.33152537741
32836,6653.962637762369
32837,4614.3865716385535
32838,4564.81374887056
32839,5697.385441020639
32840,4805.801120363576
32841,4285.387729316679
32842,4820.247560958234
32843,5481.546111318216
32844,7103.9836600795
32845,7001.847310110031
32846,7810.058204103056
32847,5319.967776588986
32848,6323.898611132869
32849,8390.413174888048
32850,6441.012714664933
32851,5051.686673818217
32852,5576.701108553086
32853,7442.34414453052
32854,5839.11798861992
32855,6010.07874203368
32856,5576.200925728206
32857,5288.079435777327
32858,6830.085545526869
32859,5503.944458674087
32860,5372.817189618574
32861,6853.031568695386
32862,7342.398556525329
32863,10165.140744108692
32864,5541.917821482188
32865,7772.18673004756
32866,4838.389745003072
32867,4912.95612777405
32868,5553.189050563984
32869,4313.752681426995
32870,6327.950412696986
32871,5331.390016063375
32872,6670.289087249693
32873,6644.522652674604
32874,9936.314043639297
32875,7022.999023424236
32876,5491.902859815248
32877,5562.21864959416
32878,8119.666768386313
32879,6497.227265832838
32880,7704.509407935259
32881,5242.899779787585
32882,5913.60795651446
32883,6831.624258080783
32884,5246.314834224522
32885,6013.9850081292325
32886,6579.418076532508
32887,6536.829209133209
32888,10371.364781634418
32889,6400.852044642067
32890,10338.275949252638
32891,5495.62314360642
32892,6759.6408047613
32893,4373.176027505117
32894,6295.989051075473
32895,5652.7905161290955
32896,5203.575962649039
32897,6689.932183756003
32898,5411.7400700240605
32899,4755.286449617448
32900,5984.382826793959
32901,5950.674728048738
32902,6657.743773255276
32903,5460.6328259258735
32904,6006.553108059696
32905,6194.471002569558
32906,5734.3416677754285
32907,7363.396307851557
32908,5988.617466292372
32909,4806.778981693455
32910,5247.113872510544
32911,6597.720774493193
32912,8680.07102705026
32913,6975.6256252883595
32914,5251.084183828501
32915,5988.41461821502
32916,6764.983613935648
32917,6466.755038021191
32918,5737.225449166141
32919,6707.486862855027
32920,5901.885697300081
32921,5304.2594079067685
32922,6096.332478812097
32923,6041.104866267123
32924,5467.609510043332
32925,6458.927046811467
32926,5349.227531001663
32927,5748.448973574415
32928,5311.709843661243
32929,4604.139912098684
32930,6263.406942175456
32931,7175.781356232594
32932,6916.0668733003085
32933,8853.991377486973
32934,6601.484928016957
32935,5704.245978922848
32936,6490.392448234365
32937,9010.778175159729
32938,7019.199593573737
32939,5951.275926073184
32940,6281.796777872722
32941,6114.294959691304
32942,5408.8838791540375
32943,5479.682912312291
32944,8623.031236556715
32945,5643.932389523418
32946,7256.202047576681
32947,5734.49186222037
32948,3305.615080094783
32949,9076.263590840024
32950,5772.4288623110815
32951,4952.876693372652
32952,4951.185239420999
32953,5446.676465433466
32954,6187.190728412746
32955,5829.99611242106
32956,5507.168458837652
32957,6175.291615308346
32958,4112.731026907457
32959,4359.799686170149
32960,4495.621189318873
32961,6992.576678419252
32962,14322.310307189717
32963,4785.953380731252
32964,5008.134093732593
32965,6888.299518846546
32966,5040.357874452068
32967,4768.900171521048
32968,4884.77383627615
32969,4716.334323777554
32970,6692.910158804759
32971,6470.110210869016
32972,3968.2158825234796
32973,5932.199897657884
32974,4704.440039793671
32975,5076.047135617458
32976,6218.15994142808
32977,6926.383047817309
32978,8718.642945116988
32979,5821.721949711895
32980,5647.903552637138
32981,4480.387941640825
32982,5935.400090170516
32983,12615.287448709749
32984,6936.758902863198
32985,6259.074947977299
32986,4894.561198562946
32987,5215.6907390527695
32988,5272.408894222222
32989,5117.357540635986
32990,8232.369042551407
32991,5317.393896810869
32992,6114.909117406339
32993,6061.439648863759
32994,4965.784461904822
32995,5028.690997591672
32996,4925.418065337901
32997,6062.596394803859
32998,5690.619582087719
32999,5167.104890807328
33000,5569.079171792037
33001,6129.056382264872
33002,6826.428808358073
33003,6895.172823713855
33004,6435.896154800406
33005,4526.146504008349
33006,6393.872934989531
33007,5175.991146458256
33008,4777.887898139778
33009,5626.480526414633
33010,6727.586613046209
33011,5436.889385891204
33012,6552.836385381765
33013,6041.7012534858695
33014,6114.8377772854365
33015,5002.425715666009
33016,5565.763715781139
33017,5396.884715034443
33018,4933.950883969369
33019,6489.449715504237
33020,5418.165737245669
33021,4805.993262442564
33022,7711.8553689701885
33023,5184.579691856697
33024,4468.730409148021
33025,6265.05330584381
33026,7471.596659367967
33027,8793.73764526906
33028,5550.82655055774
33029,6255.749652494316
33030,5236.6858165967615
33031,6152.172974089939
33032,5309.572926610567
33033,6751.826754764458
33034,3958.993571974036
33035,5305.878451986204
33036,5746.598317895867
33037,5361.8374488750715
33038,4551.634204133544
33039,6149.371147339758
33040,5951.075458159027
33041,6034.975155654768
33042,7260.005502849589
33043,5888.0904646054505
33044,7239.426019967664
33045,4575.169072030347
33046,5575.096463026039
33047,5775.70007277775
33048,6262.393078039589
33049,7237.764873364894
33050,4225.588306530469
33051,7788.734572215389
33052,6191.871092408872
33053,6246.118652988456
33054,5109.81687990551
33055,3871.687473762865
33056,5502.192261532472
33057,5710.806027614429
33058,6774.580146318575
33059,5682.129020685223
33060,5457.7605305235065
33061,6741.072387710637
33062,5455.103832382781
33063,5836.486677304498
33064,7112.5312871869655
33065,5298.921597447552
33066,7193.70374554836
33067,7603.2280927552165
33068,6293.620432313941
33069,4659.163589835391
33070,4814.826622030126
33071,4600.2139432173835
33072,3885.9064122553373
33073,6699.067211256899
33074,5806.382151533641
33075,7147.563780469935
33076,4800.16651096976
33077,5919.094609951545
33078,5926.114270206968
33079,8915.253993947372
33080,4916.597774823401
33081,4935.145327826402
33082,5707.939813472088
33083,7389.401062647815
33084,5677.3313715114
33085,6292.968800635981
33086,6763.643254242182
33087,7897.844187717865
33088,5795.709598440335
33089,6272.026160811435
33090,5809.380774938667
33091,5803.5807391642
33092,5118.728983096613
33093,7471.807550301898
33094,7537.72777294762
33095,6355.1765804251645
33096,12282.038053423868
33097,5366.08300692511
33098,5310.270003611032
33099,5467.0041383794205
33100,6955.458693539088
33101,6497.726328150534
33102,6148.853815628769
33103,6516.2842584126065
33104,6337.474666019207
33105,5978.968739815918
33106,5600.574315645737
33107,4888.503267275983
33108,5448.386672272139
33109,5309.0009360867825
33110,5306.546774621771
33111,4514.944050571593
33112,7422.06404955373
33113,14021.587750134408
33114,6302.25225113756
33115,5251.176223002418
33116,6001.345651695161
33117,3931.2029044437063
33118,5818.872614855838
33119,3206.7943058050773
33120,7959.629782626251
33121,6091.065600835831
33122,6454.476852234457
33123,9243.632519827192
33124,9737.987381282739
33125,6207.982649448555
33126,6139.406037939515
33127,5288.859605873208
33128,5733.061943080915
33129,6526.5706635337965
33130,6855.607613072897
33131,4480.852925325467
33132,4239.250525930011
33133,5690.200234225294
33134,5169.000488424169
33135,5603.071022321078
33136,5544.2519479906905
33137,5392.359398202274
33138,6302.154598843169
33139,6682.630808290289
33140,5639.701714279295
33141,4940.045473143901
33142,4608.938556090235
33143,6555.09424844751
33144,4374.7215651042125
33145,7188.36070334553
33146,5539.685529035466
33147,4591.258678888691
33148,6841.645674435223
33149,5128.6705120662755
33150,4716.141739548878
33151,5834.239429192654
33152,5698.399825701423
33153,7299.819516692118
33154,6861.356417139637
33155,5739.706265674795
33156,5118.045113633912
33157,5348.883611606163
33158,6964.904778157907
33159,6093.783372842584
33160,4871.725472943647
33161,6235.68801131534
33162,8901.01752995291
33163,6520.252387911415
33164,5885.225929236783
33165,6862.154503576513
33166,5992.77312847521
33167,7244.410359561571
33168,5985.709328989626
33169,8403.086703012383
33170,5637.549751796636
33171,5452.768787614232
33172,4793.628635518756
33173,4102.077843288421
33174,5850.199936127279
33175,13288.004816645675
33176,4077.892588086297
33177,4463.186727179061
33178,7355.758342425536
33179,6676.690941274752
33180,6157.3703006161495
33181,6441.244201582114
33182,4955.669490464493
33183,5246.207079271682
33184,5016.075905399598
33185,6535.816581025648
33186,5138.49835682827
33187,5839.4658011325155
33188,5735.880329150074
33189,4702.57755557703
33190,7232.693219421359
33191,5982.462332145032
33192,3954.8976145769816
33193,6401.316410103567
33194,7285.731711482896
33195,4054.4121615271624
33196,6374.813880240576
33197,5346.883023437875
33198,5166.60145914437
33199,7229.277853033972
33200,6322.008898501391
33201,6472.881357468948
33202,5779.719438912308
33203,4501.719829276157
33204,6057.827849566483
33205,3881.304369854904
33206,6592.4730955042105
33207,4434.934313897633
33208,5867.092706833859
33209,5468.236714619915
33210,6235.896322929214
33211,5263.170387412041
33212,6205.7638058492585
33213,5874.1588351821065
33214,6716.6407434071325
33215,5626.5932329275765
33216,6645.518219294194
33217,5936.141064813691
33218,6090.049331583358
33219,6777.414210586025
33220,7158.2507129898795
33221,4722.3368444588705
33222,6323.279208951732
33223,6633.069941432984
33224,4867.978653608332
33225,7381.731965653895
33226,5704.091124875371
33227,7229.893782245586
33228,7940.807579979793
33229,7205.103001310361
33230,4539.507904942161
33231,7548.889345448926
33232,7737.767922115054
33233,6588.703522559351
33234,6336.981418255117
33235,6412.335443903728
33236,5968.685097540747
33237,5022.990883512705
33238,5713.39551125952
33239,5193.313083950386
33240,5604.002358535746
33241,6015.387264405249
33242,5416.7948417686885
33243,5066.262685943663
33244,6088.141712486863
33245,5943.764143865173
33246,6235.4725814255835
33247,6377.943077730036
33248,5925.00868296987
33249,5012.270105783655
33250,6465.021292020489
33251,6128.338970005291
33252,5663.693345584653
33253,5746.370579566491
33254,6153.538392172621
33255,6281.594447626918
33256,5569.086054002288
33257,4179.661784651941
33258,5741.185211427371
33259,6055.715049284966
33260,7471.128021055251
33261,5926.193647267285
33262,4119.123563012743
33263,5550.33777295663
33264,7202.457263272136
33265,5412.782558989135
33266,6322.668373973184
33267,6199.628712309868
33268,6077.718205123688
33269,4818.328763300928
33270,4014.8305211344064
33271,5396.525355795692
33272,6204.045322060437
33273,5865.639866408918
33274,6981.2472514210585
33275,6981.213744781073
33276,5539.865156641608
33277,6841.301364729222
33278,4229.972719087542
33279,3525.13533072478
33280,5992.475172203188
33281,9480.47518843931
33282,6170.334272268631
33283,5958.8495698343795
33284,4444.469680191144
33285,5849.366724556581
33286,7606.416657449284
33287,4928.602088549951
33288,6221.039934993334
33289,4708.73536379188
33290,4457.635455771604
33291,5339.392579743732
33292,5630.119653641213
33293,5278.664094678178
33294,4936.842278997713
33295,5841.579834248752
33296,4518.027450368566
33297,6797.610895257145
33298,5612.670373283489
33299,5439.17490471902
33300,5888.949714825382
33301,6197.378347354457
33302,5303.925026641055
33303,4972.198903260559
33304,6370.028444305867
33305,6002.982240283333
33306,6574.933308112877
33307,3545.188266182824
33308,8459.236543840683
33309,5352.590416378801
33310,5224.967924807837
33311,6230.613154325062
33312,7636.02067964592
33313,6890.725562615165
33314,5672.293487762517
33315,6163.8195368678125
33316,7553.502162570939
33317,10316.242072673667
33318,4867.6330196670615
33319,5688.514219684674
33320,5346.242999679538
33321,7129.951754192358
33322,5681.751035340863
33323,7350.494851467281
33324,7191.437153613573
33325,5763.78283188841
33326,4632.2739773543235
33327,5650.911968215085
33328,7568.563919055882
33329,5054.172785255599
33330,5826.293869593591
33331,4427.557047749492
33332,5789.924849835489
33333,5775.730341964959
33334,5791.604986006976
33335,7725.856702859053
33336,5432.75530194344
33337,5297.700061438262
33338,6279.894541848064
33339,6310.713914527341
33340,7212.894265816332
33341,5757.831069890125
33342,6531.8029190937405
33343,5542.488959402453
33344,6461.768657045917
33345,7294.366383262982
33346,4490.2691170828875
33347,7558.3519270430725
33348,6042.963574737828
33349,4655.856234002079
33350,6326.560324515717
33351,5328.8382441889435
33352,6287.045682512689
33353,6258.868804449091
33354,3588.093814970458
33355,3940.601379909657
33356,5808.682376038212
33357,7547.513818639851
33358,8234.624965618024
33359,4784.5574791948875
33360,5636.403784969268
33361,5527.046545689305
33362,5969.824114991495
33363,4971.158890654569
33364,8543.474246136502
33365,7203.219985721799
33366,10301.449121684802
33367,4914.497777874707
33368,4961.957447767475
33369,9211.215022142303
33370,7378.5521581103585
33371,4674.211402710905
33372,7742.862270077249
33373,5934.444415578612
33374,4488.7275875132955
33375,4782.926631215049
33376,3969.0664794781037
33377,4870.713133370094
33378,5112.646730861331
33379,4741.599536556946
33380,4387.9606400785415
33381,7969.611535848743
33382,6422.415406448215
33383,21033.113231012878
33384,5410.750741848655
33476,3484.9964807277524
33544,4455.945544917151
33585,12856.58321234883
33586,25141.721166705265
33594,5514.880912999238
33613,4752.966585446946
33623,4846.08617533758
33641,8991.908822239217
33658,5983.721421815014
33720,2679.2774901239077
33734,5262.168656884422
33777,5690.117399638932
33787,3377.3187395163395
33791,3611.6517579266547
33818,17279.03363200636
33832,5958.484796924629
33907,9786.881304903463
33951,3956.4893769618257
33952,14301.240200750963
33980,10041.079242624179
34050,3834.1859494358414
34054,3789.7219243057625
34105,4586.259379855162
34120,8945.760020903594
34184,3802.3922552525073
34225,10571.105203019404
34226,5818.784113343298
34241,4668.150437457502
34242,5031.92584481282
34243,6137.466627693486
34244,4149.97918972869
34245,5687.588708507705
34246,4150.169448655855
34247,6358.9829386532465
34248,6408.955084300717
34250,4332.672061420514
34251,6420.979730670736
34252,6168.504440843421
34253,5573.423831363147
34254,6905.8006410997305
34255,5610.65654622955
34256,3806.3463142357027
34257,5387.210820934912
34258,7422.850139194793
34259,8245.109249912046
34260,7865.587378668386
34261,6839.550627354606
34262,4366.618328846179
34263,6349.933910736798
34265,7933.314960503193
34266,7460.370755786155
34267,7962.08449204978
34268,5482.247523654652
34269,3305.1310099040543
34270,4958.738494754175
34271,5862.1789221807885
34272,8572.776535438024
34273,5788.347085932636
34274,5072.699301636446
34275,4428.429350373305
34276,6416.912137906142
34277,4731.323561178047
34278,7044.913006741931
34279,4996.320008094326
34280,5730.340988189816
34281,6566.009369324011
34282,4506.9683724437955
34283,6874.543259554175
34284,5181.9818347012615
34285,4862.284251845819
34286,4825.339262918194
34287,6383.052549345807
34288,9260.022678926223
34289,5903.271396220711
34290,6735.21893459344
34291,6944.390600821224
34292,7594.559801744664
34293,6858.686997030081
34294,6546.734235212239
34295,3636.993896597549
34296,5730.954897783986
34297,6087.323736040531
34298,5921.4467742860115
34299,7843.021860428003
34300,7454.601544942904
34301,4477.34657890629
34302,6146.472299617082
34303,6461.924390839055
34304,5912.537755403303
34305,4630.887139438215
34306,8305.545083588522
34307,3781.7170036867146
34308,6126.924929847258
34309,5701.2020028824645
34310,5321.201379328426
34311,5436.062012390171
34312,4491.502766054008
34313,6535.918415274811
34314,5040.914368379951
34315,5600.618575873682
34316,7138.140068724026
34317,6413.59556253334
34318,5441.553568196255
34319,4550.091957364898
34320,5066.496292101481
34321,6928.147534860376
34322,5607.631531023277
34323,4266.579617264504
34324,7032.459841936235
34325,5065.474226203395
34326,6704.64774227411
34327,7490.895575123382
34328,4798.210504010758
34329,6669.497007634454
34330,5727.9647746821565
34331,5703.564805193262
34332,5171.785778585046
34333,4843.3760712690755
34334,5116.151760198575
34335,4723.003765860796
34336,6110.359894839686
34337,5281.835242573616
34338,4596.764743067216
34339,4910.206257345557
34340,5908.6857110547235
34341,5593.042426397768
34342,4765.32977950794
34343,7317.456764135611
34344,4837.203745185221
34345,5483.329718952903
34346,5486.651262784452
34347,4367.334644438172
34348,5657.3668913559195
34349,6076.099567165982
34351,7396.791616265748
34352,6992.040402052745
34353,5343.897323164207
34354,7639.23159216323
34355,5383.249707509967
34356,4923.766859397249
34357,7448.397984337097
34358,5717.703428003994
34359,6320.895652581344
34360,7089.680176236007
34361,6071.378670350951
34362,5700.665881820079
34363,5866.376000941157
34364,6729.617046995901
34365,4201.147063226357
34366,4214.692607815706
34367,5138.83456596418
34368,5426.745887235315
34369,6283.309669526945
34370,3908.793421445638
34371,5656.497275120377
34372,6925.536455785785
34373,4803.468164323925
34374,6084.686151685678
34375,4722.718252724666
34376,6858.971836732551
34377,6080.750481105365
34378,4759.408507337318
34379,5457.846841779559
34380,5167.577773184245
34381,6933.036525718085
34382,4709.302502834715
34383,4801.921176894631
34384,4765.900687704158
34385,7563.578106905481
34386,5994.671636500587
34387,6726.6478407845225
34388,8714.479478239793
34389,5204.231810280858
34390,5554.217372109452
34391,11192.699860995508
34392,5259.3236234638725
34393,6096.862002014965
34394,5437.42960498853
34395,5515.710778722494
34396,6654.940695062011
34397,4830.423168967798
34398,5650.424426790444
34399,5840.629072913421
34400,4809.602499911161
34401,4243.548163303882
34402,4745.348083188995
34403,7278.138681446324
34404,7874.527852133359
34406,5586.599857248595
34407,5757.837781047177
34408,4396.738724904138
34409,3585.256606478863
34410,4482.366241303847
34411,5908.3046594936895
34412,6099.292982740917
34413,5896.451942252582
34414,5104.925003381708
34415,7131.892484986682
34416,7658.327971167713
34417,6882.6557349646055
34418,6200.215215280737
34419,6254.327206169184
34420,7268.200667230154
34421,4896.242582120332
34422,5921.278105572523
34423,5988.049563936806
34424,6546.643674925806
34425,4734.784329747282
34426,5431.189331268337
34427,4614.911690422818
34428,7179.773285922441
34429,5937.259174303315
34430,7458.698422510018
34431,7571.677578141486
34432,5173.174395340156
34433,6223.413577742019
34434,14068.389852940076
34435,9018.63469581243
34436,5276.364269528724
34437,3713.452607360322
34438,6474.762343214979
34439,8277.073831753843
34440,4383.5272482396895
34441,10389.250221529725
34442,16033.602570886109
34443,6188.0226525373355
34444,4083.137522963642
34445,6926.656641059306
34446,4275.879463805752
34447,7613.993271595722
34448,4730.592657691291
34449,6151.556863991014
34450,4480.75127062832
34451,7161.584910268972
34452,6868.732518232195
34453,5968.817726268378
34454,7259.337842289788
34455,6139.403854269658
34456,6631.277051000297
34457,6452.486486998813
34458,5661.185598163676
34459,5037.100549524472
34460,7040.223587591567
34461,4841.486923490256
34462,5572.749406215641
34463,5000.482880594986
34464,4633.960442103723
34465,4797.760302807641
34466,5920.9950281545425
34467,4685.288677749122
34468,6851.619303801052
34469,6104.121011565455
34470,6529.43775532755
34471,5025.232233874758
34472,5094.374856425564
34473,4405.668887860108
34474,5441.443429247666
34475,5636.437949670678
34476,5713.789266032447
34477,5898.985704206641
34478,5893.5761777933585
34479,6046.677002951964
34480,6516.410717558508
34481,6165.059355474469
34482,3938.3298862016204
34483,4059.2045910414595
34484,7076.98485740146
34485,5636.14400204211
34486,5709.35036885001
34487,12167.840295531709
34488,6627.785993528061
34489,6224.267936163146
34490,4256.972072699836
34491,3874.774409005456
34492,4621.5747743293
34493,4554.799819303972
34494,4874.528836877921
34495,6906.339135757069
34496,5411.0289195883515
34497,9608.745742318899
34498,10678.047174736585
34499,6035.514933699028
34500,6345.268582404677
34501,4769.442521813338
34502,6219.7334796681425
34503,5739.058289364857
34504,9770.123720505126
34505,6456.501339061873
34506,6509.695946622917
34507,5035.087982625489
34508,6219.7334796681425
34509,5669.999093338973
34510,6298.296739542506
34511,5908.941196177181
34512,5239.97467827887
34513,6470.580755269069
34514,5853.568633264963
34515,7275.323682005034
34516,7337.007931758847
34517,6100.666679932467
34518,6669.5012006520055
34519,6723.273065559065
34520,9306.422521137249
34521,4049.9037542991605
34523,6786.152069422671
34524,7303.618373906901
34525,6491.17157524222
34526,6115.543407429122
34527,6895.777172278092
34528,7279.847361136795
34529,5659.339183392265
34530,6341.773336463596
34531,6450.461531296529
34532,5072.523583662904
34533,11812.198272073054
34534,13784.374605568932
34535,6367.150072997937
34536,6527.2303348929945
34537,7129.123024937652
34538,6823.902261490218
34539,7656.341413913789
34540,4127.723906869778
34541,5417.038432525218
34542,6810.948892265327
34543,6884.490205154541
34544,3860.857340250721
34545,5014.74302977321
34546,5234.725240697372
34547,4784.64150440121
34548,5809.03947929087
34549,4305.85098387339
34550,4037.2511750354347
34551,6260.835382845044
34552,4101.630668534196
34553,4319.880138040102
34554,5293.1089077426
34555,5271.116342392326
34556,7392.714509742975
34557,8697.715957671031
34558,7192.7636053449205
34559,6029.127226740395
34560,6542.241318180511
34561,8419.263998684883
34562,6125.361189055766
34563,4326.538709535829
34564,5671.314046415596
34565,9221.942061730695
34566,5432.48387550519
34567,6710.02812173142
34568,5700.649815805046
34569,5032.6051263951995
34570,6590.605238179996
34571,5509.560127039412
34572,5915.820525690094
34573,7178.377101400848
34574,7791.736591718366
34575,9662.233729782207
34576,4537.347714913649
34577,7841.883984623333
34578,4318.431182282371
34579,4991.441236398784
34580,5644.5838652879
34581,4375.774069758127
34582,6510.923024055772
34583,4516.140087427058
34584,6380.903946811655
34585,6190.206641277559
34586,9391.39685889131
34587,7684.683565350917
34588,4945.7451775759
34589,5288.991430187836
34590,6682.979697938166
34591,6836.062256296058
34592,7614.664682087742
34593,5834.399738411168
34594,6005.002771238376
34595,6321.093750965376
34596,5780.797448925886
34597,5439.709987315375
34598,6797.760783580151
34599,6122.591084904055
34600,10302.125967993958
34601,6758.100583575274
34602,11586.562624851973
34603,5627.076950815553
34604,7037.683640869692
34605,3909.1336747905516
34606,5785.458543960065
34607,5592.217997909923
34608,5838.88821911373
34609,6262.204601769091
34610,6079.1189165603755
34611,4223.92637071855
34612,6455.464863689147
34613,5604.087198830556
34614,7637.207521968425
34615,6128.0116724621885
34616,5491.211306820608
34617,6521.580963177494
34618,5951.708025341236
34619,6956.762194736828
34620,6609.906568308287
34621,5365.5528788344955
34622,5861.014098906545
34623,6143.404763096149
34624,8505.266147000482
34625,7252.140694270592
34626,5113.194614364673
34627,5062.93268134161
34628,6387.9271103624715
34629,6135.169012849365
34630,5153.2199942212865
34631,6300.852749740297
34632,5212.437130482237
34633,5440.798608377107
34634,6476.745575927888
34635,6690.813502220055
34636,5513.615371707674
34637,5560.6402969301835
34638,5967.32923538962
34639,6214.1725013315045
34640,5041.240876838331
34641,4796.126877341974
34642,6895.720717041444
34643,6074.597332888152
34644,7134.409580347951
34645,8563.180129146842
34646,6945.244009192406
34647,4672.969000480496
34648,6083.758335119635
34649,8541.412033036837
34650,6612.565480459008
34651,5898.505044081189
34652,5681.715629510486
34653,5730.960153853971
34654,4720.932550526894
34655,5075.094672039552
34656,9558.407645079427
34657,6145.600938444652
34658,6707.413508012953
34659,5048.734958860977
34660,3192.704957378761
34661,8523.578537800664
34662,6086.047811658896
34663,5505.279845995738
34664,4562.591914193728
34665,6329.575144619865
34666,5667.074757078489
34667,5235.307490861525
34668,6053.13344856066
34669,6424.27770468287
34670,4455.849385458283
34671,4103.209205448695
34672,4017.3982031796963
34673,7082.9916610212895
34674,13709.637490352208
34675,4665.818016008641
34676,5783.282366676846
34677,6875.000313487104
34678,4565.871972719925
34679,4878.948276161972
34680,5657.98896073297
34681,4237.783062633178
34682,7524.2575597730865
34683,6793.86970530425
34684,3436.818434095017
34685,6108.552419945643
34686,4241.87003833426
34687,4765.628608175924
34688,6303.542112011943
34689,6733.720058895099
34690,8762.209329604893
34691,5028.042970428438
34692,5391.313071915684
34693,4581.635941494138
34694,6266.251431625164
34695,12909.564808381489
34696,7343.553823764319
34697,6540.480640003522
34698,4596.896696165671
34699,5856.0455285652915
34700,5015.913832903576
34701,4582.2689646494655
34702,7187.307435078485
34703,4965.6086289059185
34704,6204.549250506751
34705,6640.634010679259
34706,5291.756798216147
34707,4547.525887728039
34708,4785.92642180302
34709,6344.337930196963
34710,5840.0397742685445
34711,4579.394068790026
34712,5373.866200964987
34713,6558.260630424474
34714,6834.403507203134
34715,6656.189317866067
34716,6810.539554820556
34717,4049.0482765279085
34718,7462.698454757339
34719,5305.911889126559
34720,3985.1951848209724
34721,5165.643956001524
34722,6272.69908869986
34723,5003.194806065433
34724,7031.00923989958
34725,5653.107928258599
34726,6162.704234938173
34727,5755.717112558998
34728,5087.5407296419635
34729,5600.2283733381555
34730,4842.242235452341
34731,6633.605372888945
34732,5576.962129477033
34733,4115.018339882583
34734,7764.9059395760305
34735,4665.1831821407395
34736,4770.555804532705
34737,5900.7151712601435
34738,7662.459641670955
34739,8786.0642923269
34740,4873.853824286415
34741,5875.939563479095
34742,5623.90072122385
34743,6209.202172289719
34744,5669.13445410879
34745,7413.699751844602
34746,3817.0114469741966
34747,5450.904192082374
34748,5571.634466620861
34749,4820.7952256194285
34750,4404.886833812771
34751,6431.7290147283275
34752,6047.090607727827
34753,5704.886563028114
34754,6270.699690306038
34755,6473.122532068618
34756,7843.7172580246515
34757,4827.9669886652655
34759,5539.65869065442
34760,6356.7702465786615
34761,6508.872922558265
34762,3607.1847357770753
34763,7794.073998724148
34764,6231.916341741639
34765,6277.203060197524
34766,5285.72049106775
34767,3753.720069694911
34768,5876.794811808967
34769,4747.754830842529
34770,7084.5469778489605
34771,5601.954743306128
34772,5201.170049802053
34773,7088.220839897
34774,5114.00592740789
34775,5766.040423862015
34776,7333.038643649501
34777,4803.199293567908
34778,7077.766134053541
34779,8101.122603243879
34780,6378.129603619407
34781,4350.188090678887
34782,4801.920407381336
34783,3806.640000600082
34784,3495.4154720680413
34785,5321.276735106584
34786,5913.749342388713
34787,6476.602147796135
34788,4563.727233660427
34789,5615.786009012907
34790,5219.387795158044
34791,9139.509983197815
34792,5424.654341629856
34793,5230.160247211364
34794,5814.239975745793
34795,6658.693835795697
34796,6056.727117147835
34797,5895.378664946108
34798,6324.408582930507
34799,7945.1533498283325
34800,6317.25562300455
34801,6698.486591998129
34802,6213.254412135903
34803,5200.567563909289
34804,5338.43257251883
34805,7778.500798679258
34806,7100.417992907953
34807,5396.967543991022
34808,12737.245466068163
34809,5144.069676856539
34810,5483.670473257526
34811,4942.076635232353
34812,7384.770648348596
34813,6972.176540612762
34814,6328.400821290139
34815,6997.876698791466
34816,6742.363988747559
34817,6074.5162470985315
34818,6301.22797780764
34819,4930.34280763188
34820,4471.023114126271
34821,5515.862533089114
34822,4463.051796857572
34823,4065.0902398685694
34824,7644.902602439446
34825,17037.135784024547
34826,5913.658925910289
34827,4421.053080352557
34828,5203.162337069885
34829,4385.673527731536
34830,6155.180272865091
34831,2874.87624729311
34832,7011.943216839146
34833,6420.437733396402
34834,6052.394069249428
34835,8733.416642955806
34836,9910.926454074128
34837,5814.121635584249
34838,4623.316234568176
34839,5175.642299450275
34840,5476.471462359461
34841,6045.009184835157
34842,7512.929687975773
34843,4275.745638340436
34844,4693.362060768015
34845,5597.3075847717355
34846,5532.14216447246
34847,5089.259650502601
34848,5973.448822651212
34849,5030.21679660435
34850,6964.022451797385
34851,6097.81974946933
34852,5697.1827630322805
34853,4631.676806063063
34854,4559.968713538511
34855,6086.566263599878
34856,4418.745806770566
34857,6799.767378118259
34858,5260.7932850294055
34859,4003.468860945349
34860,6471.553116929806
34861,5148.017831734218
34862,5168.007318779333
34863,5011.720538725963
34864,5641.509380676673
34865,6715.008457871159
34866,6138.327485608386
34867,6001.897572169875
34868,4809.087066797063
34869,4694.500031209335
34870,7258.8012319608115
34871,6183.862529912864
34872,4822.755630391924
34873,5868.074325635697
34874,9342.988952524216
34875,6791.785776533117
34876,5140.58661152783
34877,5468.846454775529
34878,6104.4621426198255
34879,6798.559827421885
34880,5847.972559806903
34881,7569.979229708301
34882,5677.000349233212
34883,5659.857704167584
34884,4403.054029682829
34885,3078.524737453999
34886,5268.334930257562
34887,16152.957299343045
34888,3441.922556159457
34889,4612.104780352005
34890,6994.9267711864695
34891,6880.630885582401
34892,5825.039463499307
34893,6737.676358162176
34894,4801.797390119906
34895,6038.606075820417
34896,4928.944773612424
34897,5960.425388872463
34898,4602.895396747212
34899,5361.24281499334
34900,5940.801693824609
34901,4637.753425554399
34902,7122.088346971965
34903,6492.545289569652
34904,4448.538592651009
34905,6074.284423768233
34906,5833.242750621843
34907,3548.951052633514
34908,6671.2460368206375
34909,5519.532272653637
34910,5223.339942866086
34911,7762.687564269107
34912,6556.051624926479
34913,6364.13591028346
34914,5186.12613032517
34915,4535.879936112144
34916,5280.399621299205
34917,3639.9168242246014
34918,6203.87977027694
34919,4029.420578662641
34920,6014.8732670895315
34921,4817.386199120362
34922,6554.185355560539
34923,4718.597975646782
34924,5705.332814773881
34925,5511.353149027249
34926,6766.904915389929
34927,5105.12550689728
34928,6550.287508253435
34929,5740.667642441152
34930,5597.857609937699
34931,6388.820885358754
34932,7093.359582977836
34933,5431.374897665961
34934,6512.717356909734
34935,6283.60874218503
34936,5058.977006509235
34937,8087.207573207685
34938,6188.940797256063
34939,7102.0888814461905
34940,7710.667822887686
34941,7748.387009584671
34942,3972.3653199843693
34944,6801.075253319596
34945,6991.121313188272
34946,6140.446803603805
34947,6791.620461889922
34948,6843.081222133876
34949,4530.799161867046
34950,5253.374641554298
34952,6065.47699104602
34953,6087.0115502057815
34954,4912.656247687685
34955,5064.298989945155
34956,6494.937633508368
34957,5743.6413447131035
34958,6557.275975243718
34959,5878.476587473886
34960,6770.036845830403
34961,4649.157507035065
34962,5417.7189482610875
34963,5810.726850337731
34964,4607.327236631897
34965,5751.204612191858
34966,6620.800179713839
34967,5627.21086723009
34968,5525.637131057528
34969,3525.7755040332145
34970,6301.6865702918785
34971,5807.98733569123
34972,7562.095840233409
34973,5514.6909976144825
34974,3123.3582647904127
34975,5519.365966403447
34976,7295.81464430072
34977,4689.753627457884
34978,6610.883689050114
34979,6443.524639816487
34980,6314.626669830904
34981,5232.866785467861
34982,3234.5270190905458
34983,5495.12836452677
34984,6425.158866349755
34985,5762.002833642758
34986,6652.411271764702
34987,6909.409806821014
34988,5146.947054513108
34989,6420.895746683892
34990,3826.062371839118
34991,2639.132437127771
34992,5956.96052987811
34993,9299.661813318908
34994,5852.722152601071
34995,5383.458377681195
34996,3923.583216119515
34997,5213.1852605937065
34998,8263.753568500873
34999,4894.002716605731
35000,6454.219338829903
35001,4348.083610931498
35002,4312.398684645566
35003,4746.53241275026
35004,5109.044919581185
35005,4711.521509720387
35006,4369.699694039922
35007,6161.237652563428
35008,3882.490229637336
35009,6848.911324397051
35010,5359.580621006339
35011,5784.495568015757
35012,5313.558522672198
35013,6537.203371786707
35014,5395.965721680912
35015,4588.575302625221
35016,6576.218370073085
35017,5651.11348748516
35018,6672.633041463138
35019,2715.788053025437
35020,8102.296718749532
35021,5970.924004325109
35022,5349.14681829468
35023,6618.343646043569
35024,8713.271429351114
35025,6502.132237387894
35026,6041.026485345033
35027,5528.282316136584
35028,7494.9572928844555
35029,10349.558912166758
35030,4505.9072108316905
35031,5553.545747652858
35032,5883.615110686722
35033,7058.147816232299
35034,6079.226589578175
35035,7897.213569110609
35036,6913.227115024376
35037,6140.054894711826
35038,4153.721193238987
35039,6260.184440193794
35040,6183.27303992677
35041,4518.5698251745425
35042,6372.1833939460375
35043,4049.5784526645416
35044,6440.132686507961
35045,5736.082786218076
35046,5535.109924688329
35047,7172.127667252694
35048,5166.8376652502275
35049,5865.395012528797
35050,6601.306017810327
35051,6243.812095806922
35052,7266.278823343496
35053,5501.336008571478
35054,6752.916463383059
35055,5609.181177537999
35056,6073.175331818647
35057,7178.428771768163
35058,3969.1943830228593
35059,6964.758618455936
35060,6311.950314638768
35061,5297.39837877933
35062,6730.818814709045
35063,4588.730658216556
35064,5536.353671976524
35065,5964.288041416208
35066,3577.4069353593127
35067,3340.141265635719
35068,6096.897691115142
35069,6557.232542688253
35070,8561.814137541354
35071,5341.8533177659
35072,5379.813304247815
35073,5063.0724898384415
35074,6225.707922720938
35075,4467.020296573567
35076,8871.384686048368
35077,6727.300307191377
35078,12208.316101618164
35079,5905.940571245733
35080,4784.209118771126
35081,8777.650201496637
35082,7182.498425751081
35083,4229.258808688496
35084,7966.597380228396
35085,6438.74044768721
35086,5210.987865428613
35087,5056.504315700679
35088,4403.568735985553
35089,4266.5635254770605
35090,4597.171679142802
35091,4847.411594206857
35092,3741.423363806427
35093,8244.767525228172
35094,5970.111557314833
35095,23079.514098714903
35096,7466.82381839542
35097,5628.600085694686
35098,7059.758625882972
35099,9342.143981470696
35100,6494.486529192733
35101,7355.125681178403
35102,6245.813094559224
35103,7845.0777776846735
35104,7940.887483382827
35105,6263.079164776151
35106,6143.581983546357
35107,7544.348145728787
35108,7857.783036208395
35109,7111.304589336397
35110,7544.5484795944685
35111,7473.3347829531795
35112,5779.302374414705
35113,7053.642308311993
35114,9654.53127131793
35115,9609.851880912911
35116,10000.86209630225
35117,8162.438663611748
35118,5332.04345375756
35119,7723.775398567474
35120,5812.854717579402
35121,8510.842042542357
35122,8750.10395973221
35123,8607.652622278725
35124,7091.299208446272
35125,5777.127405173317
35126,6236.414836540776
35127,6749.916727346695
35128,11114.047110360836
35129,7223.5720066075055
35130,6187.582035231523
35131,6107.92214387415
35132,7764.9046355248165
35133,6013.932449976549
35134,7804.236746011772
35135,6486.247050202925
35136,7568.29983719645
35137,7516.046966376622
35138,6302.538232913248
35139,8406.13729035001
35140,6968.915052592533
35141,6305.397261214216
35142,6580.789345413654
35143,7571.474244425295
35144,11208.519934746555
35145,7338.49631689558
35146,8769.135321760014
35147,7575.040249050891
35148,8436.93968825525
35149,8095.898138146513
35150,8914.19549621373
35151,5826.060765799044
35152,6747.801124122288
35153,7871.16452312049
35154,6814.699604123184
35155,9153.784887246993
35156,8002.524378365903
35157,6362.345429862993
35158,7456.765741041028
35159,7172.918472462152
35160,9665.525775869497
35161,6236.073806077222
35162,10407.028654997654
35163,5400.111289631107
35164,6854.027269289687
35165,8198.008982268595
35166,6688.711159767981
35167,6949.186536415663
35168,7524.516803861904
35169,7909.967682274968
35170,5839.842111664154
35171,6413.023412292219
35172,8124.211405778749
35173,7358.081590503711
35174,7385.907937658675
35175,5702.988034099124
35176,6771.92147029351
35177,8214.813118416248
35178,7417.754359975239
35179,6177.280237976965
35180,8526.858785741142
35181,6661.850088615106
35182,7948.167263670159
35183,7882.529687758567
35184,6616.8671931304725
35185,7870.485696049617
35186,7480.388048087763
35187,7071.062396581774
35188,7297.57885700383
35189,6890.737244927803
35190,6684.976584706552
35191,6307.891461648062
35192,6808.358430904613
35193,7166.720060841726
35194,6080.377664556029
35195,5482.875909280479
35196,6712.317375470608
35197,6417.139331912873
35198,6610.263786348503
35199,8080.880318640743
35200,7052.871266476074
35201,7162.9122110449425
35202,6392.237655746338
35203,6216.16850479557
35204,6841.791765618661
35205,8394.042662704944
35206,8079.6266160165305
35207,8478.953116735338
35208,8229.251543169175
35209,6674.891470204385
35210,8816.786712149975
35211,7274.452756936038
35212,7475.529149892454
35213,8733.750762581241
35214,7009.230226689409
35215,8265.57666578722
35216,8531.069609500712
35217,7721.512002113588
35218,7219.348196542379
35219,7594.033318805984
35220,7802.180752019607
35221,6464.962156863604
35222,6111.022015385831
35223,6583.496305293948
35224,7320.149638972726
35225,7128.104160476599
35226,5646.939864464446
35227,7525.8514759947675
35228,7391.662406221233
35229,6482.782844146906
35230,7512.807877958092
35231,6613.779320400343
35232,8042.499428667874
35233,7344.598513895361
35234,6781.250757645759
35235,6690.888307821711
35236,7136.121147908145
35237,8170.247666834516
35238,5342.897676681852
35239,7164.55565125859
35240,6226.415209391577
35241,8499.220960857308
35242,7105.646760411213
35243,7009.645899793632
35244,9123.680241770417
35245,6855.486613192131
35246,6231.435394401961
35247,11402.62276060565
35248,7717.376014370233
35249,7266.228760629276
35250,7185.156356998882
35251,6350.859954722796
35252,7942.410397111337
35253,6023.901626783913
35254,6833.577889910094
35255,7809.17244763732
35256,6193.067547892865
35257,5547.210510484561
35258,6944.327005025901
35259,8366.698042716638
35260,8687.003173106781
35261,7054.618233514846
35262,7139.247851378912
35263,6990.6489154229
35264,6672.385532721086
35265,5361.940773613302
35266,6344.225143314678
35267,7105.626288770347
35268,6530.696866967307
35269,7354.191876399063
35270,6974.279204256099
35271,8159.740004570627
35272,9185.589064363794
35273,8068.745201446401
35274,7205.448745541208
35275,8009.930702463418
35276,8696.322393502569
35277,7093.926622091186
35278,8255.249739218043
35279,7470.658015264878
35280,7845.747627980285
35281,6174.823272669803
35282,6667.247306407033
35283,6254.195902795753
35284,8330.363778507732
35285,7587.392506065952
35286,9322.97194676806
35287,8021.625704556007
35288,6627.773180945809
35289,7248.703379140532
35290,15067.363528793243
35291,11343.06995866746
35292,7579.246153037536
35293,4927.04740130608
35294,7598.130758273031
35295,9606.021947990781
35296,5973.38796178391
35297,11749.316557214835
35298,14292.539066404102
35299,5811.9021149361815
35300,6431.485169723054
35301,7765.951723132006
35302,6200.15831245024
35303,9828.583259507794
35304,6994.046147594609
35305,7908.794062586838
35306,5140.477155186897
35307,7368.741285667552
35308,8462.703957060141
35309,7690.824840471301
35310,7986.661265320679
35311,6812.183862243368
35312,7770.07898879132
35313,7348.897242147066
35314,6621.6146728256645
35315,6906.454750398862
35316,7832.303587631507
35317,6900.462129775273
35318,6671.047166073012
35319,7680.679503452996
35320,6789.562427105533
35321,5909.255857937284
35322,7296.197530353752
35323,6747.444709413363
35324,7994.247004565634
35325,7328.934930059024
35326,7688.536827491984
35327,6610.1215016293145
35328,6110.077299648258
35329,7054.781248559248
35330,7661.06531407749
35331,6328.620959065882
35332,6694.074152725906
35333,7492.672169342331
35334,7585.933921982539
35335,8034.31889490342
35336,7522.515818543849
35337,7710.758717416024
35338,5772.661176503067
35339,6046.518715990702
35340,8974.189009222115
35341,6564.562844828507
35342,7405.6904714893635
35343,13348.76955417486
35344,7191.568775355693
35345,8314.479208425686
35346,5743.285599494089
35347,6066.128553028562
35348,6700.312018601617
35349,5897.816884345907
35350,6810.321609428725
35351,8800.665306583116
35352,6242.453374780367
35353,15497.37649053441
35354,12340.859633922732
35355,6478.890798134932
35356,8635.810334290358
35357,5978.6847114143375
35358,7816.985111354831
35359,7767.721827010692
35360,10970.931273928527
35361,7970.55195307246
35362,9129.792476720644
35363,6629.597985522936
35364,7816.985111354831
35365,5940.414528768219
35366,8446.705336030633
35367,7148.589732827374
35368,6543.4192550556545
35369,6984.85777632459
35370,6528.7991682723095
35371,8307.045610222558
35372,8854.081517230217
35373,6452.729184112849
35374,8490.371580375442
35375,7943.719212272488
35376,9267.527115838648
35377,5983.689850907834
35378,6641.713645192864
35379,7988.89992542204
35380,9130.140100882254
35381,7820.790530361316
35382,7849.480104165424
35383,7951.745539232958
35384,8559.901598707385
35385,6164.905152194961
35386,8781.097363940904
35387,7786.659836146832
35388,6273.12158858114
35389,13014.349016021646
35390,14417.999294347637
35391,7979.737231982086
35392,7389.820442963933
35393,9328.345898569973
35394,8963.804302835384
35395,9695.685113716907
35396,6209.931067800318
35397,7145.853369283954
35398,8059.737590941943
35399,8178.0186521754795
35400,5516.017291292222
35401,6615.374831627433
35402,6102.198764347229
35403,6585.619284643094
35404,7926.831218388191
35405,5595.1328065353
35406,6110.23899765933
35407,6831.203421120231
35408,6086.939833093037
35409,6230.9220528969845
35410,6144.614867817115
35411,7021.905217424518
35412,8658.380248830617
35413,8335.160385101508
35414,8572.491679760875
35415,6579.004152215791
35416,7753.981728275735
35417,9838.119828781657
35418,7851.246927531272
35419,6158.537621387413
35420,6913.370081667432
35421,8419.796559461021
35422,7053.272062871474
35423,7853.061448063586
35424,6605.235593675358
35425,6690.3770453463985
35426,8886.642860662596
35427,6828.42427729274
35428,6478.327031538574
35429,8351.204926787943
35430,8959.184575431418
35431,9754.44201032042
35432,6310.129600397802
35433,8826.587578200462
35434,5947.5752204024675
35435,6767.561150311444
35436,6905.849597634834
35437,6227.731411674962
35438,7850.207673152332
35439,6179.437843341615
35440,6818.654618259194
35441,7904.320629956898
35442,12178.36377298622
35443,8371.393443930168
35444,6737.260205846289
35445,7212.896659583304
35446,9123.41109945718
35447,8084.029704669645
35448,8840.197398129256
35449,6469.483829213396
35450,7266.26850358531
35451,7785.766278035233
35452,6401.438696131219
35453,7317.530464218619
35454,8175.122149522207
35455,7713.799391539343
35456,11913.506148756132
35457,8006.068031948861
35458,12311.947453355264
35459,7358.785040146659
35460,8331.691931920528
35461,5480.207581546261
35462,8046.472592170955
35463,7193.05084552088
35464,6714.2717788690015
35465,7860.541166373501
35466,6719.922921015085
35467,5916.15564107823
35468,7140.450589963276
35469,7630.312999246465
35470,7652.16144374393
35471,6759.009839959916
35472,6908.492209173488
35473,7663.028815783463
35474,7400.059405188119
35475,8412.568249560392
35476,7086.831946252183
35477,6229.744522605313
35478,6278.888759270996
35479,7076.574268789835
35480,10179.023287247714
35481,8015.023152522472
35482,6261.124608159619
35483,7173.153800395445
35484,8449.92779523584
35485,7827.305243541235
35486,7095.764710597621
35487,7921.640937106582
35488,6832.707247855511
35489,6350.848663404945
35490,7187.483427332647
35491,7747.115619775211
35492,6989.835962884414
35493,7427.866234320977
35494,7264.553246191508
35495,7103.866535948568
35496,6158.452555476994
35497,5867.069386720295
35498,7872.044334214871
35499,8157.240883538624
35500,8428.417871398782
35501,11483.068517987462
35502,8118.071834579505
35503,6899.1544636149165
35504,7704.54652248592
35505,9546.67713871562
35506,8233.353667825291
35507,7455.326300627124
35508,7679.445399998415
35509,7166.031989435785
35510,6442.857126146348
35511,6588.597860937603
35512,9465.757343406884
35513,7087.6869116828
35514,8035.763249754971
35515,6595.870725785245
35516,4994.116429803597
35517,11562.551135335414
35518,7155.898630557479
35519,6884.720200819067
35520,6553.422920491628
35521,6559.1247040524695
35522,7564.10892804737
35523,7353.500880024483
35524,6811.678983370326
35525,7205.7676387681195
35526,5757.560799325703
35527,5619.775890497343
35528,5964.6737863653525
35529,8471.681351702107
35530,13592.50747430956
35531,5963.671039861264
35532,6325.712109566524
35533,8130.527167175731
35534,5910.227263687616
35535,6506.033292548469
35536,6290.437146900443
35537,6282.375806729136
35538,7940.282756181569
35539,8500.819260809876
35540,5346.30325956152
35541,7573.398494122966
35542,6118.389625272309
35543,6192.033750415813
35544,7849.540305165373
35545,8443.109184702194
35546,9882.041022238102
35547,6988.8086252472385
35548,7178.316644664845
35549,6220.467973248625
35550,7426.540067686039
35551,11901.34430522387
35552,9109.335601999164
35553,7939.522337259926
35554,6058.890198102801
35555,6813.06579804933
35556,6150.958333284193
35557,6537.589516915852
35558,9360.754813372643
35559,6822.57678407795
35560,7272.731517968511
35561,8075.477262087292
35562,6462.128029766591
35563,6316.771335948879
35564,6763.012825438826
35565,7851.643032545495
35566,7452.996036570444
35567,6255.53277120466
35568,6579.647033753798
35569,8077.316145357191
35570,8207.38775379399
35571,8195.345023359192
35572,8084.475043841897
35573,6420.986856585366
35574,7905.2232032125485
35575,6385.060338892858
35576,5331.581844599038
35577,7139.712847130981
35578,8081.930294881275
35579,6883.28555233553
35580,8333.287280884113
35581,7459.367404825693
35582,7359.42710028526
35583,6383.735067979673
35584,6754.204159486572
35585,6985.570747876184
35586,6844.912361970156
35587,8264.301159621793
35588,7295.02097802912
35589,6404.331922322239
35590,9409.999139674588
35591,6537.510799778521
35592,5757.150466832748
35593,7932.213487752136
35594,8210.135982089347
35595,11203.191353658207
35596,6254.120421677555
35597,7284.011311713325
35598,6410.469106688037
35599,7797.013099117088
35600,7104.858946480065
35601,8227.589644073545
35602,5080.913948231954
35603,7127.612536362819
35604,7721.6265207381575
35605,6588.6592692955865
35606,5829.041618864307
35607,7996.560300801636
35608,7760.39719720254
35609,6796.81547405508
35610,8520.53145460725
35611,7455.006049027687
35612,8763.711357370721
35613,5796.897142748204
35614,7175.305949911198
35615,7003.685380851761
35616,7327.082504110478
35617,8199.916467552686
35618,5090.547618383152
35619,7906.556506781598
35620,7632.863839631847
35621,7451.379002385177
35622,6092.216287863813
35623,5304.742839214995
35624,6881.619852300455
35625,7140.635236478893
35626,8409.942361913312
35627,7500.927160062651
35628,6886.34632871841
35629,8670.804026649826
35630,7571.111752225232
35631,7172.828081138434
35632,8274.748974012498
35633,6248.499355015666
35634,8256.58805856887
35635,9727.324392338684
35636,7849.18071624635
35637,5893.73473880022
35638,6501.664214829749
35639,5885.606887958394
35640,4939.31822116048
35641,7981.989360496569
35642,7041.8004031077135
35643,8341.627876342864
35644,6308.5686414898855
35645,7375.686131200109
35646,7360.59456074154
35647,10078.637811411641
35648,5792.414944097363
35649,6491.7254854107705
35650,7593.844995320434
35651,8239.267400170307
35652,7751.975056040469
35653,7562.723757689836
35654,7613.1617213576965
35655,9717.978418388131
35656,7156.578030565558
35657,7972.42208101947
35658,7552.840634161299
35659,7159.475819605814
35660,6510.108469300233
35661,9080.77883966379
35662,8985.49378684055
35663,7191.912136532658
35664,12481.795605902324
35665,7220.798772909859
35666,6814.5013943656495
35667,6832.726712189282
35668,8641.007846655883
35669,8091.2511479386585
35670,7835.705923638671
35671,8044.09055926308
35672,8016.2994777689
35673,6860.564223868497
35674,7105.395120054464
35675,6357.078949019622
35676,6402.278836683161
35677,6806.866250488343
35678,6594.9820014368115
35679,5655.562057884931
35680,9039.26684212954
35681,16112.79594418724
35682,7542.716863210273
35683,6721.352463842755
35684,7647.049270421846
35685,5107.79363308868
35686,7199.903693130947
35687,4382.027307250456
35688,9250.481433721721
35689,7694.373222417743
35690,7606.312383562923
35691,11094.070223299088
35692,10596.16734125846
35693,7844.028685367619
35694,7557.167267780006
35695,5894.14663826789
35696,7377.902068108064
35697,7023.070249695209
35698,8631.227387811092
35699,5952.746476477591
35700,5078.874756165181
35701,6462.794731305647
35702,6400.428149430703
35703,6788.340717430803
35704,6631.406129021632
35705,6485.05231112719
35706,7874.387207285526
35707,8181.3015769391795
35708,7687.223562630804
35709,6348.82704913567
35710,6202.647867962901
35711,7890.207740688324
35712,5408.065527599786
35713,8520.349959544637
35714,6418.235851522541
35715,5830.658072116336
35716,8143.811934417822
35717,6792.059257471974
35718,5902.730202749169
35719,7258.163503146398
35720,7007.567968037856
35721,8916.318570189474
35722,8717.793767542622
35723,7204.370767202738
35724,6225.6221236231595
35725,6450.948372660818
35726,8097.943667021108
35727,7277.29906429549
35728,6465.434784816313
35729,7159.5611763519055
35730,9980.876167973907
35731,8373.298274687313
35732,7348.565110970825
35733,8116.2022133864575
35734,6393.496589244112
35735,8253.395341944723
35736,7139.002650012672
35737,9590.962919487585
35738,7416.9781884980175
35739,6559.433115909696
35740,5753.334771556091
35741,5168.329108829092
35742,7503.579863404258
35743,17243.874288975694
35744,5473.337758048041
35745,6039.164260806647
35746,9122.3900930109
35747,7985.042995732992
35748,8187.909911347485
35749,8011.611847183517
35750,6156.373446179617
35751,6704.267935231317
35752,6414.209713798216
35753,7737.458757022224
35754,6647.183199587029
35755,7027.906244837949
35756,7357.241203499473
35757,5475.159484532087
35758,7943.497687310454
35759,7600.871582179712
35760,5134.9875338275515
35761,7754.499217941806
35762,8427.721615794295
35763,5567.029631250671
35764,7884.0175613783595
35765,6380.353526073652
35766,6118.370643476442
35767,8365.32663529925
35768,7768.823149484201
35769,7957.575313797217
35770,6815.741800801805
35771,5980.7400281985765
35772,6888.611039530345
35773,4653.019758400503
35774,7771.773743113305
35775,6010.411255704543
35776,6449.034407377858
35777,6711.54278692313
35778,7766.956880118261
35779,6289.297794368941
35780,7372.6707044122195
35781,7450.6015646939795
35782,7652.255115609007
35783,6824.739270112208
35784,7623.8766546064635
35785,7092.576397278012
35786,8074.618831568432
35787,8017.878822658738
35788,8942.522495420246
35789,5910.454909146239
35790,7298.046971011755
35791,7963.354121432478
35792,5134.7772989747245
35793,9289.68076824054
35794,7162.279801780224
35795,8626.933938976734
35796,9698.710689153771
35797,9443.154599314765
35798,6005.78780163251
35799,9377.54325373628
35800,8908.717475735655
35801,8293.399354172801
35802,7828.054508942359
35803,7820.560276404783
35804,7490.7190336964295
35805,6613.888913280001
35806,6997.520378447129
35807,6793.522570835545
35808,6820.997644418687
35809,7580.839073706768
35810,6328.612001673836
35811,6329.103547832862
35812,7761.515697469847
35813,7062.7288442811705
35814,7580.665808399371
35815,7514.100295966222
35816,7385.292950869223
35817,6156.017940840111
35818,7942.6941366094525
35819,7482.032756171234
35820,6661.290011463885
35821,6853.950873911152
35822,7482.127674007904
35823,6953.356407634138
35824,6810.644999358694
35825,5344.3045606541655
35826,7477.215893176191
35827,7598.639368895678
35828,8215.4043368354
35829,7232.254767548049
35830,5182.097050612315
35831,6708.514671259059
35832,7819.363141740481
35833,6702.469258211286
35834,7760.7653537883825
35835,7613.001808003071
35836,6990.490341584327
35837,6283.57842591148
35838,5199.286170031547
35839,7216.595558944699
35840,7810.051810766553
35841,6816.758458173816
35842,8645.9456045283
35843,8543.364171256639
35844,6743.663359486901
35845,7765.668367790278
35846,5326.747301237875
35847,4420.922764063451
35848,7122.887806906387
35849,11179.477198628703
35850,7524.028058434574
35851,7269.548604518139
35852,5812.342425955586
35853,7164.445664571308
35854,9148.452835429469
35855,5975.996308718106
35856,7726.619421107723
35857,6117.661782515928
35858,4934.7241607991655
35859,6380.579090909254
35860,6746.458707634981
35861,6896.748604526916
35862,5867.574189643215
35863,7587.006272520077
35864,5361.759983278405
35865,7911.912293506511
35866,7117.794694365561
35867,7102.5968204984965
35868,7081.820464660674
35869,7802.4642396034205
35870,6750.564343898571
35871,6858.792402091678
35872,7890.405859483238
35873,7276.244130625962
35874,7464.371912748116
35875,4484.312598831773
35876,10686.274038135532
35877,7024.8741016280765
35878,6923.792566518263
35879,7886.101049980058
35880,9132.937090596815
35881,7884.975020770986
35882,7461.163054305719
35883,7089.045955354692
35884,9637.404305760405
35885,12909.237878400809
35886,6564.7886614142435
35887,7290.2524232722435
35888,6637.926406818106
35889,8307.534696346434
35890,7299.910407007927
35891,8485.076277713712
35892,8293.343068228034
35893,6517.614033293271
35894,5699.093343189725
35895,7023.842436452885
35896,8684.82349543156
35897,6562.857628014358
35898,6865.005553154175
35899,6131.567711804514
35900,7416.236414568589
35901,7776.35230698959
35902,6959.768284964135
35903,9147.53490937239
35904,6738.571411006753
35905,6740.400238860056
35906,7826.969260346368
35907,8351.068560855318
35908,8144.642059780817
35909,6925.994368847284
35910,8001.867725726123
35911,7534.342155408474
35912,7677.249042440354
35913,8681.214762630181
35914,6220.92359802424
35915,7983.162295354499
35916,7514.139918072555
35917,5836.85224531012
35918,8478.561333536207
35919,6906.37576337263
35920,7709.011000566311
35921,7531.3100790488625
35922,5580.433256262719
35923,5447.73561879955
35924,7430.283854127004
35925,9197.955587196551
35926,8883.838796019389
35927,5957.59841750103
35928,7359.5211656568235
35929,7467.233843424105
35930,7322.860988923053
35931,5934.783794864464
35932,9300.12278801282
35933,8300.08999210507
35934,11079.60858991023
35935,5640.813565215489
35936,6802.43792932688
35937,8926.785092776552
35938,8459.213464063663
35939,6240.076003744158
35940,9729.879482670334
35941,6873.27781352819
35942,5925.624048687002
35943,6352.065031247265
35944,5916.818789031433
35945,6116.221788175752
35946,6643.196050549851
35947,5948.350539072717
35948,5325.896990121074
35949,9956.902702181758
35950,7495.75179855209
35951,21390.128932223033
35952,7029.956760948778
35953,5650.942303486321
35954,7166.880795747518
35955,9466.222250995252
35956,6601.6086990572785
35957,7448.407093249577
35958,6335.627864728145
35959,7953.0258912486825
35960,8048.835596946836
35961,6248.125607266021
35962,6248.063455208114
35963,7390.0460522170315
35964,7951.064448279569
35965,7204.586001407571
35966,7500.760250096287
35967,7457.787626041637
35968,5883.7838460764615
35969,7002.84033153283
35970,9654.273288632328
35971,9778.761100370932
35972,10101.15319064805
35973,8008.136570099992
35974,5434.965826875634
35975,7545.401299893949
35976,5867.618208126949
35977,8320.804815497644
35978,8771.345444286138
35979,8524.414661147126
35980,6982.273813732489
35981,5873.7071950516865
35982,6301.654651265204
35983,6649.849154556907
35984,11030.809149229237
35985,7082.759370853508
35986,6046.769399477525
35987,6134.7298546278635
35988,7766.218712310654
35989,5919.160936024367
35990,7675.324069901736
35991,6183.760583480533
35992,7380.903308354526
35993,7389.482532188225
35994,6128.631161829082
35995,8251.835196838254
35996,6945.720229743173
35997,6142.50963200749
35998,6471.351129968637
35999,7428.305480294847
36000,11067.707298992558
36001,7197.683681141582
36002,8606.247692553288
36003,7491.802287919293
36004,8336.872115465461
36005,7941.596044634757
36006,8954.113916127868
36007,5801.20321694241
36008,6543.097195584739
36009,7803.542607006296
36010,6581.051500106729
36011,8922.881013144017
36012,7925.8442193089295
36013,6252.907214417976
36014,7315.953105287031
36015,7227.681963009699
36016,9737.596666112668
36017,5918.715093455476
36018,11583.188298967769
36019,5538.956354846387
36020,6890.7094358516815
36021,8276.507448161417
36022,6547.898524013984
36023,6870.5290238566595
36024,7313.677487318197
36025,7769.15504652097
36026,5606.1940076476985
36027,6101.512980774148
36028,7870.4145858139145
36029,7203.779496991955
36030,7497.572757795059
36031,5695.763730051711
36032,6808.603636855504
36033,8236.054602970178
36034,7419.517412767164
36035,6209.840148222273
36036,8372.556692229386
36037,6698.5322551771005
36038,7759.763461084372
36039,7739.360923628119
36040,6653.549359692467
36041,7777.644516466943
36042,7482.151100879689
36043,6913.742711187101
36044,7330.138767249138
36045,6942.086112982633
36046,6634.134792547036
36047,6180.402790210237
36048,6654.056337392857
36049,7203.402227403721
36050,5993.799549523999
36051,5419.685207981263
36052,6612.24980268082
36053,6276.326696158875
36054,6676.533168537938
36055,8117.562485202738
36056,7089.553433038069
36057,7179.341965329703
36058,6292.17008295655
36059,6267.5173728504
36060,6722.22632573881
36061,8426.602572950254
36062,8158.1250819093475
36063,8361.712020207246
36064,8074.949449657421
36065,6538.516758954018
36066,8675.974076395978
36067,7311.134923498033
36068,7529.5187161500735
36069,8592.938126827245
36070,6868.417590935412
36071,8267.339718579145
36072,8390.256973746715
36073,7580.69936635959
36074,7030.944393956592
36075,7595.7963715979095
36076,7647.8786585078515
36077,6516.311024918434
36078,6147.704181947825
36079,6478.624132963063
36080,7374.139205230345
36081,7093.423388842783
36082,5698.288732519276
36083,7562.533642556762
36084,7438.820896960108
36085,6536.7724104045255
36086,7371.995242204094
36087,6650.461486962337
36088,8086.078780790622
36089,7300.298342731234
36090,6835.240323903378
36091,6500.67184123731
36092,7190.110714165764
36093,8014.100114999
36094,5421.396142574669
36095,7197.115561503898
36096,6066.520279270167
36097,8305.160378464412
36098,7221.501957863552
36099,7060.994767848462
36100,8937.080901906347
36101,6933.985079084948
36102,6088.777300324203
36103,11446.202112728399
36104,7547.387437139103
36105,7073.815468334315
36106,7152.098814979428
36107,6103.295995271793
36108,7728.182580028652
36109,6116.102765904078
36110,6877.157242032842
36111,7863.162013894939
36112,6127.585962462979
36113,5293.430542979566
36114,6976.886915271209
36115,8133.828417640261
36116,8475.99645957845
36117,6969.229854139772
36118,7053.859472003838
36119,6785.253765410531
36120,6628.640294404457
36121,5398.622940175296
36122,6395.574011369507
36123,6898.192524567743
36124,6374.5493151317905
36125,7432.69034229188
36126,7010.961370818093
36127,8003.592452735111
36128,9013.360634704268
36129,7815.262468103783
36130,6984.170043338749
36131,8046.612869025413
36132,8579.230678961054
36133,7121.621431813842
36134,8333.748205110864
36135,7280.441548680476
36136,7655.531161395884
36137,6038.125045928595
36138,6745.74577229985
36139,6077.3548415389105
36140,8346.793532792493
36141,7383.0811974152975
36142,9161.185625544702
36143,7980.653018761319
36144,6420.339416743205
36145,7131.611664599015
36146,15110.942880915993
36147,11200.411864589702
36148,7622.825505160284
36149,4847.511329537579
36150,7345.7763890306815
36151,9618.261324959589
36152,6027.377528041529
36153,11655.598001741058
36154,14223.081164882842
36155,5743.779831303506
36156,6459.17997944571
36157,7534.876141153196
36158,6227.853122172896
36159,9799.847297359298
36160,7048.035713852228
36161,7927.864515074388
36162,4725.447899866389
36163,7122.151243096864
36164,8306.556405224623
36165,7709.895292958851
36166,7800.061925456612
36167,6604.750098040764
36168,7549.155766830958
36169,7385.579408709061
36170,6528.305690977564
36171,6943.136916960857
36172,7781.784491317255
36173,6749.301500484871
36174,6485.720884511121
36175,7707.067477833316
36176,6826.244593667528
36177,5987.754323830101
36178,7350.187096611371
36179,6784.1268759753575
36180,7808.920723003743
36181,7121.50116585642
36182,7700.77620446079
36183,6524.347244255451
36184,5845.013204075648
36185,7108.770814816867
36186,7697.747480639485
36187,6089.977363653586
36188,6721.768962448562
36189,7608.527366794669
36190,7468.842207441022
36191,8036.081947695346
36192,7538.945572828609
36193,7523.824009049463
36194,5809.343343065061
36195,6079.07862623601
36196,8947.107953655435
36197,6337.925187353328
36198,7449.269823612111
36199,13392.34890629761
36200,6977.340958273008
36201,8358.058560548436
36202,5567.484220508835
36203,6102.810719590557
36204,6751.660886656447
36205,5941.396236468655
36206,6826.751363713486
36207,8802.428359375042
36208,6050.040082485406
36209,15417.147392818393
36210,12388.01812466161
36211,6163.699168876873
36212,8553.021349164848
36213,5980.447764206263
36214,7836.055563842381
36215,7814.880317749567
36216,10755.032804531138
36217,7840.549131208928
36218,9173.371828843394
36219,6676.756476261811
36220,7836.055563842381
36221,5748.001236473257
36222,8427.454526968624
36223,7031.498018285857
36224,6571.11406477831
36225,6828.710224489074
36226,6284.4881763349385
36227,8295.423561694348
36228,8873.151969717768
36229,6260.315891817888
36230,8527.05374693744
36231,7787.571660436972
36232,9096.890951227917
36233,6016.249761153142
36234,6494.1701426227955
36235,7723.8358298494295
36236,9159.339010374002
36237,7574.003201896376
36238,7683.916467516717
36239,7674.309120508275
36240,8367.488306412426
36241,6008.757600359445
36242,8793.336740909712
36243,7788.422888938758
36244,6156.029874039623
36245,13051.031182583643
36246,14461.578646470387
36247,7794.410950420195
36248,7410.5042777767485
36249,9242.9575191949
36250,9000.486469397381
36251,9714.755566204458
36252,6288.4295336931345
36253,7182.535535845948
36254,7859.427477247823
36255,8060.926937633963
36256,5552.699457854216
36257,6627.614208596239
36258,5859.9380422146
36259,6613.31409436575
36260,7954.526028110847
36261,5611.562560820061
36262,6161.58786571416
36263,6675.055869284714
36264,6114.634642815693
36265,6137.613071048884
36266,5954.398401232714
36267,6944.4119704160885
36268,8502.2326969951
36269,8179.012833265991
36270,8556.361922663382
36271,6422.856600380274
36272,7653.836575329655
36273,9798.336013351991
36274,7867.676681816033
36275,6209.886489442243
36276,6788.9258649983585
36277,8234.078672043734
36278,7055.0351156634
36279,7720.696628921486
36280,6415.019127090957
36281,6768.8755112392155
36282,8898.882237631404
36283,6659.638267259862
36284,6176.624860038273
36285,8143.771162585343
36286,8803.0370235959
36287,9805.790878375252
36288,6342.68951064311
36289,8880.577144458086
36290,5998.924088457297
36291,6593.395766589309
36292,6700.454447622465
36293,6134.422429826862
36294,7808.746488158875
36295,6257.936309234432
36296,6936.573846670342
36297,8022.647212412663
36298,12137.997930052845
36299,8377.6680013444
36300,6773.9423724082835
36301,7214.65971237523
36302,9155.97100970249
36303,7883.846442256306
36304,8852.436775098064
36305,6303.403132824056
36306,7125.754186732212
36307,7864.26474392805
36308,6016.704145281915
36309,7343.918438598939
36310,8095.716956123149
36311,7715.562444331268
36312,11964.4145895169
36313,7805.884769535522
36314,12324.186830324072
36315,7194.967724264783
36316,8131.5086695071905
36317,5527.366072285136
36318,8093.63108290983
36319,7036.631493499411
36320,6459.354370144897
36321,7893.101076618809
36322,6540.352766867987
36323,5952.837807640224
36324,6916.608848279061
36325,7599.516540656135
36326,7643.33531919737
36327,6579.4396858128175
36328,6945.1743757354825
36329,7537.693182358333
36330,7183.225166052643
36331,8414.331302352319
36332,7138.180814307013
36333,5999.347710378354
36334,6078.705496857657
36335,7078.33732158176
36336,10257.521753140534
36337,7784.626340295513
36338,6339.623074052436
36339,7274.342296354948
36340,8384.446209805956
36341,7759.1829599085595
36342,7123.459520320277
36343,7940.711389594132
36344,6869.389414417506
36345,6106.537671467574
36346,7155.169477492503
36347,7514.528542374513
36348,7182.370912556366
36349,7460.426144566285
36350,6814.560587773489
36351,6903.683273535228
36352,6092.970970047109
36353,5654.780148731229
36354,7988.411089316645
36355,8189.800793783932
36356,8551.48003137823
36357,11431.076390315337
36358,7974.867681605396
36359,6931.714373860224
36360,7696.015383096171
36361,9563.106893000382
36362,8226.12936377788
36363,7342.61628694235
36364,7716.12756656041
36365,7074.255647470936
36366,6434.0310015997875
36367,6639.946728992433
36368,9517.106211461716
36369,6886.031355975292
36370,7992.018011438342
36371,6649.860292042864
36372,4949.033267120312
36373,11555.326831288003
36374,6905.8977368576825
36375,6652.133123418369
36376,6555.185973283554
36377,6345.551212530534
36378,7533.31246945704
36379,7506.746576250317
36380,6690.58231303693
36381,6975.370826541161
36382,5592.583647974531
36383,5698.27435639016
36384,6001.355952927347
36385,8278.15011159541
36386,15116.073452806537
36387,6015.019907916094
36388,6093.125032165826
36389,8142.766544144538
36390,5946.9094302496105
36391,6460.950129865184
36392,6057.850069499745
36393,6329.534297468011
36394,7631.230502199194
36395,8286.37918189525
36396,5397.652127616349
36397,7379.867254016268
36398,6169.738493327139
36399,6109.244765290303
36400,7709.458607743213
36401,8296.332082402358
36402,9894.28039920691
36403,7107.304520902367
36404,7225.47513540372
36405,6057.868254835116
36406,7330.8116350651435
36407,11944.92365734662
36408,8958.338095435298
36409,7720.424717616986
36410,6102.469550225549
36411,6586.367903378311
36412,6152.7213860761185
36413,6574.271683477847
36414,9647.888641226962
36415,6869.735274816825
36416,7134.3410723172965
36417,7938.96851399086
36418,6322.046332344431
36419,6353.4535025108735
36420,6841.511291331643
36421,7632.431360472356
36422,7274.1528980542935
36423,6246.7066466581
36424,6698.142929408926
36425,7850.618250686172
36426,8187.985023077148
36427,8112.556038233683
36428,7851.887966441199
36429,6457.66902314736
36430,7649.333126783073
36431,6376.289366935855
36432,5364.141754844346
36433,7292.9585433568145
36434,8101.000747368825
36435,6934.63442039036
36436,8048.655947935191
36437,7461.130457617618
36438,7314.343937601975
36439,6127.844991550197
36440,6790.886326048567
36441,6871.169482420465
36442,6825.509631253311
36443,8487.628892643113
36444,7173.924307695724
36445,6458.321488579858
36446,9633.326872695903
36447,6473.719852941965
36448,5629.539672533677
36449,8010.711953644953
36450,8089.0393117559515
36451,11250.349844397086
36452,6245.294297130995
36453,7303.081764200875
36454,6461.817974742867
36455,7844.171589855963
36456,6752.430051045736
36457,8210.25541624947
36458,5167.759770962014
36459,7045.409918687702
36460,7660.244557109465
36461,7010.152815002084
36462,5880.3904869191365
36463,7839.866690069767
36464,7761.374069896625
36465,6815.88592654263
36466,8632.196274743636
36467,7263.188889262992
36468,8607.017746638852
36469,5510.247266156938
36470,7211.988116473192
36471,6920.89639572625
36472,7563.899694889554
36473,8301.104963512189
36474,5127.229784945147
36475,7612.6403480294575
36476,7385.541583919709
36477,7327.358936433932
36478,6077.810764002146
36479,5260.997600898366
36480,6843.54088770054
36481,7131.809111932333
36482,8270.169457696848
36483,7379.830489729255
36484,6933.5048194572855
36485,8507.72812340458
36486,7618.270242964107
36487,7150.501954803741
36488,8233.776288217814
36489,6326.997820908483
36490,8300.16741069162
36491,9966.404963625226
36492,7699.347324354279
36493,5910.164493084981
36494,6476.960655557393
36495,5939.596454216013
36496,4986.476711899355
36497,8135.235056722404
36498,6895.023300807877
36499,8343.390929134788
36500,6289.165910773041
36501,7638.0697015154265
36502,7388.289370464196
36503,10122.217163534391
36504,5649.210791123254
36505,6233.433708829516
36506,7378.1111568005535
36507,8282.20044049009
36508,7426.999910396811
36509,7595.283667935143
36510,7614.924774149622
36511,9765.13690912701
36512,6999.884419833691
36513,7722.794189952819
36514,7416.331886064867
36515,7196.157986167808
36516,6299.536415527581
36517,8747.94946763152
36518,9039.483353098172
36519,7224.472046777966
36520,12817.515755581808
36521,7299.297238802676
36522,6787.176442289812
36523,6879.885202928157
36524,8301.483069745938
36525,7844.312852780901
36526,7599.167670306657
36527,7807.666358361264
36528,7766.385819109327
36529,6976.419421320836
36530,6859.206230940875
36531,6173.24889622881
36532,6438.961003245156
36533,6609.136189135577
36534,6586.155876890251
36535,5706.910925939761
36536,8985.928637158668
36537,16040.483283238613
36538,7544.4799160021985
36539,6753.912374088063
36540,7694.207761160721
36541,4901.04154189681
36542,6914.232274007795
36543,4414.587217495764
36544,9198.489306049598
36545,7457.5873237709775
36546,7638.872293808231
36547,11095.833276091014
36548,10143.442875386589
36549,7731.49001021209
36550,7611.156834037625
36551,6004.2656755636435
36552,7425.060558846939
36553,6946.765499996324
36554,8447.369358768861
36555,6032.666438907881
36556,5086.708967815984
36557,6541.2931971984635
36558,6469.882092452062
36559,6866.83918332362
36560,6538.510189309859
36561,6504.12276361474
36562,7771.124605549182
36563,8208.996386661836
36564,7538.962473987047
36565,6545.752145358058
36566,6110.530584421407
36567,7909.278193175874
36568,5444.747694161781
36569,8522.113012336564
36570,6589.4805157784895
36571,5814.867110881863
36572,8160.241688702583
36573,6783.387524692204
36574,5802.958377127171
36575,7282.372054611084
36576,6923.371286969389
36577,9069.564266415311
36578,8771.783333800244
36579,7160.422866886697
36580,6304.1205895159765
36581,6487.630539222812
36582,8176.442132913925
36583,7198.231011098519
36584,6373.31750127482
36585,7143.431419254411
36586,9898.087182848398
36587,8332.325588892627
36588,7381.125021216133
36589,8170.191779644077
36590,6471.995055136929
36591,8272.465794432272
36592,7158.955292130956
36593,9642.311787542418
36594,7309.432661559342
36595,6546.607664607712
36596,5854.523267515595
36597,5200.8890190744
36598,7554.928731459087
36599,14656.524017625135
36600,5510.019924610036
36601,5949.815386683287
36602,9056.908507581016
36603,7704.045177008631
36604,8231.489263470234
36605,7818.111099124006
36606,6139.175952201816
36607,6423.386998128354
36608,6376.153521030648
36609,7791.448323279843
36610,6683.865366149023
36611,7064.588411399944
36612,7267.892329376114
36613,5576.3479804915905
36614,7828.468381220654
36615,7330.947231774869
36616,4846.069112630164
36617,7756.262270733731
36618,8460.281526039606
36619,5618.378499305501
36620,7694.841346058474
36621,6277.9528708563685
36622,6006.914286712369
36623,8298.75003649369
36624,7627.3666569729185
36625,8043.342384870726
36626,6852.423967363799
36627,5891.391154075217
36628,6921.170949775653
36629,4503.401721738755
36630,7764.549439065891
36631,6057.569746443418
36632,6455.006426811686
36633,6748.224953485124
36634,7625.500387606979
36635,6432.302589659267
36636,7405.230614657527
36637,7324.897910447919
36638,7479.479341336452
36639,6852.434079834864
36640,7582.9039688117755
36641,7139.734888016887
36642,8121.777322307307
36643,8009.3476832689885
36644,8954.761872389054
36645,5592.8108359327925
36646,7324.434945392075
36647,7932.557662842148
36648,5213.2757648675415
36649,8802.44856686579
36650,7095.703202974663
36651,8674.092429715613
36652,9745.869179892648
36653,9486.733951437514
36654,6042.469968194505
36655,9294.75426861077
36656,8941.277385980966
36657,8175.14894452865
36658,7906.5529748351755
36659,7788.200943635137
36660,7154.118266673161
36661,6661.0474040188765
36662,7051.509944704748
36663,6830.204737397539
36664,6872.346512473517
36665,7463.2099180420155
36666,6356.306811396492
36667,6291.736898091768
36668,7604.830704511094
36669,7141.2273101739875
36670,7580.666923709609
36671,7474.316480536553
36672,7432.451441608098
36673,6306.496680633515
36674,7996.683702867072
36675,7474.808452123821
36676,6693.849921709193
36677,6932.4493398039685
36678,7440.922120688483
36679,6990.038574196133
36680,6790.1432184643
36681,5460.159758106504
36682,7396.95450256277
36683,7531.8674360400155
36684,8121.078803170629
36685,7264.814677793357
36686,5283.2855465718185
36687,6787.0131371518755
36688,7448.975318152866
36689,6756.458824468905
36690,7737.463470069843
36691,7455.496482098985
36692,7068.988807477144
36693,6053.826053785712
36694,5235.968336593542
36695,7175.390005625279
36696,7729.790420153133
36697,6863.73601325108
36698,8724.44407042112
36699,8555.603548225447
36700,6795.012227541731
36701,7650.319871282512
36702,5283.002062921246
36703,4536.77796151579
36704,7194.513479738525
36705,11226.635689367582
36706,7543.098510922124
36707,7295.936578898459
36708,5890.840891848403
36709,7192.140474293964
36710,9195.611326168348
36711,6015.053261322344
36712,7614.208128887594
36713,6108.835657969368
36714,4962.4743450996275
36715,6417.261257471248
36716,6797.807575689811
36717,6933.430771088911
36718,5904.256356205209
36719,7298.88468467804
36720,5413.108851333235
36721,7829.123308381
36722,7164.953185104436
36723,7031.889589591021
36724,7109.51527438333
36725,7677.51842508159
36726,6870.691482855712
36727,6937.290867984494
36728,7772.155449839084
36729,7319.8234827487095
36730,7358.103232388864
36731,4475.486474285213
36732,10645.301352340846
36733,6899.928287106246
36734,6777.738081033781
36735,7728.595724075972
36736,9048.148044914113
36737,7675.6142174593615
36738,7181.725459581024
36739,7140.394823409521
36740,9458.482637587074
36741,12836.92521745218
36742,6611.947152153119
36743,7252.196230504675
36744,6463.653670958194
36745,8319.774073315242
36746,7184.881100918126
36747,8497.31565468252
36748,8446.588764453869
36749,6260.112726308291
36750,5735.775509751719
36751,6872.069223630373
36752,8781.889735074377
36753,6599.5397945763525
36754,6684.417898955658
36755,6210.066177697331
36756,7304.780057804516
36757,7772.517821893419
36758,6867.991942999286
36759,9184.217075934388
36760,6686.579283334625
36761,6566.127503000143
36762,7632.536290295154
36763,8278.75589990669
36764,8036.308158568694
36765,6843.205383721774
36766,7850.897988894989
36767,7335.096353032601
36768,7670.024738392941
36769,8724.79411475293
36770,6272.27246607907
36771,8019.844461916494
36772,7333.196405779098
36773,5685.882508478986
36774,8377.745129818411
36775,6957.72463142746
36776,7669.227185136642
36777,7448.521093923352
36778,5592.672633231524
36779,5484.417785361545
36780,7336.2736241907505
36781,9251.945153454173
36782,8920.520962581384
36783,5806.628680669895
36784,7406.679656395698
36785,7514.392334162981
36786,7128.428018871838
36787,5962.478604587121
36788,9217.46931876714
36789,8319.160444592619
36790,11158.107055803051
36791,5403.492632337803
36792,6818.867683611641
36793,8960.899427128606
36794,8471.452841032471
36795,6318.574469636975
36796,9535.446512619119
36797,6924.6266815830195
36798,5789.560294352057
36799,6206.696617578846
36800,5816.002585313639
36801,6024.445446210902
36802,6694.544918604681
36803,5865.697069827034
36804,5362.5791566830685
36805,9972.497744014574
36806,7525.111182350858
36807,21073.063608503282
36808,6878.987024117643
36809,5610.695423120542
36810,7109.596055606707
36811,9439.79915912772
36812,6524.831291994211
36813,7442.265134272598
36814,6279.131590555629
36815,7927.7530752289
36816,8023.562780927054
36817,6172.498476050702
36818,6172.436323992795
36819,7312.994518351624
36820,7944.922489302589
36821,7179.3131853877885
36822,7425.133118880968
36823,7401.01722506678
36824,5808.156714861143
36825,6926.062924469762
36826,9608.719339721994
36827,9738.51422000515
36828,10174.638083652333
36829,7970.497026167939
36830,5508.450719879917
36831,7487.480623071344
36832,5791.99107691163
36833,8442.400178957123
36834,8694.293910420733
36835,8499.141845127342
36836,6942.026933366709
36837,5798.080063836367
36838,6226.027520049885
36839,6593.07875358205
36840,11005.536333209453
36841,6986.8511067476375
36842,5969.991992414459
36843,6059.102723412545
36844,7740.945896290873
36845,5878.914055658588
36846,7617.40339307913
36847,6106.983176417465
36848,7335.3493594441925
36849,7332.7121312133695
36850,6102.208069961551
36851,8174.7836629728445
36852,6900.166280832839
36853,6117.236815987708
36854,6414.854855796121
36855,7371.535079319991
36856,11029.279289092208
36857,7101.775417035712
36858,8727.843056012767
36859,7466.529471899511
36860,8280.101714490605
36861,7883.675367812152
36862,9076.812515164193
36863,5725.576085727092
36864,6664.692559044219
36865,7763.2957266405165
36866,6523.130823284123
36867,8864.960336321412
36868,7869.073818334074
36869,6196.410940245461
36870,7239.175698223963
36871,7152.05483179438
36872,9860.295265148996
36873,5862.21881928296
36874,11556.765207100238
36875,5463.329223631069
36876,6815.082304636363
36877,8236.260567795634
36878,6472.271392798665
36879,6794.901892641341
36880,7256.392747177385
36881,7711.234369698365
36882,5567.7659977473495
36883,6044.742579799292
36884,7793.637178750847
36885,7147.009096017099
36886,7421.945626579741
36887,5650.209781141378
36888,6752.107362682988
36889,8198.415059038127
36890,7413.375453790185
36891,6183.417056354741
36892,8295.505158363978
36893,6658.285374811321
36894,7701.8427842617675
36895,7662.309389762711
36896,6597.053085519952
36897,7740.00497253489
36898,7476.00914190271
36899,6838.115579971783
36900,7303.715675381607
36901,6901.839232616853
36902,6558.507661331718
36903,6104.775658994919
36904,6597.285936418
36905,7127.775096188402
36906,5918.172418308681
36907,5379.438327615484
36908,6555.479401705964
36909,6180.418432053006
36910,6651.260352518156
36911,8041.935353987419
36912,7013.92630182275
36913,7154.069149309922
36914,6235.399681981694
36915,6227.27049248462
36916,6711.158009123508
36917,8400.179481082725
36918,8127.925908251244
36919,8284.660486341834
36920,8017.028772834816
36921,6508.317585295913
36922,8618.053399573371
36923,7316.316000689467
36924,7517.661933566475
36925,8535.01745000464
36926,6838.218417277307
36927,8261.197759602166
36928,8313.205439881307
36929,7549.349916853736
36930,6973.023717133987
36931,7589.65441262093
36932,7570.827124642444
36933,6486.111851260329
36934,6117.5050082897205
36935,6453.351316943282
36936,7342.789755724491
36937,7063.2242151846785
36938,5668.089558861171
36939,7551.46532594146
36940,7408.621723302003
36941,6486.292103855869
36942,7340.64579269824
36943,6639.393170347035
36944,8207.674144250104
36945,7268.94889322538
36946,6784.760017354722
36947,6443.901440262453
36948,7158.76126465991
36949,7976.460571066947
36950,5391.196968916564
36951,7170.692469636367
36952,6036.321105612062
36953,8273.810928958559
36954,7191.302784205448
36955,7030.795594190357
36956,8880.310500931491
36957,6939.166156276382
36958,6050.349290423854
36959,11567.797476187876
36960,7516.037987633249
36961,6996.763934468907
36962,7157.279892170863
36963,6091.439212688195
36964,7670.2619032060475
36965,6065.622459355422
36966,6851.88442601306
36967,7831.812564389085
36968,6082.0320135526445
36969,5263.231369321461
36970,6950.463823403677
36971,8056.776883774854
36972,8425.516153029794
36973,6939.030680481667
36974,7023.660298345733
36975,6774.185448795229
36976,6603.3674783846745
36977,5403.8040173667305
36978,6400.755088560942
36979,6840.271847745138
36980,6297.497781266384
36981,7437.871419483315
36982,6999.893054202791
36983,7926.540918869703
36984,8974.932624803918
36985,7757.341791281178
36986,6907.118509473341
36987,8051.793946216847
36988,8547.881229455199
36989,7071.141125265185
36990,8303.549031452758
36991,7370.539327184876
36992,7745.628939900282
36993,5987.644739379938
36994,6715.546598641745
36995,6047.155667880806
36996,8468.388896251972
36997,7351.731747909444
36998,9253.527248789445
36999,7955.380202741537
37000,6362.4187399206
37001,7101.41249094091
37002,15232.538244375473
37003,11341.96719386649
37004,7597.552689140501
37005,4817.312155879475
37006,7268.724855165274
37007,9742.100533159406
37008,6195.50408463507
37009,11777.193365200535
37010,14228.262242074277
37011,5718.507015283724
37012,6408.6996728970535
37013,7523.807824537894
37014,6196.503672667042
37015,9990.628951597871
37016,7036.17893126863
37017,7901.441423206857
37018,4700.175083846608
37019,7091.952069438759
37020,8229.504871359213
37021,7683.472201091321
37022,7743.291524481756
37023,6518.673086136816
37024,7491.235090008353
37025,7355.380235050956
37026,6498.106517319459
37027,6932.068600345555
37028,7751.58531765915
37029,6719.102326826766
37030,6454.371435005267
37031,7675.718028327462
37032,6815.1762770522255
37033,5957.5551501719965
37034,7299.706790062714
37035,6773.058559360055
37036,7777.571273497889
37037,7063.580489033815
37038,7675.503388441008
37039,6497.92415238792
37040,5788.242803100792
37041,7096.914032233269
37042,7686.679164024183
37043,6033.206962678729
37044,6671.288655899905
37045,7578.328193136565
37046,7418.361900892365
37047,8010.809131675564
37048,7660.540936288089
37049,7492.474559543609
37050,5779.144169406956
37051,6052.655534368479
37052,8915.75850414958
37053,6307.726013695223
37054,7423.997007592329
37055,13513.94426975709
37056,6900.2894244076015
37057,8332.785744528652
37058,5517.003913960179
37059,6091.742402975254
37060,6721.461712998342
37061,5916.123420448873
37062,6801.478547693704
37063,8796.286400398061
37064,5972.988548619997
37065,15536.060243379889
37066,12393.199201853044
37067,6086.647635011465
37068,8527.748533145064
37069,5955.17494818648
37070,7809.63247197485
37071,7820.061394941002
37072,10716.604794630788
37073,7828.69234862533
37074,9148.09901282361
37075,6646.557302603706
37076,7809.63247197485
37077,5670.94970260785
37078,8415.597744385024
37079,6981.0177117372
37080,6520.633758229654
37081,6751.658690623666
37082,6259.2153603151555
37083,8385.521340198751
37084,8846.728877850235
37085,6183.26435795248
37086,8515.985430322136
37087,7729.650983614367
37088,9186.988729732322
37089,5970.695812242808
37090,6463.970968964691
37091,7686.196285917376
37092,9102.568609399146
37093,7516.082525073771
37094,7633.43616096806
37095,7617.538719533419
37096,8290.436772547015
37097,5931.706066494037
37098,8768.063924889928
37099,7782.280929961778
37100,6124.680424533769
37101,13163.59122906695
37102,14583.174009929868
37103,7763.061500914342
37104,7353.7338768018935
37105,9212.758345536793
37106,8989.418152782078
37107,9688.332474336925
37108,6258.23036003503
37109,7171.467219230646
37110,7801.506800425218
37111,8029.577488128109
37112,5541.631141238914
37113,6602.341392576458
37114,5803.167641239744
37115,6562.833787817093
37116,7923.176578604993
37117,5586.289744800278
37118,6131.388692056055
37119,6598.004335419308
37120,6064.154336267036
37121,6107.413897390779
37122,5897.628000257859
37123,7063.324820977586
37124,8444.312020172494
37125,8101.961299400582
37126,8677.95728612286
37127,6345.805066514868
37128,7595.91589850705
37129,9771.91292148446
37130,7842.403865796251
37131,6179.687315784138
37132,6732.155464023503
37133,8177.308271068879
37134,7048.893156686421
37135,7663.92622794663
37136,6505.116905595363
37137,6774.05658843065
37138,9022.721445831223
37139,6629.439093601757
37140,6138.196850137924
37141,8085.850485762738
37142,8745.116346773293
37143,9810.971955566683
37144,6316.266418775579
37145,8830.096837909427
37146,6004.105165648732
37147,6542.915460040652
37148,6689.3861310071625
37149,6104.223256168757
37150,7813.927565350309
37151,6227.737135576327
37152,7058.169210129822
37153,7996.224120545132
37154,12112.72511403306
37155,8327.187694795744
37156,6743.743198750179
37157,7189.386896355448
37158,9129.54791783496
37159,7825.925765433701
37160,8974.032138557543
37161,6226.351598958649
37162,7114.685870116909
37163,7834.065570269945
37164,5959.933744307058
37165,7312.568989093085
37166,8037.7962793005445
37167,7709.420485354289
37168,11937.991497649367
37169,7747.964092712917
37170,12445.78219378355
37171,7144.487417716126
37172,8073.587992684582
37173,5532.547149476571
37174,8098.812160101262
37175,7006.432319841306
37176,6382.302836279489
37177,7866.677984751278
37178,6483.582365893131
37179,5922.638633982119
37180,6859.838447304205
37181,7593.374581679155
37182,7613.136145539265
37183,6502.38815194741
37184,6994.26790649339
37185,7480.922781383477
37186,7132.744859503986
37187,8535.926665811798
37188,7107.981640648908
37189,5942.577309403498
37190,6001.653962992248
37191,7199.93268504124
37192,10227.322579482427
37193,7874.724118799914
37194,6309.423900394331
37195,7244.1431226968425
37196,8338.892260895622
37197,7733.910143888777
37198,7072.97921377162
37199,7914.288297726601
37200,6858.321097802203
37201,6081.264855447793
37202,7098.399076517647
37203,7437.477008509105
37204,7306.210120756186
37205,7434.003052698755
37206,6757.790186798633
37207,6846.912872560372
37208,6047.4170211367755
37209,5642.923366147631
37210,7911.359555451238
37211,8163.377701916401
37212,8493.559354555626
37213,11604.1293045472
37214,7916.947004782791
37215,6905.291281992693
37216,7669.59229122864
37217,9684.702256459863
37218,8199.706271910349
37219,7312.417113284245
37220,7705.059249945108
37221,7028.7016985606015
37222,6403.831827941683
37223,6645.1278061838675
37224,9486.90703780361
37225,6829.260955000436
37226,8113.613374897821
37227,6599.379985494207
37228,4954.214344311746
37229,11509.77288237767
37230,6828.846202992275
37231,6614.493579486315
37232,6549.044014306574
37233,6435.64899103494
37234,7527.17051048006
37235,7456.26626970166
37236,6660.383139378825
37237,7065.468605045563
37238,5562.384474316426
37239,5703.455433581595
37240,5990.287636312045
37241,8246.800662089556
37242,15237.668816266014
37243,5984.820734257989
37244,6016.073498300418
37245,8264.361907604016
37246,5916.710256591506
37247,6430.750956207079
37248,5980.798535634336
37249,6334.715374659445
37250,7601.031328541088
37251,8209.327648029843
37252,5367.4529539582445
37253,7348.517804510414
37254,6139.539319669034
37255,6083.971949270521
37256,7678.109158237359
37257,8264.982632896503
37258,10015.875762666388
37259,7075.955071396513
37260,7230.656212595154
37261,6027.669081177011
37262,7420.90941356955
37263,12066.519020806101
37264,8901.567694460442
37265,7662.504040794381
37266,6077.196734205768
37267,6509.316369512902
37268,6127.448570056336
37269,6563.2033668625445
37270,9561.257591092179
37271,6839.53610115872
37272,7104.141898659192
37273,7900.540504090511
37274,6271.566025795774
37275,6323.254328852769
37276,6811.3121176735385
37277,7601.081910966502
37278,7223.672591505637
37279,6251.887723849534
37280,6647.662622860269
37281,7793.8478497113165
37282,8193.166100268583
37283,8087.2832222139
37284,7793.967289618594
37285,6427.4698494892555
37286,7572.281592917665
37287,6381.470444127289
37288,5337.718662976815
37289,7242.478236808158
37290,8074.5776555012935
37291,6904.435246732255
37292,7990.735271112584
37293,7454.988498640639
37294,7284.14476394387
37295,6071.074590575341
37296,6779.818009433265
37297,6820.689175871808
37298,6795.310457595207
37299,8410.577358777704
37300,7142.57485818987
37301,6426.972039074004
37302,9575.406195873298
37303,6448.447036922182
37304,5572.769271558821
37305,7980.512779986847
37306,8038.559005207295
37307,11369.262694958581
37308,6250.475374322429
37309,7276.658672333344
37310,6431.618801084762
37311,7849.3526670473975
37312,6675.378517180328
37313,8153.485015274615
37314,5137.560597303909
37315,7137.751541932448
37316,7603.474156134608
37317,7015.333892193518
37318,5850.191313261032
37319,7802.227146137715
37320,7899.468796021356
37321,6789.462834675099
37322,8751.10912530513
37323,7206.418488288136
37324,8569.3782027068
37325,5498.39048357334
37326,7181.7889428150875
37327,6895.623579706469
37328,7525.471684989205
37329,8270.905789854085
37330,5097.030611287042
37331,7734.235711488932
37332,7355.342410261604
37333,7297.159762775827
37334,6047.611590344041
37335,5235.724784878584
37336,6786.770486725684
37337,7101.609938274228
37338,8232.529913764794
37339,7348.481040223402
37340,6938.68589664872
37341,8450.957722429723
37342,7623.451320155546
37343,7120.302781145636
37344,8208.503472198032
37345,6296.798647250378
37346,8421.762774151099
37347,9915.924657076568
37348,7669.1481506961745
37349,5884.891677065198
37350,6446.761481899288
37351,5889.116147667355
37352,4991.65778909079
37353,8084.754750173746
37354,6844.542994259221
37355,8337.248970157809
37356,6258.966737114936
37357,7806.196258108967
37358,7337.809063915539
37359,10096.944347514607
37360,5572.1592572578475
37361,6203.234535171411
37362,7321.340755825698
37363,8318.793694533066
37364,7349.9483765314035
37365,7588.353242989869
37366,7589.65195812984
37367,9770.317986318443
37368,6922.832885968284
37369,7664.873513130214
37370,7270.534444629721
37371,7185.089669552506
37372,6249.056108978924
37373,8690.028790808916
37374,9027.62657051457
37375,7198.048954910435
37376,12939.111119041287
37377,7269.098065144571
37378,6730.406041314956
37379,6849.686029270052
37380,8243.562392923335
37381,7787.542451806045
37382,7567.818220800803
37383,7749.7456815386595
37384,7708.465142286722
37385,6946.220247662731
37386,6782.154697075466
37387,6143.049722570705
37388,6408.761829587051
37389,6558.655882586921
37390,6591.336954081686
37391,5676.711752281656
37392,8929.158236183812
37393,16164.322491438432
37394,7538.337957025219
37395,6727.489282220532
37396,7664.008587502616
37397,4844.271140921955
37398,6805.046387921351
37399,4407.656792550489
37400,9371.54222028146
37401,7399.6666469483725
37402,7612.4492019407
37403,11089.691317114035
37404,10118.170059366805
37405,7853.085373671572
37406,7579.807384531772
37407,6094.36345406805
37408,7430.241636038373
37409,7068.360863455804
37410,8370.317824903454
37411,6002.467265249776
37412,5009.657433950575
37413,6511.094023540359
37414,6392.830558586655
37415,6836.640009665515
37416,6481.739788335002
37417,6477.699671747208
37418,7713.203928726577
37419,8177.646937155983
37420,7527.105691403449
37421,6534.683828742756
37422,6080.331410763302
37423,7882.8551013083425
37424,5414.548520503676
37425,8515.971053359584
37426,6578.412199163187
37427,5732.252452112169
37428,8134.968872682801
37429,6753.1883510340995
37430,5746.187976152314
37431,7270.515272027486
37432,6893.172113311285
37433,9038.214816909456
37434,8740.433884294389
37435,7102.502190064092
37436,6309.301666707411
37437,6492.811616414247
37438,8146.24295925582
37439,7288.328789602923
37440,6343.118327616715
37441,7265.026782713888
37442,9872.814366828612
37443,8307.052772872845
37444,7354.701929348602
37445,8138.842330138223
37446,6441.795881478824
37447,8246.04270256474
37448,7164.13636932239
37449,9647.49286473385
37450,7258.952355010685
37451,6489.837263632856
37452,5824.32409385749
37453,5174.4659272068675
37454,7560.109808650522
37455,14746.621796129542
37456,5479.820750951931
37457,5899.3350801346305
37458,9011.35455867068
37459,7647.274776033776
37460,8206.216447450453
37461,7760.190422301401
37462,6108.976778543711
37463,6366.616597153498
37464,6345.954347372543
37465,7760.098873773989
37466,6653.666192490919
37467,7053.5200947846415
37468,7217.412022827457
37469,5546.148806833486
37470,7797.118931714799
37471,7273.026554952265
37472,4789.298711655308
37473,7730.989454713949
37474,8433.85843417207
37475,5588.179325647396
37476,7657.201802126421
37477,6227.472564307712
37478,5948.993609889763
37479,8241.979635518834
37480,7569.4459801503135
37481,7997.788435960392
37482,6841.355650748497
37483,5840.91084752656
37484,6894.747857908122
37485,4397.881348218903
37486,7738.12634719836
37487,6027.370572785313
37488,6460.18750400312
37489,6737.156636869822
37490,7567.579710784374
37491,6437.483666850701
37492,7378.807522789996
37493,7493.0244670414595
37494,7428.999034787796
37495,6801.953773286207
37496,7557.631152791994
37497,7109.535714358783
37498,8126.9583994987415
37499,7982.924591401457
37500,9076.357235848533
37501,5536.040434957938
37502,7273.954638843418
37503,7926.4157038651665
37504,5104.279994698044
37505,8744.527890043184
37506,7038.932801999807
37507,8679.273506907046
37508,9751.050257084084
37509,9608.329314896995
37510,6012.2707945364
37511,9269.481452590986
37512,8914.854294113433
37513,8137.509400596597
37514,7911.73405202661
37515,7731.430542660281
37516,7097.347865698305
37517,6666.228481210311
37518,7020.160495198894
37519,6800.005563739434
37520,6842.147338815412
37521,7452.141601426713
37522,6305.826504847835
37523,6261.537724433663
37524,7527.7791706456865
37525,7146.408387365422
37526,7523.896522734755
37527,7447.893388669022
37528,7437.632518799533
37529,6281.223864613733
37530,8164.8102594606125
37531,7429.254503213487
37532,6667.426829841663
37533,6937.630416995403
37534,7410.722947030378
37535,6978.970257580831
37536,6795.324295655734
37537,5429.9605844483995
37538,7319.902968697363
37539,7473.9467592174105
37540,8126.259880362059
37541,7238.391585925826
37542,5253.086372913714
37543,6756.813963493771
37544,7570.570681612341
37545,6725.109374963051
37546,7680.693069094988
37547,7397.57580527638
37548,7038.789633819039
37549,5997.055652810857
37550,5205.769162935437
37551,7124.909699076622
37552,7671.869743330528
37553,6868.917090442515
37554,8694.244896763015
37555,8677.198911684925
37556,6800.193304733165
37557,7625.04705526273
37558,5257.729246901463
37559,4506.578787857685
37560,7137.7430787636695
37561,11196.436515709474
37562,7497.54456201179
37563,7264.587129392605
37564,5860.641718190298
37565,7160.79102478811
37566,9314.524176729843
37567,5984.854087664239
37568,7557.437727912738
37569,6078.636484311263
37570,4967.655422291062
37571,6387.0620838131435
37572,6802.988652881245
37573,6922.3624544736085
37574,5874.057182547104
37575,7221.833150812632
37576,5382.90967767513
37577,7803.850492361218
37578,7134.754011446331
37579,6975.119188616165
37580,7078.165824877476
37581,7619.597748258985
37582,7063.311468714287
37583,6907.09169432639
37584,7695.1039159736765
37585,7294.550666728927
37586,7281.051698523456
37587,4445.287300627108
37588,10620.028536321062
37589,6822.876753240838
37590,6720.967680058925
37591,7671.825323101116
37592,9084.741298957088
37593,7797.209580918841
37594,7144.0859156489705
37595,7145.575900600956
37596,9428.283463928969
37597,12811.652401432397
37598,6581.747978495014
37599,7257.37730769611
37600,6386.602137092787
37601,8441.369436774721
37602,7153.531651412272
37603,8621.154862882337
37604,8396.108457905211
37605,6229.913552650186
37606,5705.576336093614
37607,6841.870049972268
37608,8755.466643206844
37609,6569.340620918248
37610,6627.647497980802
37611,6179.867004039226
37612,7227.7285239391085
37613,7742.318648235314
37614,6822.437994088953
37615,9189.398153125821
37616,6641.02533442429
37617,6489.075969134736
37618,7594.896746363101
37619,8253.483083886906
37620,8025.239841953392
37621,6817.932567701992
37622,7792.977312072384
37623,7304.897179374495
37624,7643.60164652541
37625,8846.38947821241
37626,6242.073292420965
37627,8008.776145301193
37628,7275.275728956493
37629,5608.830974613579
37630,8467.842908322817
37631,6927.525457769355
37632,7623.673236226308
37633,7423.24827790357
37634,5716.511841431345
37635,5454.21861170344
37636,7279.503223215895
37637,9420.07171004771
37638,8890.321788923278
37639,5729.577146804489
37640,7376.480482737593
37641,7484.193160504876
37642,7090.788474939785
37643,5911.998298038464
37644,9357.605203641693
37645,8464.222687105497
37646,11127.907882144946
37647,5373.293458679698
37648,6793.594867591859
37649,9082.494790588085
37650,8446.180025012687
37651,6288.37529597887
37652,9649.01117017692
37653,6932.6837538575155
37654,5732.789893377202
37655,6176.497443920741
37656,5759.232184338783
37657,5978.8914973005685
37658,6664.345744946576
37659,5835.497896168929
37660,5332.379983024964
37661,10020.289067037598
37662,7627.866969382353
37663,21194.65897196276
37664,6801.9354902522355
37665,6299.691069901492
37666,8139.989091408317
37667,10283.583157470532
37668,7552.03339109018
37669,7955.019120069707
37670,7140.0794194021855
37671,8573.820244317127
37672,8145.240680614336
37673,5791.5458195027495
37674,6621.63108129765
37675,7392.824008453855
37676,8639.440008521902
37677,7395.883540491349
37678,8042.9905457918985
37679,7631.64071976194
37680,6431.226443754518
37681,7453.436231900092
37682,9758.869348696928
37683,10276.101243348627
37684,11158.672494445562
37685,8721.866003939731
37686,6770.218805390125
37687,7857.421040516879
37688,6385.73074393006
37689,9410.778733504698
37690,8833.816807751653
37691,8988.13689397314
37692,7483.236767526722
37693,7045.562478095186
37694,6253.110600049322
37695,6514.480157131464
37696,11552.08581319527
37697,7673.332594684727
37698,6847.006357510248
37699,6521.639720483894
37700,8548.626680565962
37701,6562.7273818542935
37702,8030.209097177538
37703,6805.770602539675
37704,7373.507563667341
37705,7800.866095450096
37706,6414.865636017729
37707,8147.2223151511
37708,7203.399514080339
37709,6965.434501046314
37710,7435.086363964389
37711,7558.1205193312
37712,10981.103202250884
37713,7791.348492228896
37714,9653.826014086413
37715,8405.570897158874
37716,8356.298397720158
37717,8488.54751302586
37718,10101.739491469098
37719,6442.068722232518
37720,7731.53418236526
37721,9565.000704918026
37722,7137.990634446628
37723,9277.766040419816
37724,8233.113976000044
37725,7216.642448413729
37726,8103.491244346406
37727,7777.661241032863
37728,11331.646414807647
37729,6735.81880367939
37730,12516.087501712605
37731,5833.774565280816
37732,7628.35338500308
37733,9764.596553327487
37734,6834.675916085862
37735,7295.1661853578125
37736,8138.688796074538
37737,8364.68000632873
37738,6473.746603449366
37739,6444.304201439654
37740,8657.95272487329
37741,7448.328057678608
37742,8527.949277554728
37743,6149.370225730489
37744,7662.010284420213
37745,8670.411180030884
37746,7894.539896155032
37747,6499.745165754008
37748,8601.44554634687
37749,7582.024823278229
37750,7976.390094512593
37751,7953.100510886494
37752,7506.956007257177
37753,8212.001093527648
37754,8042.506298034573
37755,7548.681053753849
37756,7805.575461072224
37757,7794.374034814785
37758,6839.4559623839505
37759,6602.292390924472
37760,7237.145650266757
37761,7919.815064003333
37762,6340.489151878035
37763,6045.978131600399
37764,7056.912588679889
37765,6615.0449778305865
37766,7371.400755416605
37767,8781.97253723654
37768,7442.13947360402
37769,7540.826529150079
37770,6766.870800716375
37771,6916.815729314646
37772,7425.97773655114
37773,9161.52232807085
37774,9220.41464797583
37775,8705.591142362418
37776,8687.306361809477
37777,6880.572898062276
37778,9181.75555477129
37779,8356.115946221742
37780,8361.105854613952
37781,9188.463086635005
37782,7408.425671225422
37783,8904.558470764008
37784,8648.28808353093
37785,8046.956291544327
37786,7294.520472636423
37787,8233.015123782769
37788,7715.054100103602
37789,7208.336398400076
37790,6775.77403436911
37791,7590.35904198395
37792,8318.299487950255
37793,7578.553583223594
37794,6109.79015406324
37795,8577.428744744051
37796,8611.800652486329
37797,7180.144247084783
37798,8139.555895059731
37799,7665.356589149625
37800,9096.805723258774
37801,7982.265418122109
37802,7226.460612556791
37803,6343.862932873697
37804,8134.270996885675
37805,8727.829548838743
37806,6100.449471190321
37807,7932.035316624496
37808,6443.620209455487
37809,8771.417303649145
37810,7789.151722003855
37811,7770.832777439467
37812,9080.676499859948
37813,7882.554227901499
37814,7098.573405379021
37815,12997.767938540019
37816,8062.275248205537
37817,7204.790298929953
37818,8104.957215587176
37819,6656.007740692089
37820,7902.776725815821
37821,6613.017710577005
37822,8080.980759587556
37823,8807.322296614855
37824,6704.339230691668
37825,5753.738352633555
37826,7576.992582221215
37827,8308.2775622704
37828,8779.135666766397
37829,7291.15930139457
37830,7944.168330001956
37831,7623.549237733543
37832,6640.091096614206
37833,5976.054391675161
37834,7395.381857228869
37835,7419.33182209296
37836,6865.611021234854
37837,8540.116792093899
37838,8025.85647300538
37839,8084.517511657315
37840,8820.986389566877
37841,8353.233717973304
37842,7041.704090415269
37843,9091.59389174912
37844,9493.288164374775
37845,7853.087511565324
37846,9841.309750263748
37847,8018.332867387437
37848,8322.55381726472
37849,6331.043422079784
37850,7686.228418916374
37851,6437.434950237178
37852,9405.984950982665
37853,7891.696587150084
37854,10262.020851632291
37855,8638.182716495521
37856,6941.478714268421
37857,7854.408768808803
37858,16380.738773107023
37859,12121.904561984658
37860,8776.56870439258
37861,4380.851880354354
37862,7348.554345267505
37863,10979.805276082852
37864,7389.135036250225
37865,13999.05028029187
37866,16088.219136753458
37867,6341.15890401734
37868,7081.767495196201
37869,8042.376447517213
37870,7120.594463525027
37871,11398.040585885756
37872,7862.616776507359
37873,8679.616222539284
37874,5425.502539470944
37875,7761.173637446907
37876,8624.284754006003
37877,8261.15943842704
37878,8664.190962612081
37879,7009.695002545951
37880,7920.87274645106
37881,8477.937281254062
37882,7145.218109491775
37883,7958.032019148144
37884,8343.116581325456
37885,6912.036317025682
37886,7076.379011306024
37887,8300.973051850982
37888,7490.884987152568
37889,6915.951809824388
37890,8065.492182362386
37891,7753.8488012983
37892,8185.806266556716
37893,7627.282644231736
37894,8765.228882375204
37895,6865.008475950703
37896,5789.720482992077
37897,7987.307398532355
37898,8453.028042317257
37899,6161.4196595848825
37900,7346.804953898442
37901,8211.141864558624
37902,8119.994620927994
37903,8649.316335596632
37904,8440.401638195199
37905,7900.709552602436
37906,6390.189634551658
37907,6314.312131148792
37908,9323.993497208405
37909,6524.718793687098
37910,8111.179460496976
37911,15069.919547695821
37912,7188.328259961712
37913,9161.77783596832
37914,5846.893656760717
37915,7026.044931036713
37916,7228.785478431704
37917,6664.535336482988
37918,7524.6292057354785
37919,8906.992604663785
37920,5980.952341725092
37921,17198.47605017342
37922,13005.845400669594
37923,6675.026289745533
37924,8740.85186818054
37925,6303.28918301196
37926,8617.936889284949
37927,9012.986432887928
37928,11936.465024860161
37929,8315.351418703465
37930,9791.203040895934
37931,7740.209824686486
37932,8617.936889284949
37933,6067.2673847691885
37934,9338.834381069653
37935,7307.83008182525
37936,7080.712868402388
37937,7376.625206620612
37938,7563.198119178733
37939,9010.140107702353
37940,9568.563968079468
37941,6858.887826085663
37942,9379.282144357845
37943,8511.149579363835
37944,10862.447458813916
37945,6626.381346883953
37946,7073.678702222058
37947,8130.109754725285
37948,9269.404967788538
37949,8083.891799581045
37950,8094.778260665778
37951,8039.384329143624
37952,8650.439124467195
37953,6608.155009363023
37954,9659.4689763346
37955,8397.558988938768
37956,7019.125588633885
37957,13568.483423804646
37958,15480.43522917482
37959,8120.174034994316
37960,7540.42109404976
37961,10233.062187472953
37962,9764.442262098064
37963,10022.541605849641
37964,6783.724914291003
37965,8231.338415948323
37966,8182.046755964345
37967,8927.800812165642
37968,6452.680264760377
37969,7740.755409475681
37970,6398.436810435293
37971,7089.881619981296
37972,8512.505598380929
37973,5972.888670750579
37974,6682.345706385133
37975,6875.370733195889
37976,6539.202309361959
37977,6719.50610276489
37978,6128.254334674824
37979,8188.900471762465
37980,9148.497387062245
37981,8725.462710302709
37982,9584.232730194475
37983,6771.669862929542
37984,7979.547441302278
37985,10535.521789248227
37986,8475.90089515496
37987,6730.644330113216
37988,7069.50128320367
37989,8672.990311972764
37990,7722.514045685089
37991,7817.36756693337
37992,7178.295744071417
37993,7993.314297313402
37994,10053.501102520164
37995,7138.494940209447
37996,6709.024458949691
37997,8452.650076213667
37998,9391.931414211333
37999,10606.167211818758
38000,6956.376566449179
38001,9549.876116561622
38002,6974.057732034651
38003,7054.147917483117
38004,7580.692842169806
38005,6585.197056448311
38006,9033.185274233061
38007,6878.2864324368875
38008,8276.792069122812
38009,8593.578718059493
38010,13857.24353325496
38011,8629.500661793038
38012,7356.006111182089
38013,7324.893506041396
38014,9928.133889019833
38015,8209.557308228928
38016,10261.943311073292
38017,6485.071496570525
38018,7859.495748721467
38019,9126.003606278655
38020,6332.7313774441
38021,8183.524810985093
38022,8361.730583098595
38023,8306.775082868646
38024,13023.799113224235
38025,8131.595635508146
38026,13733.6933662993
38027,7772.925068095041
38028,8260.096701646879
38029,6610.850052682243
38030,9004.288530172364
38031,7445.987276132302
38032,6947.097888426616
38033,8447.200629921339
38034,7214.579653216041
38035,6383.975208979497
38036,7312.561897090542
38037,8356.983449442929
38038,8216.898120839765
38039,7098.883821606915
38040,7700.480348181181
38041,7312.286182933921
38042,7698.77233442986
38043,9071.518958305252
38044,8014.069294735412
38045,6445.763046726945
38046,6278.201384912841
38047,8304.425474827909
38048,12287.29238614768
38049,8258.527907023034
38050,7227.87572039296
38051,7614.382249594101
38052,8750.748932449811
38053,8139.31782461271
38054,7808.91948642428
38055,8587.909186725268
38056,7703.69435037528
38057,7011.128264794523
38058,7465.234422174895
38059,7544.109537821521
38060,8299.543572064647
38061,8090.791989353122
38062,7019.17373160563
38063,7162.384621887142
38064,6606.236827900752
38065,5926.463970111111
38066,7863.022677771796
38067,8960.550957966545
38068,8877.19089735085
38069,12588.624737798698
38070,8283.746595233717
38071,7562.080218647067
38072,8343.213180227302
38073,10320.883474055992
38074,8873.327160909013
38075,7848.647902646204
38076,8334.761846397963
38077,7667.564649353253
38078,6966.263004597634
38079,7531.095761380075
38080,9575.557585676488
38081,7442.565986894586
38082,8918.336625995567
38083,7021.049865375044
38084,5563.170695169352
38085,12290.506681482582
38086,6888.517044179149
38087,7038.3026127708445
38088,7222.664903305243
38089,7181.270056427081
38090,8290.779378243831
38091,8192.20654235432
38092,7022.4828819432105
38093,7482.717427699741
38094,6117.182793876205
38095,6922.713142464349
38096,6862.419064778569
38097,9123.395677677003
38098,17584.701603097576
38099,6534.951183333848
38100,6519.794335741488
38101,9441.103351554411
38102,6777.082368916021
38103,6783.544659737912
38104,6426.545051172017
38105,7498.454126232822
38106,8072.327170290264
38107,8311.651564536249
38108,5864.006395695482
38109,8306.204208894995
38110,6751.802232100944
38111,6927.525489761244
38112,8312.262662606856
38113,8995.51538504152
38114,11219.605418098789
38115,8061.765719366842
38116,8376.745903616942
38117,6315.816747393851
38118,8343.522310108969
38119,13287.097737889286
38120,8830.433913845065
38121,8146.137011044073
38122,7243.389581176619
38123,6611.993198177422
38124,6800.796310572023
38125,7192.9059633154075
38126,10292.676687361743
38127,7791.706944802633
38128,7576.808104022583
38129,7848.5589287952325
38130,6578.937188261077
38131,6831.521425890266
38132,7393.367239935549
38133,8235.235415336001
38134,7692.546584398052
38135,7137.8556790457405
38136,7059.640884716685
38137,7998.227469764946
38138,8882.040470577505
38139,8912.982389989287
38140,8416.827109061089
38141,7213.863808718739
38142,8358.926883295328
38143,7045.143263463259
38144,6000.414870009181
38145,7856.287321732524
38146,8671.932253015648
38147,7662.647547489327
38148,8488.10860645047
38149,8128.609387639301
38150,8025.568959896231
38151,6678.820222245598
38152,7651.949437899787
38153,7054.126223863817
38154,7157.410200159592
38155,8779.567780342419
38156,7745.998824924224
38157,7130.582656474285
38158,10257.963254312966
38159,7028.819647354013
38160,5673.631803966993
38161,9203.956641397002
38162,8288.89916309202
38163,12948.828070565132
38164,7327.061150222345
38165,8040.267540097114
38166,6946.050608587282
38167,9130.595646822045
38168,7003.653942933318
38169,8319.35078400834
38170,5388.393312271997
38171,7817.950992272163
38172,7780.4856420486785
38173,7658.758210696296
38174,6312.623261694272
38175,8511.304803531162
38176,9028.943065094429
38177,7386.8174321894585
38178,9878.305871336392
38179,7151.279628254398
38180,9112.201589850836
38181,5930.807858400556
38182,8021.920715169701
38183,7391.557935911838
38184,8521.465799668367
38185,8710.619668000221
38186,5671.468053512589
38187,8701.339370174575
38188,8134.68921000679
38189,8011.834072944304
38190,6735.236926614461
38191,5544.330009070471
38192,7434.493290765408
38193,7954.883725221196
38194,8996.178361001585
38195,7917.888482202645
38196,8187.9390209127705
38197,8791.223748763887
38198,8642.692993340374
38199,7882.425771020135
38200,8845.100424077891
38201,6911.22968297561
38202,9719.604108654325
38203,10726.642113226304
38204,8777.664883983802
38205,6335.810704500968
38206,6816.462130691594
38207,6474.275592311602
38208,6010.899462275627
38209,8731.500879922694
38210,7401.5794215350725
38211,8934.603567672166
38212,6434.435108225406
38213,8251.708543498364
38214,7922.968508559785
38215,11411.463533354068
38216,5891.57196583131
38217,6527.302760229545
38218,7874.367691405371
38219,9357.033567566179
38220,7609.219333016619
38221,8276.738357735907
38222,8306.744838498356
38223,11019.571110582501
38224,6966.38531845245
38225,8347.430571569877
38226,7754.167414879412
38227,7814.792266005366
38228,6579.6466390043925
38229,9190.493713402902
38230,10139.337970739429
38231,7784.273670457622
38232,14046.584494041099
38233,8497.835501372037
38234,6613.768266818797
38235,8053.58475356298
38236,8744.02731551732
38237,7814.816020997661
38238,8201.971725170299
38239,8372.605500981155
38240,8472.113589523518
38241,7335.326581814168
38242,7164.000315258358
38243,6475.848728952724
38244,7230.994653885346
38245,6835.362008324325
38246,7428.384693275621
38247,6406.404621865917
38248,9373.323953201532
38249,18417.41694234187
38250,8211.958846023888
38251,7308.01192739059
38252,8717.12648378713
38253,5060.35193401915
38254,7177.404640203227
38255,5205.519837756422
38256,9883.631457017302
38257,7785.062245774456
38258,8269.238138595067
38259,11687.045914628394
38260,11321.999230795056
38261,8877.317742095613
38262,8249.401477176938
38263,6378.663973300015
38264,8711.484615813019
38265,8045.504970365537
38266,8355.232929545018
38267,6328.716464368659
38268,5211.400477204931
38269,7208.329687078668
38270,6639.43426154329
38271,7295.665459744688
38272,6768.191074328964
38273,7015.3570302644
38274,7884.8956821081765
38275,8756.895847032016
38276,7889.69031522604
38277,6869.094018463322
38278,6463.861073828297
38279,8516.009535637379
38280,5803.654854655113
38281,9189.591942358249
38282,7017.459947466317
38283,6443.372380912567
38284,8401.745426959345
38285,7148.808637164505
38286,6045.43765913191
38287,7659.93882254215
38288,7993.652046919577
38289,9617.463726785489
38290,9551.525427911822
38291,7507.859760108592
38292,7215.658229415123
38293,7535.890561375587
38294,8853.195041665704
38295,7622.370399846507
38296,6726.647990681709
38297,8171.3022267854985
38298,10843.058037413648
38299,8703.559459525586
38300,7843.915625922688
38301,9009.798152030224
38302,7358.982790398205
38303,8843.397300079101
38304,7869.691067798623
38305,10394.19542115865
38306,7690.26717155667
38307,6591.86656936978
38308,6483.39272324038
38309,5478.71218477787
38310,8603.188753611848
38311,15075.729347564667
38312,6330.12967426762
38313,6380.124178043971
38314,9596.100856153225
38315,8513.81744812141
38316,8345.365680098732
38317,8281.402144684378
38318,6354.277900658805
38319,6989.3821250143765
38320,6672.203546491427
38321,8631.054695665991
38322,7493.797964845532
38323,7925.651523251164
38324,7472.179677069111
38325,6281.388159841388
38326,8256.041272056691
38327,7720.820662995915
38328,4918.467437021486
38329,8031.673722439478
38330,8923.072130746152
38331,6621.925334794211
38332,8324.910357067478
38333,6721.780129660766
38334,6336.686687843719
38335,8733.235318605637
38336,8096.365907297081
38337,8717.214694257225
38338,7762.76515921733
38339,6061.507400364465
38340,7616.12211615413
38341,5158.368217547816
38342,8411.747236197023
38343,7263.259152588838
38344,7147.614980310254
38345,7366.859233322685
38346,8084.086429135267
38347,7480.562611812042
38348,7959.330167960056
38349,8168.401287941241
38350,8005.407814647823
38351,7293.78473871055
38352,8707.761147409345
38353,8222.267166103371
38354,9474.566316730698
38355,8656.545480400118
38356,10093.662278837766
38357,5928.0007650160305
38358,7903.464823194476
38359,8690.024571628934
38360,5862.064323567813
38361,9315.307190590853
38362,7065.467619857071
38363,9678.463328707956
38364,10770.291930268917
38365,10844.285836977444
38366,6798.664753765884
38367,9774.66464578843
38368,9571.643230767799
38369,8584.392895444893
38370,9362.292163385193
38371,8301.156721588317
38372,7573.383614702372
38373,7981.846542931675
38374,7841.838237088594
38375,7640.137336094048
38376,7601.099280294577
38377,7882.626067661818
38378,6869.803853996243
38379,6627.855172097429
38380,7700.044170483518
38381,8088.405981899042
38382,8026.559773022112
38383,8211.502256432788
38384,8686.885643063579
38385,6870.106312474416
38386,8988.067852034605
38387,7669.266549541825
38388,7247.94947501172
38389,7926.761805433868
38390,7900.712318963334
38391,7905.049242570228
38392,7765.564923483827
38393,6199.3214307603
38394,7405.905245603498
38395,7973.621525224005
38396,9033.073512936595
38397,7818.914231095883
38398,6040.3255849908965
38399,7525.714293577527
38400,8648.647162969697
38401,7509.425724779652
38402,8015.345809488449
38403,7968.355105824048
38404,7809.3099645070915
38405,6101.118259526159
38406,6027.5586550783155
38407,7864.383887258453
38408,8128.679222684249
38409,8008.954843392583
38410,10181.916433171578
38411,9965.110084200674
38412,7789.324693171632
38413,8264.368249069372
38414,5728.395795642128
38415,5757.985452730397
38416,7561.979259941187
38417,13432.89821096277
38418,7677.85936934296
38419,8135.542951284613
38420,6720.25668053954
38421,8036.416323200683
38422,9995.738037632655
38423,6411.400003277305
38424,7747.248539477003
38425,7048.817909459512
38426,5711.752759950312
38427,6938.019098142221
38428,7876.104652509424
38429,7552.0650509264715
38430,6488.488218272336
38431,7457.898444340365
38432,6196.326558467438
38433,8588.139317937705
38434,8422.048976726337
38435,6911.852961524772
38436,7949.121646769484
38437,8066.481243107289
38438,7597.8411088074035
38439,7926.066919305054
38440,7909.727380361559
38441,7622.422140700119
38442,7401.316839292008
38443,5201.968381693373
38444,12764.485647157811
38445,6802.33661303086
38446,6788.852050306554
38447,8052.703057738414
38448,10349.24123717549
38449,8842.844863295553
38450,7588.788436436526
38451,8188.6548455622915
38452,10288.047369375437
38453,14632.99710794874
38454,7165.70542858921
38455,7850.3117857093
38456,6659.333817163172
38457,9247.88228268817
38458,8205.300766131
38459,9844.225106928865
38460,9071.674703972172
38461,6952.023905736733
38462,6456.911702945102
38463,7688.1929670439995
38464,9804.926865594007
38465,7525.459412326361
38466,7154.415085791292
38467,6646.101495183956
38468,7461.431179272971
38469,8589.604530678447
38470,7667.812869119309
38471,10365.966883165469
38472,7399.540473936068
38473,6713.743005050897
38474,8066.458311668929
38475,8830.753259984058
38476,8822.991032685633
38477,7663.307442732348
38478,8526.663144531703
38479,8647.63856976531
38480,8534.401649632506
38481,10662.242174598396
38482,6738.112165981794
38483,9549.389110707712
38484,7880.147921018875
38485,5582.216846996264
38486,9463.574438240776
38487,7779.095739416401
38488,7907.990169824872
38489,8688.591015576972
38490,5463.00559558459
38491,6237.66285042767
38492,7731.1776198767375
38493,10442.786433192903
38494,10168.67736506813
38495,6220.405849154841
38496,7869.247266307371
38497,8901.599165875577
38498,7562.350040245619
38499,6331.553548786928
38500,9957.906684664493
38501,9359.056099110381
38502,12494.448143923395
38503,5797.809128870481
38504,7328.690498295243
38505,10524.065357019668
38506,10037.054508796999
38507,6698.147855064805
38508,10402.46832322179
38509,7719.922965934698
38510,5932.046043345634
38511,6515.839645776795
38512,5677.539689078871
38513,6530.032875786886
38514,7328.608516447766
38515,6281.170982951477
38516,6062.072852609224
38517,10635.092444356596
38518,8522.70038138724
38519,23059.43590940717
38520,7159.397924557235
38521,7486.0712226056285
38522,9797.638123840848
38523,12509.743475480767
38524,9208.078411217452
38525,9793.598887436365
38526,8263.144913831891
38527,9877.129732296953
38528,10346.867437884503
38529,7672.191430918305
38530,8113.993913090138
38531,9439.512513129446
38532,10494.738615212711
38533,9316.072991527231
38534,9653.266858270417
38535,9389.154575169736
38536,7839.970721380323
38537,9232.378126761352
38538,11678.412343155569
38539,12072.61819917314
38540,13102.070287443716
38541,10905.042954453898
38542,8562.276335573923
38543,9851.652052526038
38544,7513.932652750698
38545,10948.104934804589
38546,10672.040587970023
38547,10686.89010374438
38548,9031.414012263001
38549,8674.670477771233
38550,7691.636616005739
38551,8365.330172485379
38552,13301.721900224107
38553,9466.552336977547
38554,8675.65322707093
38555,8302.953124849597
38556,9974.23212061423
38557,7749.214436437781
38558,9776.654957953277
38559,8620.2959462837
38560,9227.097025252637
38561,9929.706969813598
38562,8203.478705188587
38563,9715.90351558941
38564,8984.644835380892
38565,8298.272330813685
38566,9055.09353539834
38567,9672.02097498702
38568,13467.905791414481
38569,9494.064273763812
38570,12229.947368044614
38571,9503.508193981457
38572,10284.462278963576
38573,10389.275142247088
38574,12089.114543668333
38575,8134.86543442916
38576,9346.907999304036
38577,10705.666831074273
38578,9244.833104343994
38579,11675.684039858657
38580,10082.571013142664
38581,8873.024570224967
38582,10030.425457805059
38583,9403.4024361525
38584,13900.848263334683
38585,8136.6367534341225
38586,13984.835577308533
38587,7396.125358582466
38588,9234.083373544716
38589,10526.74610259689
38590,8730.417366817663
38591,9188.657118648382
38592,9802.363824144395
38593,10369.605613395393
38594,7492.4707146556775
38595,8024.477481536643
38596,10547.082210862316
38597,9059.205860325845
38598,10482.172188436994
38599,7748.143252143337
38600,9171.81383685645
38601,10782.508357243705
38602,9684.130467620784
38603,8421.58293051315
38604,10690.961577489776
38605,8947.462353797127
38606,10374.916325832943
38607,9539.5463377654
38608,8820.991547037285
38609,10138.12711183342
38610,9815.841540278137
38611,9337.882075799553
38612,9605.242412997259
38613,9234.46306365385
38614,8695.117251622423
38615,8370.913565545517
38616,9042.509318544515
38617,9776.457822462911
38618,8279.972544479611
38619,7740.028534431752
38620,8816.83552505449
38621,8096.098228488195
38622,8807.898060697908
38623,10298.591790200551
38624,9194.394439574693
38625,8882.078213080973
38626,8425.208022258195
38627,8359.031181170278
38628,9034.599763418399
38629,11138.060604748001
38630,10604.25800596296
38631,10364.267924290934
38632,10692.23196887614
38633,8619.407517702595
38634,11498.211921899827
38635,9841.03590378689
38636,10193.11451751247
38637,11321.662050070494
38638,9131.646063301747
38639,10694.149042229752
38640,10506.121553209394
38641,10072.470259794785
38642,8719.494081927067
38643,10020.47927223194
38644,9799.969918694984
38645,8927.701259010908
38646,8297.244459307234
38647,9460.112930791673
38648,10016.10333249274
38649,9193.857232198556
38650,7799.504604260028
38651,10206.714724226535
38652,9632.938634763192
38653,8715.571728609017
38654,10117.058175178021
38655,9098.874555975985
38656,10798.884395114268
38657,9636.824157413777
38658,9043.691017729985
38659,8525.6265308319
38660,9832.074841428159
38661,10671.757827430461
38662,8198.95367080083
38663,9867.96791079528
38664,8390.08155543196
38665,10319.054885370402
38666,9277.168674508563
38667,9345.552613838652
38668,10820.718341226891
38669,9340.32458762867
38670,8362.936690860011
38671,15165.498394357013
38672,10083.266586648808
38673,8991.77570610669
38674,9497.270359965685
38675,8659.372461527126
38676,9722.372986786733
38677,8173.034618445509
38678,9499.307990471742
38679,10535.668745376122
38680,8072.518362322699
38681,7013.820568533385
38682,8785.00667674685
38683,10300.634935293667
38684,10729.387239841417
38685,9107.8153574722
38686,9760.824386079585
38687,9249.265267754492
38688,8659.828829498385
38689,7464.596364889876
38690,8662.036159740603
38691,9296.229891223029
38692,8420.079386583515
38693,9997.887151821064
38694,9655.142452487864
38695,10184.71874670528
38696,10603.921113778219
38697,10260.67439132216
38698,9166.698237970695
38699,10576.51384931427
38700,11529.177563590723
38701,9488.607381655687
38702,10826.252162659197
38703,9971.890195078739
38704,10276.111144956023
38705,8150.039427562327
38706,8920.648716619973
38707,7755.63516052247
38708,11173.837869617155
38709,9801.142074616846
38710,12684.417232900612
38711,9843.954247949256
38712,8695.04835231052
38713,9465.14872652186
38714,18037.451757584273
38715,15085.622006824216
38716,10027.898901589098
38717,5800.384429703806
38718,9414.641388479327
38719,12845.725430052335
38720,8754.968854845532
38721,14580.882119004662
38722,16505.016940056805
38723,7932.702285458112
38724,8802.36256264923
38725,9785.064312505976
38726,8810.12079787093
38727,13887.097642128167
38728,9432.219462710562
38729,10527.88114284761
38730,6856.180744073512
38731,9539.841291192788
38732,10552.709473289522
38733,9901.639979174683
38734,10091.190054880219
38735,8488.259260572644
38736,9766.060385511795
38737,9906.25755412855
38738,8682.95182843046
38739,9587.317998630628
38740,9818.925691138507
38741,8890.516211434553
38742,8662.738649055778
38743,10174.166670390865
38744,8782.91522026225
38745,9036.819207306335
38746,9582.417498401164
38747,9164.869125727375
38748,10233.370286237767
38749,9833.269556740175
38750,9596.611811067347
38751,8533.964432273606
38752,7806.602510614496
38753,9301.317905987027
38754,9963.80503784957
38755,7903.875686877291
38756,8891.692209057332
38757,10020.727575652241
38758,9869.244049783276
38759,10281.213317835243
38760,10180.291124930754
38761,9702.913164869817
38762,7750.802238402166
38763,8046.341455930545
38764,11303.212539791222
38765,8335.924913976418
38766,9470.682136513447
38767,17196.950654279408
38768,8636.602826129343
38769,10905.337378673763
38770,7700.984772201348
38771,8396.98976057724
38772,8766.542587375854
38773,7914.297209613665
38774,9076.588423670282
38775,10895.440095670694
38776,7656.8135011993345
38777,17758.85395727784
38778,14296.693224445873
38779,8410.231782352117
38780,10633.565874088514
38781,7768.462482903091
38782,10516.102210615898
38783,10786.915014479664
38784,14053.765820149747
38785,9725.651382769183
38786,11722.234746478787
38787,8906.974629658063
38788,10516.102210615898
38789,7532.26775760673
38790,10816.702002839596
38791,9214.51551057304
38792,8672.8485534188
38793,8555.378615367215
38794,9028.343358784778
38795,10723.854153738459
38796,11213.707211483294
38797,8409.446471846853
38798,11464.204410105138
38799,10402.92243089506
38800,12629.568110856455
38801,8260.328726230775
38802,8789.411530401534
38803,10205.214437461878
38804,11174.337193073821
38805,10038.55170864276
38806,9827.917273043786
38807,10033.443663103235
38808,10852.825207581483
38809,8153.300790113464
38810,11656.985069076405
38811,10427.821135148759
38812,8774.424800180586
38813,15112.37044513265
38814,17086.84164717983
38815,9900.98235102819
38816,9203.945477512276
38817,12623.641346183387
38818,11536.536918927075
38819,11950.491654782501
38820,8582.917430880823
38821,10003.433072777336
38822,10200.102567302236
38823,10652.557419493553
38824,7857.117807090444
38825,9475.527018721728
38826,8009.276410664459
38827,8818.533030521934
38828,10296.338193821806
38829,7273.5333831083835
38830,8479.444608215119
38831,8671.130117021663
38832,8463.782860022271
38833,8417.149942474025
38834,7739.352109394065
38835,9495.156282946007
38836,10987.870758323423
38837,10871.205540138146
38838,11475.583561389185
38839,8263.772556173095
38840,9793.041866880636
38841,12157.978503453984
38842,10057.573785059682
38843,8621.495898777945
38844,8067.330391202276
38845,10162.364629546333
38846,9504.000783397125
38847,9286.782532370977
38848,9077.569444379824
38849,9219.031163267793
38850,12069.51348600652
38851,8686.840954147678
38852,8464.095794157722
38853,10358.50638960409
38854,11283.704265742563
38855,11912.447721593897
38856,8735.866973176473
38857,11196.299690261254
38858,8437.25777941299
38859,9181.672967142766
38860,9329.78449626421
38861,8282.840896157446
38862,10258.902140187452
38863,8612.538664013126
38864,10076.516656499352
38865,10342.748747072317
38866,14963.885300877564
38867,10153.87241123937
38868,9149.387535987267
38869,9258.728300267308
38870,11725.418111907353
38871,10094.67366207233
38872,11661.946922860647
38873,8144.566958611865
38874,9656.03467176435
38875,10632.422755308166
38876,8257.160020757097
38877,10176.486253054842
38878,10123.942444911147
38879,10170.382218528737
38880,15526.110223436413
38881,10047.254593570337
38882,15403.350891593736
38883,9599.442702509472
38884,10175.75565970907
38885,7867.731412323456
38886,10613.688524230773
38887,9434.541645293966
38888,8327.649897179632
38889,10177.953064085512
38890,8835.547516548118
38891,7920.091994236243
38892,8995.228904007708
38893,10247.673404449773
38894,9923.530995346173
38895,8616.822941821178
38896,8994.193745672128
38897,9441.417614849172
38898,9492.394341741216
38899,10724.743690429039
38900,9420.669657423092
38901,8011.12861673207
38902,7846.621514868742
38903,10041.897027916322
38904,13578.703868868604
38905,10073.44475367632
38906,8468.216193795686
38907,9349.86586046403
38908,10709.32699977687
38909,9794.81791668283
38910,9576.064037192078
38911,10321.54592052289
38912,9244.21293246522
38913,7992.654102778172
38914,9159.535673992841
38915,9579.111092410072
38916,10185.981482821273
38917,10142.924420533063
38918,9214.847933319104
38919,8842.809518948105
38920,7679.253599183804
38921,7661.83464301076
38922,9574.214811731401
38923,11108.184330170774
38924,10467.478010003682
38925,15530.212746656745
38926,10125.373297395647
38927,9383.384626307135
38928,10134.994110121013
38929,12111.356622021569
38930,10663.801255460388
38931,9566.638103840372
38932,9754.163914151946
38933,9400.102111686754
38934,8422.40704841356
38935,8878.925486310452
38936,11318.046653104757
38937,8842.088301183094
38938,10768.984766562535
38939,8422.362206323161
38940,7042.425358231853
38941,14445.881133242647
38942,8974.392264495404
38943,8879.748503896244
38944,8986.110853129812
38945,9219.161891064947
38946,10200.725183321161
38947,10074.492730349464
38948,8819.83502766536
38949,9297.63427435302
38950,7342.770140329259
38951,8468.814714273247
38952,8159.962970309482
38953,10857.836219440209
38954,17916.765128924515
38955,8053.516783927318
38956,8176.936774898535
38957,11413.669209729205
38958,7824.641079751154
38959,8523.775865263193
38960,7931.031595675338
38961,9268.377415595958
38962,9732.44297328707
38963,10368.488778295634
38964,7310.833663333507
38965,10351.777542546231
38966,8480.191084530397
38967,8293.71510595727
38968,10147.212129618725
38969,10913.386064646465
38970,12857.143173733257
38971,9681.704192506935
38972,9650.185703908302
38973,8235.262662771122
38974,10156.91108143852
38975,15229.570515363523
38976,11316.831876489707
38977,9927.043002368628
38978,8628.198083254538
38979,8357.591727509594
38980,8166.985926768049
38981,8743.083471349786
38982,12343.329387069125
38983,8653.883049939172
38984,9349.024200966567
38985,9750.291985008866
38986,8316.130762381894
38987,8280.439629255316
38988,8947.571909991744
38989,9973.99815498703
38990,9464.538389458838
38991,8662.346890364797
38992,8625.199694100012
38993,10040.69820691723
38994,10363.314415505482
38995,10660.839665387573
38996,10246.727455530772
38997,8722.985730915572
38998,9909.855898912092
38999,8308.325067121457
39000,7779.658305009235
39001,9748.069387367621
39002,10349.077759796108
39003,8989.672314514391
39004,10436.337919954876
39005,9892.055337463877
39006,9564.383136638764
39007,8187.166714385559
39008,8949.493343430699
39009,8919.112155756682
39010,8961.26151139997
39011,10471.289217502836
39012,9361.099841954721
39013,8672.500108231927
39014,11953.541619774944
39015,8594.832300111355
39016,7428.527410895403
39017,10553.224028904226
39018,10473.839714767177
39019,14116.84906149193
39020,8772.510727650042
39021,9829.30844624161
39022,8467.575511739982
39023,10404.035447113405
39024,9317.220999420999
39025,9741.87158364654
39026,7135.660946224683
39027,10359.88514451232
39028,9665.595945655276
39029,9184.16544364757
39030,7836.628925333884
39031,10526.337679188677
39032,10804.232490173477
39033,9033.420334751117
39034,11672.00322259645
39035,9221.94800100391
39036,11158.575993650495
39037,7563.15658470203
39038,9655.095777332077
39039,9368.119928426291
39040,9783.549255968861
39041,10293.551253313273
39042,7456.045266002851
39043,10597.715024592839
39044,10020.634909360406
39045,9740.211740915245
39046,7814.350809737451
39047,7065.1083605712965
39048,9055.374324169881
39049,9664.233107292079
39050,10912.73001320183
39051,9693.578867796543
39052,9461.37882120413
39053,10958.904033155794
39054,10240.642107885053
39055,9498.475336883328
39056,10596.050938201699
39057,8188.875250998763
39058,11806.392725734868
39059,12624.49870010839
39060,10237.64987236611
39061,7894.513114509098
39062,8645.197214558693
39063,8201.275234160015
39064,7251.725849677585
39065,10905.540041680095
39066,8891.578778612966
39067,10874.650540293158
39068,8470.39151610439
39069,9661.01407891645
39070,9706.805511161952
39071,13713.106579853715
39072,7508.856645937523
39073,8238.147599701098
39074,9869.897898294816
39075,11021.940758428094
39076,9791.76265593184
39077,9556.084453675632
39078,9728.110971994014
39079,12562.664824380943
39080,8614.212602777454
39081,10257.343610963999
39082,9319.922592868461
39083,9432.894373308145
39084,8545.486090893119
39085,11117.779212518944
39086,11633.142295843947
39087,9477.67890327791
39088,14543.557697394137
39089,10570.938349367754
39090,8798.598508346195
39091,9918.344122910288
39092,10708.550823729827
39093,10027.061876786456
39094,10090.79818003073
39095,10251.975936156487
39096,10403.883504968902
39097,8990.476134213985
39098,9008.288297426161
39099,8341.841366907121
39100,8647.572969439765
39101,8801.201460213053
39102,8978.182619220723
39103,7902.689601723023
39104,11465.036934961587
39105,19498.83298456192
39106,9975.404795848459
39107,8820.606969165054
39108,10581.885853134438
39109,6544.376307181202
39110,8888.044080652255
39111,6590.192194262695
39112,12735.296021710923
39113,9664.43268094978
39114,9984.834084505228
39115,13937.103390693195
39116,12765.772857879925
39117,10770.485432334555
39118,10117.613520894642
39119,8215.268366228032
39120,9984.92441610438
39121,9851.18260469566
39122,10359.140665628287
39123,8250.044545316805
39124,6597.121054601202
39125,8906.394393202867
39126,8067.7991072968525
39127,8694.21361135511
39128,8667.35106329718
39129,8694.01394179733
39130,9690.341226509754
39131,10500.353180148544
39132,9811.57894281515
39133,8594.586245330289
39134,8418.414142087535
39135,10225.20905138911
39136,7357.2337667790825
39137,10953.037892182827
39138,8801.330086200418
39139,7934.854203710389
39140,10331.667935961788
39141,8835.327769970083
39142,7684.535030960007
39143,9429.823138722099
39144,9513.206086210088
39145,11494.103485016825
39146,11400.379793887207
39147,9375.558338798299
39148,8927.297760204152
39149,8896.978135127163
39150,10233.761977854721
39151,9472.394399381752
39152,8681.201058940946
39153,9916.804868514235
39154,12273.687053137743
39155,10382.532461505856
39156,9279.853067115497
39157,10707.732839811297
39158,9054.566736035493
39159,10605.762142153797
39160,9353.921118408962
39161,11915.768846788738
39162,9552.516226800455
39163,8778.964809777239
39164,8212.19698306823
39165,7069.133430524858
39166,9964.276327363435
39167,16879.554640230133
39168,8001.2719979868125
39169,8285.98594680236
39170,11538.453991146174
39171,11024.778016332095
39172,10166.255087560407
39173,10265.21631567799
39174,8101.698224656993
39175,8541.70584534113
39176,8593.531627439568
39177,10308.254801360996
39178,8931.205014351777
39179,9223.195428782075
39180,9221.252694945508
39181,7614.715100479862
39182,10248.110384693342
39183,9462.137595984434
39184,6435.159450865106
39185,9953.957498522002
39186,10954.690797805317
39187,8086.323344625575
39188,10304.399995321464
39189,8222.547084729706
39190,8445.888626419468
39191,10603.87512528296
39192,9975.736342472404
39193,9814.124943656918
39194,9175.679387196198
39195,7823.799368633127
39196,9224.512880930824
39197,6318.67091457091
39198,10184.180542860939
39199,9008.604754024056
39200,8581.301841119723
39201,8837.030668213967
39202,9993.99946852938
39203,8787.535868409344
39204,9637.98707949299
39205,9969.028607174836
39206,9785.71512949229
39207,9330.391951639167
39208,10314.156336434711
39209,9682.252154485679
39210,10884.779362055851
39211,10430.28562240637
39212,11573.860746039662
39213,7263.91152088295
39214,9840.822509867217
39215,10583.58819666555
39216,7521.903590002569
39217,11213.548373499354
39218,9161.914399113426
39219,11268.582502523766
39220,12257.28289693081
39221,12490.372810333527
39222,8405.389092298912
39223,11484.809276275619
39224,11415.512533046787
39225,10316.922191721556
39226,10670.549651340047
39227,9707.388382876814
39228,9680.313477496207
39229,9218.376478804099
39230,9434.210624554416
39231,9273.312398256425
39232,9025.790644590603
39233,9563.722256331985
39234,8180.540477759047
39235,7989.486419577679
39236,9758.756430289282
39237,9525.572602778722
39238,9725.5579823464
39239,10226.107065165621
39240,10056.296247409296
39241,8180.976607930114
39242,10581.993706674957
39243,9609.619443668631
39244,9279.568142070879
39245,9248.558103865586
39246,9505.869048935925
39247,9703.797073274513
39248,9292.875223568884
39249,7651.23798805331
39250,9435.471952698415
39251,9892.393714499689
39252,10611.789484317676
39253,9533.441732925936
39254,7510.390784685293
39255,9242.029540199546
39256,10533.476527703617
39257,9083.39718550856
39258,9814.960883731013
39259,9998.449093309051
39260,9066.609136453018
39261,7989.793783740764
39262,7886.79480342001
39263,9624.521419492581
39264,9959.783738097483
39265,9334.984569154207
39266,11255.976094265214
39267,11478.016272283225
39268,9138.270589441336
39269,9802.25898000326
39270,7244.76152844387
39271,7471.295710729244
39272,9137.108866871156
39273,13942.716631808378
39274,9561.374902716012
39275,10129.620564693681
39276,8453.549944102282
39277,9925.958456301329
39278,11606.942847166849
39279,7820.170403337248
39280,10032.231809596837
39281,8524.409771967346
39282,6811.392661947713
39283,8592.438987476764
39284,9340.420871227087
39285,9134.296567932122
39286,7664.748024541341
39287,9684.887999443827
39288,7556.531458422101
39289,10312.116839228811
39290,9868.690377496367
39291,8949.750872943261
39292,9683.159113218231
39293,10009.330965360426
39294,9247.504585229603
39295,9163.14928862528
39296,10090.541591876648
39297,9480.24270036251
39298,9632.729364941104
39299,6831.796799901784
39300,14553.337970736535
39301,8527.313058587797
39302,8988.147607143372
39303,10215.232074614936
39304,11690.09764328435
39305,10478.02880753188
39306,9161.864855738912
39307,9549.742419313874
39308,12569.360365607687
39309,15817.539033130322
39310,9053.075084004264
39311,9493.182363564873
39312,8381.149166291481
39313,11002.707666683147
39314,9733.03421869196
39315,11495.243811343686
39316,11040.428031148462
39317,8766.023835845528
39318,7798.376646885045
39319,9299.972275895467
39320,11716.302146994241
39321,8962.86646183261
39322,8789.394643672451
39323,7971.502950093731
39324,9142.425666966627
39325,9593.417535304807
39326,9236.945664251805
39327,11775.741712718795
39328,8617.929675210004
39329,8081.267646313874
39330,10078.795189451455
39331,10574.175226333298
39332,10666.491037462345
39333,9223.452881025505
39334,10428.476006162657
39335,9876.769473441012
39336,10306.834956296423
39337,12749.030791678939
39338,8528.723228036677
39339,11279.757397983522
39340,9755.080620949844
39341,7136.759030609588
39342,11126.449548947778
39343,9086.647979587082
39344,9870.608790374039
39345,9863.90314178601
39346,7504.660659501132
39347,8119.791758469196
39348,9601.50104033702
39349,12340.021710031602
39350,11576.39389909514
39351,7744.405428549374
39352,9272.78650284337
39353,10216.179097356633
39354,9640.21458626096
39355,8309.874471454235
39356,11940.698650683766
39357,11074.652045020546
39358,13785.362143412929
39359,7426.989871474359
39360,8789.293857194676
39361,11773.394209146314
39362,11655.878201186786
39363,8461.609319281704
39364,13082.274506062164
39365,9255.924666349329
39366,7637.9717104728925
39367,8378.311148681669
39368,7485.767203968771
39369,8012.748468475389
39370,9239.170186106083
39371,7844.035299410731
39372,7682.5227235083075
39373,13823.665988642917
39374,10123.004685946893
39375,25240.67577183032
39376,8754.547591066106
39468,5039.388226849026
39536,5987.427262432741
39577,14660.268235747708
39578,26340.1465768412
39586,7219.767802444559
39605,6574.862979911391
39615,6572.417815474461
39633,10350.57862721117
39650,7687.074790627198
39712,4021.415636608475
39726,6844.624008209156
39769,7260.395208769688
39779,4804.895405446483
39783,5194.107109251389
39810,19006.379697208955
39824,7275.337281267294
39899,11476.561731284191
39943,5538.944728286559
39944,15808.656014114484
39972,11832.964232252636
40042,5176.32409592041
40046,5565.6122051227285
40097,6037.306879442328
40112,10800.757456465819
40176,5265.768757997335
40217,12296.593801296212
40218,7461.037482675893
40233,6164.198300730035
40234,6069.035292767577
40235,7677.118432385515
40236,5107.629597156677
40237,7166.140889145713
40238,5199.326260693446
40239,8067.829789351246
40240,7760.747047240357
40241,5648.3186315822795
40242,5200.769701794302
40243,8287.598910069428
40244,7810.5392634101145
40245,7096.453075772189
40246,8480.127281811887
40247,7235.460975105415
40248,4754.827934457124
40249,6693.460534389219
40250,8904.547341364278
40251,9820.664881640974
40252,9164.064678685752
40253,8952.645023102416
40254,5929.343301009113
40255,8101.011980582144
40256,4710.936054849054
40257,9546.400082196104
40258,9596.503895494916
40259,9910.108364912905
40260,6870.978839608723
40261,4642.641125355435
40262,6151.120580384981
40263,7702.877019268393
40264,10496.786600229523
40265,7152.680514252481
40266,6482.538920466048
40267,5916.801595353506
40268,8187.258989974111
40269,5484.734574442505
40270,8802.029453943345
40271,6342.8784923289795
40272,7114.102656224424
40273,8672.255693687672
40274,5899.0326079208335
40275,8847.638851048701
40276,6771.5353231346
40277,6282.038921780751
40278,5899.626312602468
40279,8247.641890354364
40280,10941.05675871401
40281,7237.062220321765
40282,8325.381071751446
40283,8672.023921301388
40284,9458.826385550974
40285,8840.22861279032
40286,7648.977552549798
40287,4654.170256334374
40288,7199.84653334409
40289,7404.960342902181
40290,7670.281808707724
40291,9868.490786804281
40292,9467.340952582366
40293,5551.633628590564
40294,7802.466955430922
40295,7553.475039705679
40296,6846.107491175574
40297,5566.395825392866
40298,10725.3089617536
40299,4736.345743861607
40300,7257.510110627247
40301,6818.04991141178
40302,6742.272572613896
40303,6795.743980095454
40304,5461.311162314034
40305,8485.741059109338
40306,6953.013225679733
40307,7577.622592683805
40308,8709.650272558645
40309,8528.441221744337
40310,7001.310293810265
40311,6223.104792713738
40312,6175.0682868783
40313,8746.133853657424
40314,7037.378741580155
40315,5828.67762278727
40316,8829.471734919029
40317,6109.06513315748
40318,8329.279158762325
40319,9486.385459406727
40320,5929.669916118899
40321,8524.291378080708
40322,7243.044699006053
40323,7069.260755405904
40324,6733.883784107811
40325,5756.287879575379
40326,6552.260087675282
40327,6211.376010840997
40328,8317.528975611549
40329,6231.710550615711
40330,5959.441685043454
40331,6415.092123960448
40332,7663.246029951237
40333,7209.221349815565
40334,6380.307854862353
40335,8326.460207545251
40336,5626.984287189243
40337,6844.045664119402
40338,7489.7066206247655
40339,5229.011890356706
40340,7091.766117915879
40341,7546.120990665043
40342,7640.5409911111155
40343,9231.50292043167
40344,8938.05003692238
40345,6767.817101776335
40346,9351.505982077833
40347,6458.122670050554
40348,5964.498273688128
40349,9433.445813632692
40350,7330.699411404764
40351,7805.143760084994
40352,8886.268643178024
40353,7569.234178794887
40354,7415.557709337771
40355,7350.6241084448075
40356,8596.236226394596
40357,5263.751380520397
40358,5276.763666364616
40359,7014.769524450334
40360,6453.879579652915
40361,7784.363996570153
40362,4973.47883843896
40363,6796.351325483697
40364,8660.35088003541
40365,5741.900552778712
40366,7572.053534046433
40367,5920.684905880373
40368,8547.265029512037
40369,7616.938434984764
40370,5757.352106270163
40371,7248.972186303335
40372,6194.711465601845
40373,9014.052873750292
40374,5835.303022012544
40375,6338.875692170073
40376,6197.982884333826
40377,8959.932690636793
40378,7130.620543721405
40379,7872.708032898919
40380,10730.250495413688
40381,6182.692898914292
40382,7672.641197331181
40383,12980.826101562425
40384,6780.08103794927
40385,8090.392937583736
40386,6407.465787137949
40387,7055.423378764603
40388,8524.67911807878
40389,6061.559825798191
40390,7632.009165800648
40391,6954.154850351009
40392,6368.613384125711
40393,5769.795852220507
40394,6098.8363100109855
40395,9409.274348663836
40396,9468.165872576312
40397,7008.17731642034
40398,7163.201636169748
40399,7341.433291342661
40400,5654.636112312418
40401,4259.6072662042325
40402,5499.351868704881
40403,7710.217872645092
40404,8090.781821989262
40405,6910.138216347081
40406,6244.779053745028
40407,9088.156249897438
40408,9338.329109238994
40409,8711.298543369914
40410,8044.5234233987385
40411,7364.425354170836
40412,8902.064882148998
40413,5781.1494164063715
40414,7214.6833107310185
40415,7942.045583322292
40416,8500.639694311283
40417,6242.256259358965
40418,7070.812106141845
40419,6008.63559265458
40420,8980.204119111359
40421,7465.657286966041
40422,9415.474773087737
40423,9259.78519599424
40424,7042.02070026794
40425,7961.050687318386
40426,15984.653062740568
40427,10791.94433252166
40428,6927.569007374045
40429,5077.638305261245
40430,8319.070551332985
40431,10417.815975577387
40432,5350.516396147766
40433,12362.835064062536
40434,17512.931300847617
40435,7536.81816995479
40436,5038.858540378474
40437,8278.057916395026
40438,5389.7850671684255
40439,9527.404962664983
40440,5703.249639277975
40441,7701.514431062393
40442,6349.561220325951
40443,8497.617443468856
40444,8732.2729345982
40445,7377.2244326817345
40446,9682.334430901157
40447,7947.846231284644
40448,8465.790288556
40449,8043.834662205173
40450,7489.4846151746015
40451,6212.179785348857
40452,8596.987135108086
40453,6168.444046265468
40454,7016.045545310933
40455,5876.341043958739
40456,5641.271918863269
40457,6220.720013606814
40458,6977.146238594373
40459,5804.063444622089
40460,8342.216993048773
40461,8008.767843525573
40462,8220.085242545445
40463,6343.058072018549
40464,6902.000086206142
40465,5493.349747402602
40466,6536.637282284756
40467,7623.74659791524
40468,6761.448548777702
40469,6961.59002150068
40470,7339.323482834837
40471,7733.030139281863
40472,8219.807773029137
40473,7675.183700794636
40474,5064.19026031857
40475,5621.302596564224
40476,8435.941731487586
40477,7030.110834431432
40478,7359.175187362351
40479,13841.337953989714
40480,8440.426701676248
40481,7696.519046362059
40482,5713.671526511324
40483,5021.725138225672
40484,5533.325981328064
40485,6362.49536967595
40486,6323.326183906095
40487,8150.351554698727
40488,7413.534131033703
40489,10915.473225621441
40490,11614.193840417636
40491,8010.9204300379215
40492,7717.660121183391
40493,6240.802960088076
40494,7799.820664717194
40495,6921.3223798266445
40496,12332.341773251606
40497,7770.62985765683
40498,8119.864777417879
40499,6192.208310983533
40500,7799.820664717194
40501,7610.297168264617
40502,7262.989182976469
40503,7330.339415996926
40504,6228.881649213276
40505,8358.921015555235
40506,7704.017655118495
40507,9038.342597482007
40508,8717.437791665921
40509,7970.47657728609
40510,7723.385263690926
40511,8814.13789867839
40512,11267.991488588652
40513,5475.633664567831
40514,6439.04583721404
40515,8612.863787684075
40516,9137.149265102718
40517,8407.765883467395
40518,7471.666732092416
40519,8910.743580815426
40520,9418.896793891754
40521,7582.657460175791
40522,8083.552207431761
40523,7943.4350382645325
40524,6757.459480976252
40525,12735.759620981707
40526,15484.923691343887
40527,7557.378395579018
40528,8264.044550565632
40529,8422.895141993218
40530,7712.817002366938
40531,8847.964860526974
40532,5211.334646045452
40533,6590.8002608036295
40534,8562.647964524345
40535,8570.561329922532
40536,5010.936966533923
40537,6776.014438176425
40538,7161.100272453526
40539,5628.7780477742335
40540,6716.228835033871
40541,5815.696113272951
40542,4995.203517144478
40543,8117.217528262607
40544,4936.23964739837
40545,5721.978149908669
40546,6956.065314956099
40547,6975.366370002768
40548,9407.857107988764
40549,11054.446566351871
40550,8852.033569768382
40551,7998.92866993153
40552,8293.940390439531
40553,9868.162482149306
40554,7827.399094035624
40555,5169.730466501222
40556,7431.364449397908
40557,11189.748016542539
40558,6928.711269352154
40559,8729.51809193294
40560,7495.88597471059
40561,6183.117854368565
40562,8376.867709445056
40563,7275.3115033945505
40564,7728.969890462129
40565,8903.34657840597
40566,9747.917896526262
40567,10452.148294957633
40568,5887.192120799708
40569,9206.656586062523
40570,5323.456765676605
40571,6140.657539204628
40572,7270.122297807713
40573,5589.75311304358
40574,7661.435752029137
40575,5693.059802442077
40576,8097.507504564931
40577,7644.975553892378
40578,11263.309866672531
40579,9666.234007344825
40580,5903.6975196849435
40581,6521.909769827652
40582,8121.568579269932
40583,8594.02677598549
40584,9417.33061762362
40585,7684.466133480728
40586,7519.269556661168
40587,7803.50285756517
40588,7695.713843372318
40589,6378.781999410209
40590,8582.042108817455
40591,7560.833078760225
40592,11568.780380052905
40593,8546.607707483498
40594,13389.228560387854
40595,7142.859921871617
40596,8826.190764777914
40597,5059.646402763917
40598,6901.728296399115
40599,6913.131099386014
40600,7906.874678895225
40601,7606.494766592802
40602,8141.222066443889
40603,5172.463885872003
40604,8376.251687285976
40605,7154.0757817291815
40606,8949.15646642431
40607,8175.810448336774
40608,6551.676457972682
40609,8145.248585988891
40610,7314.703660772437
40611,8484.631668994354
40612,8217.89683350957
40613,7343.502718455273
40614,7649.959664687936
40615,7711.364569312049
40616,9864.4564403036
40617,9048.24080997582
40618,6410.50166182557
40619,6120.980224107902
40620,7724.081586745529
40621,7863.471998044476
40622,5940.886152472077
40623,7746.256406477919
40624,6320.4309691687895
40625,7164.148829430835
40626,8237.899885441804
40627,8672.358181561603
40628,7353.174142211017
40629,6817.045185226872
40630,7909.1292426724185
40631,8053.941804222238
40632,6233.354245126229
40633,6210.02236412104
40634,8631.081941402368
40635,7509.880258219788
40636,8886.108652606967
40637,9857.435587228249
40638,8707.021537846726
40639,6105.369605422182
40640,7559.704596076047
40641,9982.313056134832
40642,8088.511741415419
40643,7338.45629092512
40644,6717.142972341644
40645,7356.275960576339
40646,5546.219891480034
40647,6051.224587386791
40648,10637.804086811202
40649,8246.42324094305
40650,8329.579264375037
40651,6014.575014302229
40652,4603.867305644232
40653,10310.966297799594
40654,7918.903083722139
40655,7392.562366000967
40656,6058.819308040692
40657,8328.108771636691
40658,7136.254373433464
40659,5953.0737941033185
40660,7540.927537450595
40661,8098.198255108296
40662,5997.477646128184
40663,5253.72193342206
40664,5058.5092063496695
40665,8595.375912079357
40666,15606.883374688741
40667,5918.162654719991
40668,7740.92140761658
40669,8584.777411951147
40670,5994.777732619918
40671,6352.067604772509
40672,7650.763710303206
40673,5354.0528150722275
40674,9391.87403571891
40675,8491.216818291918
40676,4453.41663774158
40677,7637.862724530727
40678,5148.587818055535
40679,6326.019047778366
40680,7783.2911785444085
40681,8248.97302314212
40682,10535.78269120014
40683,6080.330241320071
40684,6577.050985350114
40685,5999.501405672999
40686,8340.068573885661
40687,14500.248301542812
40688,9088.544311204078
40689,8302.258168657841
40690,6647.704501524391
40691,7760.78553995576
40692,6576.304272506019
40693,5508.349142300467
40694,8436.088347514997
40695,6082.562979264062
40696,7687.125049168335
40697,8476.913815317597
40698,6714.890168744887
40699,5460.220426330938
40700,5967.726298036405
40701,7710.254282938042
40702,7119.5937759316885
40703,5518.715932488066
40704,6507.298631307999
40705,8306.431480521484
40706,8277.632675666888
40707,8178.675690434044
40708,8715.120136553505
40709,4875.822372736245
40710,9964.477306183797
40711,6415.464650882583
40712,5423.784066152738
40713,6027.368170175839
40714,7727.468001314679
40715,5973.92681320629
40716,8854.74154926886
40717,7184.560507566627
40718,7777.243902429907
40719,7823.797021324136
40720,6128.651732811937
40721,6972.505723546052
40722,6273.035760853719
40723,8607.678545076025
40724,6936.3840369810005
40725,5002.799115718377
40726,9606.361664111902
40727,6232.1938353564
40728,6614.632148713717
40729,7135.402917697264
40730,9054.025602626158
40731,11185.390966225641
40732,5964.426881480955
40733,7291.814299695782
40734,6692.688006176078
40735,7462.878333505344
40736,7445.46774879015
40737,9143.916226593528
40738,5248.234151131153
40739,7606.60273840557
40740,7263.650962312236
40741,6352.067008120154
40742,5473.674118764999
40743,8269.872027837764
40744,7687.077040318711
40745,7092.304819774943
40746,7559.303556075599
40747,8225.326821246124
40748,9652.50551482342
40749,6225.8137418478445
40750,6075.549430489756
40751,7046.348464173574
40752,8499.589049430373
40753,7596.8734115473635
40754,4483.949569275545
40755,9744.67710049221
40756,7472.478951659332
40757,8091.737677237295
40758,6762.707148910021
40759,5107.959780578295
40760,7841.0435985325075
40761,5584.676176232973
40762,9061.0094155474
40763,7087.910784867132
40764,6454.846211017678
40765,8973.473695596502
40766,6223.558689163914
40767,7471.240896426882
40768,8942.440216667057
40769,5628.486634521048
40770,8869.063241820253
40771,9965.925924907006
40772,7676.869028152259
40773,5769.295065142101
40774,6231.068634733754
40775,4686.423643589183
40776,4604.968233824064
40777,6388.933532645768
40778,7467.004626158623
40779,7914.844141652306
40780,6051.521322550362
40781,7055.059649791079
40782,6154.960858426649
40783,10952.889724549566
40784,7189.513244640131
40785,6702.577552309177
40786,7833.208231593465
40787,7644.541787923255
40788,7966.43550570947
40789,7429.103825050045
40790,7931.021901137741
40791,9476.434102817244
40792,8191.05779963003
40793,8570.484920752793
40794,7975.0319407902225
40795,6213.107489409124
40796,6763.608952275993
40797,9536.46531836868
40798,8473.309462472327
40799,6835.556425322787
40800,14488.75654760806
40801,6448.677689656687
40802,7181.848927533465
40803,6062.3521700226775
40804,9136.469720607609
40805,8813.070739254523
40806,7732.185291975064
40807,8835.505331100427
40808,8698.545293555451
40809,7143.303532050759
40810,8207.894931835075
40811,6359.491034984298
40812,5549.239907983919
40813,6931.408961042405
40814,5537.194743853386
40815,4972.845553538883
40816,9525.786998269656
40817,20281.545599509707
40818,7409.886319757253
40819,5795.46828530345
40820,6446.097960817309
40821,6309.542064296867
40822,7821.44854913221
40823,4311.245668434637
40824,8451.815531889024
40825,8289.793129668285
40826,7417.861582414732
40827,10208.466688461178
40828,11849.907096743935
40829,7667.779179901106
40830,5538.4706978819395
40831,6682.289745558218
40832,6765.372809036151
40833,7704.279149258612
40834,9333.54275372698
40835,5647.893302204297
40836,6488.28438543103
40837,7024.859816961924
40838,7351.630334472641
40839,6198.660120163557
40840,7788.917138790426
40841,6361.785572549979
40842,8629.095156702702
40843,7048.806216582369
40844,7190.235179860748
40845,6001.498443646228
40846,6016.215611076969
40847,7577.13501302938
40848,5487.533091722793
40849,8295.99477196522
40850,6637.470028038964
40851,5466.248403344751
40852,7970.860220896385
40853,6775.4945409565225
40854,7034.566368682035
40855,6388.478334737981
40856,7263.781051005704
40857,7631.320255436266
40858,7061.567729238953
40859,7817.691171259602
40860,5868.143610541303
40861,5768.642978205149
40862,8477.122450133365
40863,7944.737460157024
40864,6338.077568223478
40865,7527.344290059155
40866,11335.69595163274
40867,8524.610911359418
40868,6393.56782775557
40869,6391.426236859372
40870,7410.498352274707
40871,8185.978084168712
40872,7383.430672829487
40873,8534.241752778828
40874,7192.783320289276
40875,7506.72866169097
40876,5542.343636164382
40877,4275.090899620267
40878,6414.51111436364
40879,18000.214370356083
40880,4471.30042483783
40881,6043.027992097418
40882,8331.081247569527
40883,8646.23963337914
40884,7422.913507906472
40885,8582.58601587305
40886,6179.711055084555
40887,8353.880690806382
40888,6301.092437476284
40889,6883.005170956306
40890,5697.063927084373
40891,6402.353818163314
40892,7522.157982964218
40893,5706.540710506626
40894,8349.470426275977
40895,8324.321491223263
40896,6270.915181608535
40897,7553.985985805385
40898,7078.13818653278
40899,4485.605572767135
40900,8647.708474519079
40901,7075.117039876671
40902,6977.031691203601
40903,9872.132184407072
40904,8460.63220665943
40905,8135.024263869314
40906,6256.651455815799
40907,5933.333083067451
40908,6718.98850263097
40909,5171.547582877901
40910,7679.826031233351
40911,5213.710340872548
40912,7180.897884415533
40913,5743.466376771364
40914,8356.073236522161
40915,5792.740922642596
40916,7012.814927948392
40917,6907.6251147932735
40918,8091.375262950673
40919,5957.434894116002
40920,8611.717475944139
40921,6915.5488185596105
40922,6854.098847268208
40923,7864.7671463151655
40924,8839.944733091075
40925,7368.727284927389
40926,7486.306213130251
40927,7719.7646112922685
40928,6474.483007571225
40929,9869.8442679655
40930,8021.169953405055
40931,8228.071753400927
40932,8892.253821753971
40933,9431.959339817822
40934,4786.359751160892
40935,8748.960986351061
40936,8166.5427664849
40937,8799.909569987034
40938,7522.259934053005
40939,8759.426416701763
40940,8807.002390787233
40941,5787.040399197555
40942,6268.15737179854
40943,5693.766051414103
40944,7162.28218668327
40945,7508.067750176716
40946,5819.850441591419
40947,6601.930049503119
40948,8315.550699259578
40949,6720.711956255041
40950,8584.279570192677
40951,7327.375070938309
40952,8023.713007046028
40953,6127.734173321189
40954,6376.381876840293
40955,7260.7324525287395
40956,5943.531621138805
40957,6793.689909132159
40958,8187.713336489007
40959,6735.2047059166425
40960,7130.398378187347
40961,4542.373707679774
40962,8105.088217799312
40963,7650.078713175339
40964,9188.475303853973
40965,6858.981162438194
40966,4103.398224739286
40967,6547.254322527071
40968,9303.884491785904
40969,5577.534403293678
40970,8722.961042757413
40971,8226.161334574308
40972,7616.205996515415
40973,7200.672740279705
40974,4233.951941546114
40975,6912.3092106915865
40976,8224.4038148286
40977,7262.235761204277
40978,8363.212900202769
40979,8747.300927817954
40980,6189.432351453407
40981,7978.853825209906
40982,5301.84442478287
40983,3476.0537825182123
40984,7781.872128259594
40985,11131.706209815244
40986,7272.185150573289
40987,6322.53038977603
40988,4883.1808562775195
40989,6152.917734235265
40990,9722.955584470206
40991,6585.363710482199
40992,8482.232195102973
40993,5298.170624657567
40994,5568.639921976076
40995,5676.470297098553
40996,6217.233936217679
40997,5637.601687371389
40998,5251.987598481619
40999,7889.127369769885
41000,4830.437659547577
41001,8554.05160231009
41002,6449.903209573857
41003,7460.370324174726
41004,6322.53038977603
41005,8325.710495694924
41006,7317.049720964426
41007,5309.637075378524
41008,8451.145442449593
41009,7399.702139090128
41010,8493.246107214349
41011,3768.4692317843073
41012,9741.08731089413
41013,7718.527434998066
41014,7087.396461612947
41015,8453.367415534933
41016,9844.409620164159
41017,8162.78397478199
41018,7893.083819889197
41019,6639.233314781598
41020,9044.334155180863
41021,12187.959604137752
41022,5666.805699127152
41023,6961.54973065555
41024,7740.601099614624
41025,8860.813751768173
41026,7638.00464615944
41027,9727.351654414106
41028,7911.534734797262
41029,7662.694924489795
41030,5342.663999241485
41031,7821.980737199658
41032,7511.763100515785
41033,5612.738355511703
41034,8292.970217542865
41035,5020.262764609645
41036,8157.779025259404
41037,7209.780173135924
41038,7320.5239274799505
41039,8354.765670941099
41040,6793.513267868148
41041,7699.124991351989
41042,8318.785326013121
41043,7904.241869372143
41044,8762.358476548017
41045,7307.031144253651
41046,8625.45383518082
41047,7080.614357715392
41048,7650.313687829991
41049,9371.750222364139
41050,5017.689699647794
41051,8503.27519636969
41052,8174.919938348017
41053,7158.94964193819
41054,8513.450949429855
41055,5591.74175877032
41056,7012.748367673047
41057,8015.684976898698
41058,4925.5939240283715
41059,4480.103342358743
41060,8417.003575040188
41061,7423.172122722706
41062,10350.796384821204
41063,7396.689006356115
41064,6599.9863039457305
41065,6335.329678765514
41066,7978.412416384799
41067,5388.019022150335
41068,10352.878197409927
41069,8281.777226077687
41070,13635.868333808352
41071,7356.5223218626
41072,6390.2820047795185
41073,10747.234067949814
41074,8852.280961782635
41075,5047.558178840613
41076,9856.29659919154
41077,7507.527732639437
41078,7164.345686347099
41079,6706.201740298711
41080,6159.706693990319
41081,5869.385411665374
41082,5563.163970266531
41083,6393.9469357541175
41084,4677.462708707349
41085,9989.862979242507
41086,7524.588476201145
41087,28364.0358334065
41088,9220.103084934362
